"RelPath","SizeBytes","LastModified"
".pytest_cache\.gitignore","39","2026-05-14 18:17:21"
".pytest_cache\CACHEDIR.TAG","191","2026-05-14 18:17:21"
".pytest_cache\README.md","310","2026-05-14 18:17:21"
".pytest_cache\v\cache\lastfailed","9443","2026-05-14 22:24:18"
".pytest_cache\v\cache\nodeids","9625","2026-05-15 00:02:00"
".venv\Lib\site-packages\_pytest\__init__.py","391","2026-05-14 22:15:20"
".venv\Lib\site-packages\_pytest\_argcomplete.py","3776","2026-05-14 22:15:20"
".venv\Lib\site-packages\_pytest\_code\__init__.py","521","2026-05-14 22:15:20"
".venv\Lib\site-packages\_pytest\_code\code.py","56126","2026-05-14 22:15:20"
".venv\Lib\site-packages\_pytest\_code\source.py","7772","2026-05-14 22:15:20"
".venv\Lib\site-packages\_pytest\_io\__init__.py","190","2026-05-14 22:15:20"
".venv\Lib\site-packages\_pytest\_io\pprint.py","19622","2026-05-14 22:15:20"
".venv\Lib\site-packages\_pytest\_io\saferepr.py","4082","2026-05-14 22:15:20"
".venv\Lib\site-packages\_pytest\_io\terminalwriter.py","8994","2026-05-14 22:15:20"
".venv\Lib\site-packages\_pytest\_io\wcwidth.py","1289","2026-05-14 22:15:20"
".venv\Lib\site-packages\_pytest\_py\__init__.py","0","2026-05-14 22:15:20"
".venv\Lib\site-packages\_pytest\_py\error.py","3475","2026-05-14 22:15:20"
".venv\Lib\site-packages\_pytest\_py\path.py","49229","2026-05-14 22:15:20"
".venv\Lib\site-packages\_pytest\_version.py","520","2026-05-14 22:15:20"
".venv\Lib\site-packages\_pytest\assertion\__init__.py","7120","2026-05-14 22:15:20"
".venv\Lib\site-packages\_pytest\assertion\rewrite.py","48206","2026-05-14 22:15:20"
".venv\Lib\site-packages\_pytest\assertion\truncate.py","5438","2026-05-14 22:15:20"
".venv\Lib\site-packages\_pytest\assertion\util.py","20561","2026-05-14 22:15:20"
".venv\Lib\site-packages\_pytest\cacheprovider.py","23149","2026-05-14 22:15:20"
".venv\Lib\site-packages\_pytest\capture.py","36829","2026-05-14 22:15:20"
".venv\Lib\site-packages\_pytest\compat.py","10254","2026-05-14 22:15:20"
".venv\Lib\site-packages\_pytest\config\__init__.py","79300","2026-05-14 22:15:20"
".venv\Lib\site-packages\_pytest\config\argparsing.py","20439","2026-05-14 22:15:20"
".venv\Lib\site-packages\_pytest\config\compat.py","2947","2026-05-14 22:15:20"
".venv\Lib\site-packages\_pytest\config\exceptions.py","315","2026-05-14 22:15:20"
".venv\Lib\site-packages\_pytest\config\findpaths.py","12878","2026-05-14 22:15:20"
".venv\Lib\site-packages\_pytest\debugging.py","13947","2026-05-14 22:15:20"
".venv\Lib\site-packages\_pytest\deprecated.py","3611","2026-05-14 22:15:20"
".venv\Lib\site-packages\_pytest\doctest.py","25478","2026-05-14 22:15:20"
".venv\Lib\site-packages\_pytest\faulthandler.py","4250","2026-05-14 22:15:20"
".venv\Lib\site-packages\_pytest\fixtures.py","78681","2026-05-14 22:15:20"
".venv\Lib\site-packages\_pytest\freeze_support.py","1300","2026-05-14 22:15:20"
".venv\Lib\site-packages\_pytest\helpconfig.py","10019","2026-05-14 22:15:20"
".venv\Lib\site-packages\_pytest\hookspec.py","43019","2026-05-14 22:15:20"
".venv\Lib\site-packages\_pytest\junitxml.py","25522","2026-05-14 22:15:20"
".venv\Lib\site-packages\_pytest\legacypath.py","16588","2026-05-14 22:15:20"
".venv\Lib\site-packages\_pytest\logging.py","35234","2026-05-14 22:15:20"
".venv\Lib\site-packages\_pytest\main.py","42435","2026-05-14 22:15:20"
".venv\Lib\site-packages\_pytest\mark\__init__.py","9870","2026-05-14 22:15:20"
".venv\Lib\site-packages\_pytest\mark\expression.py","11244","2026-05-14 22:15:20"
".venv\Lib\site-packages\_pytest\mark\structures.py","23073","2026-05-14 22:15:20"
".venv\Lib\site-packages\_pytest\monkeypatch.py","15500","2026-05-14 22:15:20"
".venv\Lib\site-packages\_pytest\nodes.py","26540","2026-05-14 22:15:20"
".venv\Lib\site-packages\_pytest\outcomes.py","10108","2026-05-14 22:15:20"
".venv\Lib\site-packages\_pytest\pastebin.py","4155","2026-05-14 22:15:20"
".venv\Lib\site-packages\_pytest\pathlib.py","37879","2026-05-14 22:15:20"
".venv\Lib\site-packages\_pytest\py.typed","0","2026-05-14 22:15:20"
".venv\Lib\site-packages\_pytest\pytester_assertions.py","2253","2026-05-14 22:15:20"
".venv\Lib\site-packages\_pytest\pytester.py","62389","2026-05-14 22:15:20"
".venv\Lib\site-packages\_pytest\python_api.py","31707","2026-05-14 22:15:20"
".venv\Lib\site-packages\_pytest\python.py","68754","2026-05-14 22:15:20"
".venv\Lib\site-packages\_pytest\raises.py","60082","2026-05-14 22:15:20"
".venv\Lib\site-packages\_pytest\recwarn.py","13386","2026-05-14 22:15:20"
".venv\Lib\site-packages\_pytest\reports.py","23230","2026-05-14 22:15:20"
".venv\Lib\site-packages\_pytest\runner.py","19785","2026-05-14 22:15:20"
".venv\Lib\site-packages\_pytest\scope.py","2738","2026-05-14 22:15:20"
".venv\Lib\site-packages\_pytest\setuponly.py","3167","2026-05-14 22:15:20"
".venv\Lib\site-packages\_pytest\setupplan.py","1184","2026-05-14 22:15:20"
".venv\Lib\site-packages\_pytest\skipping.py","10810","2026-05-14 22:15:20"
".venv\Lib\site-packages\_pytest\stash.py","3090","2026-05-14 22:15:20"
".venv\Lib\site-packages\_pytest\stepwise.py","7689","2026-05-14 22:15:20"
".venv\Lib\site-packages\_pytest\subtests.py","13241","2026-05-14 22:15:20"
".venv\Lib\site-packages\_pytest\terminal.py","64444","2026-05-14 22:15:20"
".venv\Lib\site-packages\_pytest\terminalprogress.py","1153","2026-05-14 22:15:20"
".venv\Lib\site-packages\_pytest\threadexception.py","4953","2026-05-14 22:15:20"
".venv\Lib\site-packages\_pytest\timing.py","3108","2026-05-14 22:15:20"
".venv\Lib\site-packages\_pytest\tmpdir.py","12526","2026-05-14 22:15:20"
".venv\Lib\site-packages\_pytest\tracemalloc.py","778","2026-05-14 22:15:20"
".venv\Lib\site-packages\_pytest\unittest.py","24485","2026-05-14 22:15:20"
".venv\Lib\site-packages\_pytest\unraisableexception.py","5179","2026-05-14 22:15:20"
".venv\Lib\site-packages\_pytest\warning_types.py","4398","2026-05-14 22:15:20"
".venv\Lib\site-packages\_pytest\warnings.py","5194","2026-05-14 22:15:20"
".venv\Lib\site-packages\colorama-0.4.6.dist-info\INSTALLER","4","2026-05-14 22:15:01"
".venv\Lib\site-packages\colorama-0.4.6.dist-info\licenses\LICENSE.txt","1491","2026-05-14 22:15:00"
".venv\Lib\site-packages\colorama-0.4.6.dist-info\METADATA","17158","2026-05-14 22:15:00"
".venv\Lib\site-packages\colorama-0.4.6.dist-info\RECORD","2174","2026-05-14 22:15:01"
".venv\Lib\site-packages\colorama-0.4.6.dist-info\WHEEL","105","2026-05-14 22:15:00"
".venv\Lib\site-packages\colorama\__init__.py","266","2026-05-14 22:15:00"
".venv\Lib\site-packages\colorama\ansi.py","2522","2026-05-14 22:15:00"
".venv\Lib\site-packages\colorama\ansitowin32.py","11128","2026-05-14 22:15:00"
".venv\Lib\site-packages\colorama\initialise.py","3325","2026-05-14 22:15:00"
".venv\Lib\site-packages\colorama\tests\__init__.py","75","2026-05-14 22:15:00"
".venv\Lib\site-packages\colorama\tests\ansi_test.py","2839","2026-05-14 22:15:00"
".venv\Lib\site-packages\colorama\tests\ansitowin32_test.py","10678","2026-05-14 22:15:00"
".venv\Lib\site-packages\colorama\tests\initialise_test.py","6741","2026-05-14 22:15:00"
".venv\Lib\site-packages\colorama\tests\isatty_test.py","1866","2026-05-14 22:15:00"
".venv\Lib\site-packages\colorama\tests\utils.py","1079","2026-05-14 22:15:00"
".venv\Lib\site-packages\colorama\tests\winterm_test.py","3709","2026-05-14 22:15:00"
".venv\Lib\site-packages\colorama\win32.py","6181","2026-05-14 22:15:00"
".venv\Lib\site-packages\colorama\winterm.py","7134","2026-05-14 22:15:00"
".venv\Lib\site-packages\dateutil\__init__.py","620","2026-05-14 22:15:20"
".venv\Lib\site-packages\dateutil\_common.py","932","2026-05-14 22:15:20"
".venv\Lib\site-packages\dateutil\_version.py","166","2026-05-14 22:15:20"
".venv\Lib\site-packages\dateutil\easter.py","2678","2026-05-14 22:15:20"
".venv\Lib\site-packages\dateutil\parser\__init__.py","1766","2026-05-14 22:15:20"
".venv\Lib\site-packages\dateutil\parser\_parser.py","58796","2026-05-14 22:15:20"
".venv\Lib\site-packages\dateutil\parser\isoparser.py","13233","2026-05-14 22:15:20"
".venv\Lib\site-packages\dateutil\relativedelta.py","24903","2026-05-14 22:15:20"
".venv\Lib\site-packages\dateutil\rrule.py","66557","2026-05-14 22:15:20"
".venv\Lib\site-packages\dateutil\tz\__init__.py","444","2026-05-14 22:15:20"
".venv\Lib\site-packages\dateutil\tz\_common.py","12977","2026-05-14 22:15:20"
".venv\Lib\site-packages\dateutil\tz\_factories.py","2569","2026-05-14 22:15:20"
".venv\Lib\site-packages\dateutil\tz\tz.py","62855","2026-05-14 22:15:20"
".venv\Lib\site-packages\dateutil\tz\win.py","12935","2026-05-14 22:15:20"
".venv\Lib\site-packages\dateutil\tzwin.py","59","2026-05-14 22:15:20"
".venv\Lib\site-packages\dateutil\utils.py","1965","2026-05-14 22:15:20"
".venv\Lib\site-packages\dateutil\zoneinfo\__init__.py","5889","2026-05-14 22:15:20"
".venv\Lib\site-packages\dateutil\zoneinfo\dateutil-zoneinfo.tar.gz","156400","2026-05-14 22:15:20"
".venv\Lib\site-packages\dateutil\zoneinfo\rebuild.py","2392","2026-05-14 22:15:20"
".venv\Lib\site-packages\h5py-3.16.0.dist-info\INSTALLER","4","2026-05-14 22:15:22"
".venv\Lib\site-packages\h5py-3.16.0.dist-info\licenses\LICENSE","1550","2026-05-14 22:15:21"
".venv\Lib\site-packages\h5py-3.16.0.dist-info\licenses\licenses\hdf5.txt","3835","2026-05-14 22:15:21"
".venv\Lib\site-packages\h5py-3.16.0.dist-info\licenses\licenses\license.txt","1773","2026-05-14 22:15:21"
".venv\Lib\site-packages\h5py-3.16.0.dist-info\licenses\licenses\pytables.txt","1673","2026-05-14 22:15:21"
".venv\Lib\site-packages\h5py-3.16.0.dist-info\licenses\licenses\python.txt","2547","2026-05-14 22:15:21"
".venv\Lib\site-packages\h5py-3.16.0.dist-info\licenses\licenses\stdint.txt","1419","2026-05-14 22:15:21"
".venv\Lib\site-packages\h5py-3.16.0.dist-info\licenses\lzf\LICENSE.txt","1589","2026-05-14 22:15:21"
".venv\Lib\site-packages\h5py-3.16.0.dist-info\METADATA","3071","2026-05-14 22:15:21"
".venv\Lib\site-packages\h5py-3.16.0.dist-info\RECORD","12315","2026-05-14 22:15:22"
".venv\Lib\site-packages\h5py-3.16.0.dist-info\REQUESTED","0","2026-05-14 22:15:22"
".venv\Lib\site-packages\h5py-3.16.0.dist-info\top_level.txt","5","2026-05-14 22:15:21"
".venv\Lib\site-packages\h5py-3.16.0.dist-info\WHEEL","101","2026-05-14 22:15:21"
".venv\Lib\site-packages\h5py\__init__.py","3820","2026-05-14 22:15:21"
".venv\Lib\site-packages\h5py\_conv.cp312-win_amd64.pyd","172544","2026-05-14 22:15:21"
".venv\Lib\site-packages\h5py\_errors.cp312-win_amd64.pyd","49152","2026-05-14 22:15:21"
".venv\Lib\site-packages\h5py\_hl\__init__.py","472","2026-05-14 22:15:21"
".venv\Lib\site-packages\h5py\_hl\attrs.py","10486","2026-05-14 22:15:21"
".venv\Lib\site-packages\h5py\_hl\base.py","16236","2026-05-14 22:15:21"
".venv\Lib\site-packages\h5py\_hl\compat.py","1569","2026-05-14 22:15:21"
".venv\Lib\site-packages\h5py\_hl\dataset.py","46543","2026-05-14 22:15:21"
".venv\Lib\site-packages\h5py\_hl\datatype.py","1603","2026-05-14 22:15:21"
".venv\Lib\site-packages\h5py\_hl\dims.py","5290","2026-05-14 22:15:21"
".venv\Lib\site-packages\h5py\_hl\files.py","25806","2026-05-14 22:15:21"
".venv\Lib\site-packages\h5py\_hl\filters.py","15016","2026-05-14 22:15:21"
".venv\Lib\site-packages\h5py\_hl\group.py","35219","2026-05-14 22:15:21"
".venv\Lib\site-packages\h5py\_hl\selections.py","15126","2026-05-14 22:15:21"
".venv\Lib\site-packages\h5py\_hl\selections2.py","2826","2026-05-14 22:15:21"
".venv\Lib\site-packages\h5py\_hl\vds.py","9718","2026-05-14 22:15:21"
".venv\Lib\site-packages\h5py\_npystrings.cp312-win_amd64.pyd","49664","2026-05-14 22:15:21"
".venv\Lib\site-packages\h5py\_objects.cp312-win_amd64.pyd","124416","2026-05-14 22:15:21"
".venv\Lib\site-packages\h5py\_proxy.cp312-win_amd64.pyd","46080","2026-05-14 22:15:21"
".venv\Lib\site-packages\h5py\_selector.cp312-win_amd64.pyd","130048","2026-05-14 22:15:21"
".venv\Lib\site-packages\h5py\defs.cp312-win_amd64.pyd","149504","2026-05-14 22:15:21"
".venv\Lib\site-packages\h5py\h5.cp312-win_amd64.pyd","82944","2026-05-14 22:15:21"
".venv\Lib\site-packages\h5py\h5a.cp312-win_amd64.pyd","113664","2026-05-14 22:15:21"
".venv\Lib\site-packages\h5py\h5ac.cp312-win_amd64.pyd","54784","2026-05-14 22:15:21"
".venv\Lib\site-packages\h5py\h5d.cp312-win_amd64.pyd","223744","2026-05-14 22:15:21"
".venv\Lib\site-packages\h5py\h5ds.cp312-win_amd64.pyd","72704","2026-05-14 22:15:21"
".venv\Lib\site-packages\h5py\h5f.cp312-win_amd64.pyd","123392","2026-05-14 22:15:21"
".venv\Lib\site-packages\h5py\h5fd.cp312-win_amd64.pyd","135168","2026-05-14 22:15:21"
".venv\Lib\site-packages\h5py\h5g.cp312-win_amd64.pyd","134144","2026-05-14 22:15:21"
".venv\Lib\site-packages\h5py\h5i.cp312-win_amd64.pyd","57856","2026-05-14 22:15:21"
".venv\Lib\site-packages\h5py\h5l.cp312-win_amd64.pyd","93184","2026-05-14 22:15:21"
".venv\Lib\site-packages\h5py\h5o.cp312-win_amd64.pyd","113152","2026-05-14 22:15:21"
".venv\Lib\site-packages\h5py\h5p.cp312-win_amd64.pyd","309248","2026-05-14 22:15:21"
".venv\Lib\site-packages\h5py\h5pl.cp312-win_amd64.pyd","45056","2026-05-14 22:15:21"
".venv\Lib\site-packages\h5py\h5py_warnings.py","544","2026-05-14 22:15:21"
".venv\Lib\site-packages\h5py\h5r.cp312-win_amd64.pyd","64000","2026-05-14 22:15:21"
".venv\Lib\site-packages\h5py\h5s.cp312-win_amd64.pyd","115712","2026-05-14 22:15:21"
".venv\Lib\site-packages\h5py\h5t.cp312-win_amd64.pyd","335872","2026-05-14 22:15:21"
".venv\Lib\site-packages\h5py\h5z.cp312-win_amd64.pyd","51712","2026-05-14 22:15:21"
".venv\Lib\site-packages\h5py\hdf5_hl.dll","127488","2026-05-14 22:15:21"
".venv\Lib\site-packages\h5py\hdf5.dll","4066816","2026-05-14 22:15:21"
".venv\Lib\site-packages\h5py\ipy_completer.py","3889","2026-05-14 22:15:21"
".venv\Lib\site-packages\h5py\tests\__init__.py","634","2026-05-14 22:15:21"
".venv\Lib\site-packages\h5py\tests\common.py","9555","2026-05-14 22:15:21"
".venv\Lib\site-packages\h5py\tests\conftest.py","567","2026-05-14 22:15:21"
".venv\Lib\site-packages\h5py\tests\data_files\__init__.py","200","2026-05-14 22:15:21"
".venv\Lib\site-packages\h5py\tests\data_files\compound-dtype-complex.h5","13792","2026-05-14 22:15:21"
".venv\Lib\site-packages\h5py\tests\data_files\vlen_string_dset_utc.h5","169904","2026-05-14 22:15:21"
".venv\Lib\site-packages\h5py\tests\data_files\vlen_string_dset.h5","6304","2026-05-14 22:15:21"
".venv\Lib\site-packages\h5py\tests\data_files\vlen_string_s390x.h5","9008","2026-05-14 22:15:21"
".venv\Lib\site-packages\h5py\tests\test_attribute_create.py","3281","2026-05-14 22:15:21"
".venv\Lib\site-packages\h5py\tests\test_attrs_data.py","10474","2026-05-14 22:15:21"
".venv\Lib\site-packages\h5py\tests\test_attrs.py","9968","2026-05-14 22:15:21"
".venv\Lib\site-packages\h5py\tests\test_base.py","4121","2026-05-14 22:15:21"
".venv\Lib\site-packages\h5py\tests\test_big_endian_file.py","1519","2026-05-14 22:15:21"
".venv\Lib\site-packages\h5py\tests\test_completions.py","1953","2026-05-14 22:15:21"
".venv\Lib\site-packages\h5py\tests\test_dataset_getitem.py","21692","2026-05-14 22:15:21"
".venv\Lib\site-packages\h5py\tests\test_dataset_swmr.py","4182","2026-05-14 22:15:21"
".venv\Lib\site-packages\h5py\tests\test_dataset.py","91114","2026-05-14 22:15:21"
".venv\Lib\site-packages\h5py\tests\test_datatype.py","1132","2026-05-14 22:15:21"
".venv\Lib\site-packages\h5py\tests\test_dimension_scales.py","8650","2026-05-14 22:15:21"
".venv\Lib\site-packages\h5py\tests\test_dims_dimensionproxy.py","613","2026-05-14 22:15:21"
".venv\Lib\site-packages\h5py\tests\test_dtype.py","20680","2026-05-14 22:15:21"
".venv\Lib\site-packages\h5py\tests\test_errors.py","2458","2026-05-14 22:15:21"
".venv\Lib\site-packages\h5py\tests\test_file_alignment.py","4594","2026-05-14 22:15:21"
".venv\Lib\site-packages\h5py\tests\test_file_image.py","2063","2026-05-14 22:15:21"
".venv\Lib\site-packages\h5py\tests\test_file.py","36344","2026-05-14 22:15:21"
".venv\Lib\site-packages\h5py\tests\test_file2.py","11497","2026-05-14 22:15:21"
".venv\Lib\site-packages\h5py\tests\test_filters.py","3316","2026-05-14 22:15:21"
".venv\Lib\site-packages\h5py\tests\test_group.py","50233","2026-05-14 22:15:21"
".venv\Lib\site-packages\h5py\tests\test_h5.py","1261","2026-05-14 22:15:21"
".venv\Lib\site-packages\h5py\tests\test_h5d_direct_chunk.py","7996","2026-05-14 22:15:21"
".venv\Lib\site-packages\h5py\tests\test_h5f.py","4037","2026-05-14 22:15:21"
".venv\Lib\site-packages\h5py\tests\test_h5o.py","542","2026-05-14 22:15:21"
".venv\Lib\site-packages\h5py\tests\test_h5p.py","8327","2026-05-14 22:15:21"
".venv\Lib\site-packages\h5py\tests\test_h5pl.py","1915","2026-05-14 22:15:21"
".venv\Lib\site-packages\h5py\tests\test_h5s.py","2215","2026-05-14 22:15:21"
".venv\Lib\site-packages\h5py\tests\test_h5t.py","6783","2026-05-14 22:15:21"
".venv\Lib\site-packages\h5py\tests\test_h5z.py","2058","2026-05-14 22:15:21"
".venv\Lib\site-packages\h5py\tests\test_native_complex.py","5833","2026-05-14 22:15:21"
".venv\Lib\site-packages\h5py\tests\test_npystrings.py","6032","2026-05-14 22:15:21"
".venv\Lib\site-packages\h5py\tests\test_objects.py","3135","2026-05-14 22:15:21"
".venv\Lib\site-packages\h5py\tests\test_ros3.py","3490","2026-05-14 22:15:21"
".venv\Lib\site-packages\h5py\tests\test_selections.py","5033","2026-05-14 22:15:21"
".venv\Lib\site-packages\h5py\tests\test_slicing.py","14579","2026-05-14 22:15:21"
".venv\Lib\site-packages\h5py\tests\test_vds\__init__.py","107","2026-05-14 22:15:21"
".venv\Lib\site-packages\h5py\tests\test_vds\test_highlevel_vds.py","18334","2026-05-14 22:15:21"
".venv\Lib\site-packages\h5py\tests\test_vds\test_lowlevel_vds.py","12232","2026-05-14 22:15:21"
".venv\Lib\site-packages\h5py\tests\test_vds\test_virtual_source.py","6221","2026-05-14 22:15:21"
".venv\Lib\site-packages\h5py\utils.cp312-win_amd64.pyd","55296","2026-05-14 22:15:21"
".venv\Lib\site-packages\h5py\version.py","1976","2026-05-14 22:15:21"
".venv\Lib\site-packages\h5py\z.dll","85504","2026-05-14 22:15:21"
".venv\Lib\site-packages\iniconfig-2.3.0.dist-info\INSTALLER","4","2026-05-14 22:15:00"
".venv\Lib\site-packages\iniconfig-2.3.0.dist-info\licenses\LICENSE","1098","2026-05-14 22:15:00"
".venv\Lib\site-packages\iniconfig-2.3.0.dist-info\METADATA","2526","2026-05-14 22:15:00"
".venv\Lib\site-packages\iniconfig-2.3.0.dist-info\RECORD","1087","2026-05-14 22:15:00"
".venv\Lib\site-packages\iniconfig-2.3.0.dist-info\top_level.txt","10","2026-05-14 22:15:00"
".venv\Lib\site-packages\iniconfig-2.3.0.dist-info\WHEEL","91","2026-05-14 22:15:00"
".venv\Lib\site-packages\iniconfig\__init__.py","7497","2026-05-14 22:15:00"
".venv\Lib\site-packages\iniconfig\_parse.py","5223","2026-05-14 22:15:00"
".venv\Lib\site-packages\iniconfig\_version.py","704","2026-05-14 22:15:00"
".venv\Lib\site-packages\iniconfig\exceptions.py","399","2026-05-14 22:15:00"
".venv\Lib\site-packages\iniconfig\py.typed","0","2026-05-14 22:15:00"
".venv\Lib\site-packages\numpy-2.4.4.dist-info\DELVEWHEEL","462","2026-05-14 22:14:53"
".venv\Lib\site-packages\numpy-2.4.4.dist-info\entry_points.txt","220","2026-05-14 22:14:53"
".venv\Lib\site-packages\numpy-2.4.4.dist-info\INSTALLER","4","2026-05-14 22:15:00"
".venv\Lib\site-packages\numpy-2.4.4.dist-info\licenses\LICENSE.txt","45831","2026-05-14 22:14:53"
".venv\Lib\site-packages\numpy-2.4.4.dist-info\licenses\numpy\_core\include\numpy\libdivide\LICENSE.txt","1039","2026-05-14 22:14:53"
".venv\Lib\site-packages\numpy-2.4.4.dist-info\licenses\numpy\_core\src\common\pythoncapi-compat\COPYING","704","2026-05-14 22:14:53"
".venv\Lib\site-packages\numpy-2.4.4.dist-info\licenses\numpy\_core\src\highway\LICENSE","21155","2026-05-14 22:14:53"
".venv\Lib\site-packages\numpy-2.4.4.dist-info\licenses\numpy\_core\src\multiarray\dragon4_LICENSE.txt","1441","2026-05-14 22:14:53"
".venv\Lib\site-packages\numpy-2.4.4.dist-info\licenses\numpy\_core\src\npysort\x86-simd-sort\LICENSE.md","1542","2026-05-14 22:14:53"
".venv\Lib\site-packages\numpy-2.4.4.dist-info\licenses\numpy\_core\src\umath\svml\LICENSE","1573","2026-05-14 22:14:53"
".venv\Lib\site-packages\numpy-2.4.4.dist-info\licenses\numpy\fft\pocketfft\LICENSE.md","1523","2026-05-14 22:14:53"
".venv\Lib\site-packages\numpy-2.4.4.dist-info\licenses\numpy\linalg\lapack_lite\LICENSE.txt","2314","2026-05-14 22:14:53"
".venv\Lib\site-packages\numpy-2.4.4.dist-info\licenses\numpy\ma\LICENSE","1616","2026-05-14 22:14:53"
".venv\Lib\site-packages\numpy-2.4.4.dist-info\licenses\numpy\random\LICENSE.md","3582","2026-05-14 22:14:53"
".venv\Lib\site-packages\numpy-2.4.4.dist-info\licenses\numpy\random\src\distributions\LICENSE.md","2805","2026-05-14 22:14:53"
".venv\Lib\site-packages\numpy-2.4.4.dist-info\licenses\numpy\random\src\mt19937\LICENSE.md","2986","2026-05-14 22:14:53"
".venv\Lib\site-packages\numpy-2.4.4.dist-info\licenses\numpy\random\src\pcg64\LICENSE.md","1176","2026-05-14 22:14:53"
".venv\Lib\site-packages\numpy-2.4.4.dist-info\licenses\numpy\random\src\philox\LICENSE.md","1540","2026-05-14 22:14:53"
".venv\Lib\site-packages\numpy-2.4.4.dist-info\licenses\numpy\random\src\sfc64\LICENSE.md","1253","2026-05-14 22:14:53"
".venv\Lib\site-packages\numpy-2.4.4.dist-info\licenses\numpy\random\src\splitmix64\LICENSE.md","340","2026-05-14 22:14:53"
".venv\Lib\site-packages\numpy-2.4.4.dist-info\METADATA","6608","2026-05-14 22:14:53"
".venv\Lib\site-packages\numpy-2.4.4.dist-info\RECORD","112208","2026-05-14 22:15:00"
".venv\Lib\site-packages\numpy-2.4.4.dist-info\REQUESTED","0","2026-05-14 22:15:00"
".venv\Lib\site-packages\numpy-2.4.4.dist-info\WHEEL","85","2026-05-14 22:14:53"
".venv\Lib\site-packages\numpy.libs\libscipy_openblas64_-63c857e738469261263c764a36be9436.dll","20415488","2026-05-14 22:14:53"
".venv\Lib\site-packages\numpy.libs\msvcp140-a4c2229bdc2a2a630acdc095b4d86008.dll","575056","2026-05-14 22:14:53"
".venv\Lib\site-packages\numpy\__config__.py","5749","2026-05-14 22:14:50"
".venv\Lib\site-packages\numpy\__config__.pyi","2486","2026-05-14 22:14:50"
".venv\Lib\site-packages\numpy\__init__.cython-30.pxd","48396","2026-05-14 22:14:50"
".venv\Lib\site-packages\numpy\__init__.pxd","44944","2026-05-14 22:14:50"
".venv\Lib\site-packages\numpy\__init__.py","27212","2026-05-14 22:14:50"
".venv\Lib\site-packages\numpy\__init__.pyi","242576","2026-05-14 22:14:50"
".venv\Lib\site-packages\numpy\_array_api_info.py","10731","2026-05-14 22:14:50"
".venv\Lib\site-packages\numpy\_array_api_info.pyi","5068","2026-05-14 22:14:50"
".venv\Lib\site-packages\numpy\_configtool.py","1046","2026-05-14 22:14:50"
".venv\Lib\site-packages\numpy\_configtool.pyi","25","2026-05-14 22:14:50"
".venv\Lib\site-packages\numpy\_core\__init__.py","6865","2026-05-14 22:14:52"
".venv\Lib\site-packages\numpy\_core\__init__.pyi","10639","2026-05-14 22:14:52"
".venv\Lib\site-packages\numpy\_core\_add_newdocs_scalars.py","13314","2026-05-14 22:14:52"
".venv\Lib\site-packages\numpy\_core\_add_newdocs_scalars.pyi","565","2026-05-14 22:14:52"
".venv\Lib\site-packages\numpy\_core\_add_newdocs.py","223247","2026-05-14 22:14:52"
".venv\Lib\site-packages\numpy\_core\_add_newdocs.pyi","136","2026-05-14 22:14:52"
".venv\Lib\site-packages\numpy\_core\_asarray.py","4024","2026-05-14 22:14:52"
".venv\Lib\site-packages\numpy\_core\_asarray.pyi","1190","2026-05-14 22:14:52"
".venv\Lib\site-packages\numpy\_core\_dtype_ctypes.py","3846","2026-05-14 22:14:52"
".venv\Lib\site-packages\numpy\_core\_dtype_ctypes.pyi","3765","2026-05-14 22:14:52"
".venv\Lib\site-packages\numpy\_core\_dtype.py","10913","2026-05-14 22:14:52"
".venv\Lib\site-packages\numpy\_core\_dtype.pyi","1888","2026-05-14 22:14:52"
".venv\Lib\site-packages\numpy\_core\_exceptions.py","5321","2026-05-14 22:14:52"
".venv\Lib\site-packages\numpy\_core\_exceptions.pyi","1904","2026-05-14 22:14:52"
".venv\Lib\site-packages\numpy\_core\_internal.py","30405","2026-05-14 22:14:52"
".venv\Lib\site-packages\numpy\_core\_internal.pyi","2212","2026-05-14 22:14:52"
".venv\Lib\site-packages\numpy\_core\_methods.py","9645","2026-05-14 22:14:52"
".venv\Lib\site-packages\numpy\_core\_methods.pyi","548","2026-05-14 22:14:52"
".venv\Lib\site-packages\numpy\_core\_multiarray_tests.cp312-win_amd64.lib","2418","2026-05-14 22:14:52"
".venv\Lib\site-packages\numpy\_core\_multiarray_tests.cp312-win_amd64.pyd","65536","2026-05-14 22:14:52"
".venv\Lib\site-packages\numpy\_core\_multiarray_umath.cp312-win_amd64.lib","2192","2026-05-14 22:14:52"
".venv\Lib\site-packages\numpy\_core\_multiarray_umath.cp312-win_amd64.pyd","3714560","2026-05-14 22:14:52"
".venv\Lib\site-packages\numpy\_core\_operand_flag_tests.cp312-win_amd64.lib","2228","2026-05-14 22:14:52"
".venv\Lib\site-packages\numpy\_core\_operand_flag_tests.cp312-win_amd64.pyd","12288","2026-05-14 22:14:52"
".venv\Lib\site-packages\numpy\_core\_rational_tests.cp312-win_amd64.lib","2156","2026-05-14 22:14:52"
".venv\Lib\site-packages\numpy\_core\_rational_tests.cp312-win_amd64.pyd","39936","2026-05-14 22:14:52"
".venv\Lib\site-packages\numpy\_core\_simd.cp312-win_amd64.lib","1976","2026-05-14 22:14:52"
".venv\Lib\site-packages\numpy\_core\_simd.cp312-win_amd64.pyd","832000","2026-05-14 22:14:52"
".venv\Lib\site-packages\numpy\_core\_simd.pyi","1013","2026-05-14 22:14:52"
".venv\Lib\site-packages\numpy\_core\_string_helpers.py","2945","2026-05-14 22:14:52"
".venv\Lib\site-packages\numpy\_core\_string_helpers.pyi","370","2026-05-14 22:14:52"
".venv\Lib\site-packages\numpy\_core\_struct_ufunc_tests.cp312-win_amd64.lib","2228","2026-05-14 22:14:52"
".venv\Lib\site-packages\numpy\_core\_struct_ufunc_tests.cp312-win_amd64.pyd","14336","2026-05-14 22:14:52"
".venv\Lib\site-packages\numpy\_core\_type_aliases.py","3886","2026-05-14 22:14:52"
".venv\Lib\site-packages\numpy\_core\_type_aliases.pyi","2306","2026-05-14 22:14:52"
".venv\Lib\site-packages\numpy\_core\_ufunc_config.py","16126","2026-05-14 22:14:52"
".venv\Lib\site-packages\numpy\_core\_ufunc_config.pyi","1930","2026-05-14 22:14:52"
".venv\Lib\site-packages\numpy\_core\_umath_tests.cp312-win_amd64.lib","2104","2026-05-14 22:14:52"
".venv\Lib\site-packages\numpy\_core\_umath_tests.cp312-win_amd64.pyd","33280","2026-05-14 22:14:52"
".venv\Lib\site-packages\numpy\_core\_umath_tests.pyi","2344","2026-05-14 22:14:52"
".venv\Lib\site-packages\numpy\_core\arrayprint.py","67050","2026-05-14 22:14:52"
".venv\Lib\site-packages\numpy\_core\arrayprint.pyi","4688","2026-05-14 22:14:52"
".venv\Lib\site-packages\numpy\_core\cversions.py","360","2026-05-14 22:14:52"
".venv\Lib\site-packages\numpy\_core\defchararray.py","39231","2026-05-14 22:14:52"
".venv\Lib\site-packages\numpy\_core\defchararray.pyi","29794","2026-05-14 22:14:52"
".venv\Lib\site-packages\numpy\_core\einsumfunc.py","59578","2026-05-14 22:14:52"
".venv\Lib\site-packages\numpy\_core\einsumfunc.pyi","5109","2026-05-14 22:14:52"
".venv\Lib\site-packages\numpy\_core\fromnumeric.py","146891","2026-05-14 22:14:52"
".venv\Lib\site-packages\numpy\_core\fromnumeric.pyi","46598","2026-05-14 22:14:52"
".venv\Lib\site-packages\numpy\_core\function_base.py","20224","2026-05-14 22:14:52"
".venv\Lib\site-packages\numpy\_core\function_base.pyi","7321","2026-05-14 22:14:52"
".venv\Lib\site-packages\numpy\_core\getlimits.py","15465","2026-05-14 22:14:52"
".venv\Lib\site-packages\numpy\_core\getlimits.pyi","3921","2026-05-14 22:14:52"
".venv\Lib\site-packages\numpy\_core\include\numpy\__multiarray_api.c","13074","2026-05-14 22:14:52"
".venv\Lib\site-packages\numpy\_core\include\numpy\__multiarray_api.h","63371","2026-05-14 22:14:52"
".venv\Lib\site-packages\numpy\_core\include\numpy\__ufunc_api.c","1854","2026-05-14 22:14:52"
".venv\Lib\site-packages\numpy\_core\include\numpy\__ufunc_api.h","13754","2026-05-14 22:14:52"
".venv\Lib\site-packages\numpy\_core\include\numpy\_neighborhood_iterator_imp.h","1947","2026-05-14 22:14:52"
".venv\Lib\site-packages\numpy\_core\include\numpy\_numpyconfig.h","902","2026-05-14 22:14:52"
".venv\Lib\site-packages\numpy\_core\include\numpy\_public_dtype_api_table.h","4660","2026-05-14 22:14:52"
".venv\Lib\site-packages\numpy\_core\include\numpy\arrayobject.h","211","2026-05-14 22:14:52"
".venv\Lib\site-packages\numpy\_core\include\numpy\arrayscalars.h","4522","2026-05-14 22:14:52"
".venv\Lib\site-packages\numpy\_core\include\numpy\dtype_api.h","22002","2026-05-14 22:14:52"
".venv\Lib\site-packages\numpy\_core\include\numpy\halffloat.h","2029","2026-05-14 22:14:52"
".venv\Lib\site-packages\numpy\_core\include\numpy\ndarrayobject.h","12359","2026-05-14 22:14:52"
".venv\Lib\site-packages\numpy\_core\include\numpy\ndarraytypes.h","68964","2026-05-14 22:14:52"
".venv\Lib\site-packages\numpy\_core\include\numpy\npy_2_compat.h","8795","2026-05-14 22:14:52"
".venv\Lib\site-packages\numpy\_core\include\numpy\npy_2_complexcompat.h","885","2026-05-14 22:14:52"
".venv\Lib\site-packages\numpy\_core\include\numpy\npy_3kcompat.h","10047","2026-05-14 22:14:52"
".venv\Lib\site-packages\numpy\_core\include\numpy\npy_common.h","33873","2026-05-14 22:14:52"
".venv\Lib\site-packages\numpy\_core\include\numpy\npy_cpu.h","4478","2026-05-14 22:14:52"
".venv\Lib\site-packages\numpy\_core\include\numpy\npy_endian.h","2957","2026-05-14 22:14:52"
".venv\Lib\site-packages\numpy\_core\include\numpy\npy_math.h","19460","2026-05-14 22:14:52"
".venv\Lib\site-packages\numpy\_core\include\numpy\npy_no_deprecated_api.h","698","2026-05-14 22:14:52"
".venv\Lib\site-packages\numpy\_core\include\numpy\npy_os.h","1298","2026-05-14 22:14:52"
".venv\Lib\site-packages\numpy\_core\include\numpy\numpyconfig.h","7651","2026-05-14 22:14:52"
".venv\Lib\site-packages\numpy\_core\include\numpy\random\bitgen.h","508","2026-05-14 22:14:52"
".venv\Lib\site-packages\numpy\_core\include\numpy\random\distributions.h","10070","2026-05-14 22:14:52"
".venv\Lib\site-packages\numpy\_core\include\numpy\random\libdivide.h","82217","2026-05-14 22:14:52"
".venv\Lib\site-packages\numpy\_core\include\numpy\random\LICENSE.txt","1039","2026-05-14 22:14:52"
".venv\Lib\site-packages\numpy\_core\include\numpy\ufuncobject.h","12123","2026-05-14 22:14:52"
".venv\Lib\site-packages\numpy\_core\include\numpy\utils.h","1222","2026-05-14 22:14:52"
".venv\Lib\site-packages\numpy\_core\lib\npy-pkg-config\mlib.ini","156","2026-05-14 22:14:52"
".venv\Lib\site-packages\numpy\_core\lib\npy-pkg-config\npymath.ini","381","2026-05-14 22:14:52"
".venv\Lib\site-packages\numpy\_core\lib\npymath.lib","156686","2026-05-14 22:14:52"
".venv\Lib\site-packages\numpy\_core\lib\pkgconfig\numpy.pc","198","2026-05-14 22:14:52"
".venv\Lib\site-packages\numpy\_core\memmap.py","13014","2026-05-14 22:14:52"
".venv\Lib\site-packages\numpy\_core\memmap.pyi","50","2026-05-14 22:14:52"
".venv\Lib\site-packages\numpy\_core\multiarray.py","58526","2026-05-14 22:14:52"
".venv\Lib\site-packages\numpy\_core\multiarray.pyi","36157","2026-05-14 22:14:52"
".venv\Lib\site-packages\numpy\_core\numeric.py","85809","2026-05-14 22:14:52"
".venv\Lib\site-packages\numpy\_core\numeric.pyi","32989","2026-05-14 22:14:52"
".venv\Lib\site-packages\numpy\_core\numerictypes.py","16600","2026-05-14 22:14:52"
".venv\Lib\site-packages\numpy\_core\numerictypes.pyi","3699","2026-05-14 22:14:52"
".venv\Lib\site-packages\numpy\_core\overrides.py","7668","2026-05-14 22:14:52"
".venv\Lib\site-packages\numpy\_core\overrides.pyi","1777","2026-05-14 22:14:52"
".venv\Lib\site-packages\numpy\_core\printoptions.py","1088","2026-05-14 22:14:52"
".venv\Lib\site-packages\numpy\_core\printoptions.pyi","622","2026-05-14 22:14:52"
".venv\Lib\site-packages\numpy\_core\records.py","37842","2026-05-14 22:14:52"
".venv\Lib\site-packages\numpy\_core\records.pyi","9515","2026-05-14 22:14:52"
".venv\Lib\site-packages\numpy\_core\shape_base.py","33708","2026-05-14 22:14:52"
".venv\Lib\site-packages\numpy\_core\shape_base.pyi","5437","2026-05-14 22:14:52"
".venv\Lib\site-packages\numpy\_core\strings.py","52391","2026-05-14 22:14:52"
".venv\Lib\site-packages\numpy\_core\strings.pyi","14127","2026-05-14 22:14:52"
".venv\Lib\site-packages\numpy\_core\tests\_locales.py","2248","2026-05-14 22:14:52"
".venv\Lib\site-packages\numpy\_core\tests\_natype.py","4531","2026-05-14 22:14:52"
".venv\Lib\site-packages\numpy\_core\tests\data\astype_copy.pkl","716","2026-05-14 22:14:52"
".venv\Lib\site-packages\numpy\_core\tests\data\generate_umath_validation_data.cpp","6012","2026-05-14 22:14:52"
".venv\Lib\site-packages\numpy\_core\tests\data\recarray_from_file.fits","8640","2026-05-14 22:14:52"
".venv\Lib\site-packages\numpy\_core\tests\data\umath-validation-set-arccos.csv","62794","2026-05-14 22:14:52"
".venv\Lib\site-packages\numpy\_core\tests\data\umath-validation-set-arccosh.csv","62794","2026-05-14 22:14:52"
".venv\Lib\site-packages\numpy\_core\tests\data\umath-validation-set-arcsin.csv","62768","2026-05-14 22:14:52"
".venv\Lib\site-packages\numpy\_core\tests\data\umath-validation-set-arcsinh.csv","61718","2026-05-14 22:14:52"
".venv\Lib\site-packages\numpy\_core\tests\data\umath-validation-set-arctan.csv","61734","2026-05-14 22:14:52"
".venv\Lib\site-packages\numpy\_core\tests\data\umath-validation-set-arctanh.csv","62768","2026-05-14 22:14:52"
".venv\Lib\site-packages\numpy\_core\tests\data\umath-validation-set-cbrt.csv","62275","2026-05-14 22:14:52"
".venv\Lib\site-packages\numpy\_core\tests\data\umath-validation-set-cos.csv","60497","2026-05-14 22:14:52"
".venv\Lib\site-packages\numpy\_core\tests\data\umath-validation-set-cosh.csv","62298","2026-05-14 22:14:52"
".venv\Lib\site-packages\numpy\_core\tests\data\umath-validation-set-exp.csv","17903","2026-05-14 22:14:52"
".venv\Lib\site-packages\numpy\_core\tests\data\umath-validation-set-exp2.csv","60053","2026-05-14 22:14:52"
".venv\Lib\site-packages\numpy\_core\tests\data\umath-validation-set-expm1.csv","61728","2026-05-14 22:14:52"
".venv\Lib\site-packages\numpy\_core\tests\data\umath-validation-set-log.csv","11963","2026-05-14 22:14:52"
".venv\Lib\site-packages\numpy\_core\tests\data\umath-validation-set-log10.csv","70551","2026-05-14 22:14:52"
".venv\Lib\site-packages\numpy\_core\tests\data\umath-validation-set-log1p.csv","61732","2026-05-14 22:14:52"
".venv\Lib\site-packages\numpy\_core\tests\data\umath-validation-set-log2.csv","70546","2026-05-14 22:14:52"
".venv\Lib\site-packages\numpy\_core\tests\data\umath-validation-set-README.txt","982","2026-05-14 22:14:52"
".venv\Lib\site-packages\numpy\_core\tests\data\umath-validation-set-sin.csv","59981","2026-05-14 22:14:52"
".venv\Lib\site-packages\numpy\_core\tests\data\umath-validation-set-sinh.csv","61722","2026-05-14 22:14:52"
".venv\Lib\site-packages\numpy\_core\tests\data\umath-validation-set-tan.csv","61728","2026-05-14 22:14:52"
".venv\Lib\site-packages\numpy\_core\tests\data\umath-validation-set-tanh.csv","61728","2026-05-14 22:14:52"
".venv\Lib\site-packages\numpy\_core\tests\examples\cython\checks.pyx","11324","2026-05-14 22:14:52"
".venv\Lib\site-packages\numpy\_core\tests\examples\cython\meson.build","1311","2026-05-14 22:14:52"
".venv\Lib\site-packages\numpy\_core\tests\examples\cython\setup.py","898","2026-05-14 22:14:52"
".venv\Lib\site-packages\numpy\_core\tests\examples\limited_api\limited_api_latest.c","471","2026-05-14 22:14:52"
".venv\Lib\site-packages\numpy\_core\tests\examples\limited_api\limited_api1.c","326","2026-05-14 22:14:52"
".venv\Lib\site-packages\numpy\_core\tests\examples\limited_api\limited_api2.pyx","214","2026-05-14 22:14:52"
".venv\Lib\site-packages\numpy\_core\tests\examples\limited_api\meson.build","1725","2026-05-14 22:14:52"
".venv\Lib\site-packages\numpy\_core\tests\examples\limited_api\setup.py","461","2026-05-14 22:14:52"
".venv\Lib\site-packages\numpy\_core\tests\test__exceptions.py","3012","2026-05-14 22:14:52"
".venv\Lib\site-packages\numpy\_core\tests\test_abc.py","2275","2026-05-14 22:14:52"
".venv\Lib\site-packages\numpy\_core\tests\test_api.py","24915","2026-05-14 22:14:52"
".venv\Lib\site-packages\numpy\_core\tests\test_argparse.py","2914","2026-05-14 22:14:52"
".venv\Lib\site-packages\numpy\_core\tests\test_array_api_info.py","3176","2026-05-14 22:14:52"
".venv\Lib\site-packages\numpy\_core\tests\test_array_coercion.py","36319","2026-05-14 22:14:52"
".venv\Lib\site-packages\numpy\_core\tests\test_array_interface.py","8065","2026-05-14 22:14:52"
".venv\Lib\site-packages\numpy\_core\tests\test_arraymethod.py","3307","2026-05-14 22:14:52"
".venv\Lib\site-packages\numpy\_core\tests\test_arrayobject.py","3431","2026-05-14 22:14:52"
".venv\Lib\site-packages\numpy\_core\tests\test_arrayprint.py","51898","2026-05-14 22:14:52"
".venv\Lib\site-packages\numpy\_core\tests\test_casting_floatingpoint_errors.py","5230","2026-05-14 22:14:52"
".venv\Lib\site-packages\numpy\_core\tests\test_casting_unittests.py","41899","2026-05-14 22:14:52"
".venv\Lib\site-packages\numpy\_core\tests\test_conversion_utils.py","6715","2026-05-14 22:14:52"
".venv\Lib\site-packages\numpy\_core\tests\test_cpu_dispatcher.py","1619","2026-05-14 22:14:52"
".venv\Lib\site-packages\numpy\_core\tests\test_cpu_features.py","17422","2026-05-14 22:14:52"
".venv\Lib\site-packages\numpy\_core\tests\test_custom_dtypes.py","14889","2026-05-14 22:14:52"
".venv\Lib\site-packages\numpy\_core\tests\test_cython.py","11020","2026-05-14 22:14:52"
".venv\Lib\site-packages\numpy\_core\tests\test_datetime.py","127760","2026-05-14 22:14:52"
".venv\Lib\site-packages\numpy\_core\tests\test_defchararray.py","31541","2026-05-14 22:14:52"
".venv\Lib\site-packages\numpy\_core\tests\test_deprecations.py","17940","2026-05-14 22:14:52"
".venv\Lib\site-packages\numpy\_core\tests\test_dlpack.py","6021","2026-05-14 22:14:52"
".venv\Lib\site-packages\numpy\_core\tests\test_dtype.py","85332","2026-05-14 22:14:52"
".venv\Lib\site-packages\numpy\_core\tests\test_einsum.py","59244","2026-05-14 22:14:52"
".venv\Lib\site-packages\numpy\_core\tests\test_errstate.py","4759","2026-05-14 22:14:52"
".venv\Lib\site-packages\numpy\_core\tests\test_extint128.py","5842","2026-05-14 22:14:52"
".venv\Lib\site-packages\numpy\_core\tests\test_finfo.py","2574","2026-05-14 22:14:52"
".venv\Lib\site-packages\numpy\_core\tests\test_function_base.py","18187","2026-05-14 22:14:52"
".venv\Lib\site-packages\numpy\_core\tests\test_getlimits.py","5624","2026-05-14 22:14:52"
".venv\Lib\site-packages\numpy\_core\tests\test_half.py","25853","2026-05-14 22:14:52"
".venv\Lib\site-packages\numpy\_core\tests\test_hashtable.py","1184","2026-05-14 22:14:52"
".venv\Lib\site-packages\numpy\_core\tests\test_indexerrors.py","4835","2026-05-14 22:14:52"
".venv\Lib\site-packages\numpy\_core\tests\test_indexing.py","66315","2026-05-14 22:14:52"
".venv\Lib\site-packages\numpy\_core\tests\test_item_selection.py","6798","2026-05-14 22:14:52"
".venv\Lib\site-packages\numpy\_core\tests\test_limited_api.py","3565","2026-05-14 22:14:52"
".venv\Lib\site-packages\numpy\_core\tests\test_longdouble.py","12824","2026-05-14 22:14:52"
".venv\Lib\site-packages\numpy\_core\tests\test_mem_overlap.py","30250","2026-05-14 22:14:52"
".venv\Lib\site-packages\numpy\_core\tests\test_mem_policy.py","17301","2026-05-14 22:14:52"
".venv\Lib\site-packages\numpy\_core\tests\test_memmap.py","8546","2026-05-14 22:14:52"
".venv\Lib\site-packages\numpy\_core\tests\test_multiarray.py","431981","2026-05-14 22:14:52"
".venv\Lib\site-packages\numpy\_core\tests\test_multiprocessing.py","2089","2026-05-14 22:14:52"
".venv\Lib\site-packages\numpy\_core\tests\test_multithreading.py","12498","2026-05-14 22:14:52"
".venv\Lib\site-packages\numpy\_core\tests\test_nditer.py","141372","2026-05-14 22:14:52"
".venv\Lib\site-packages\numpy\_core\tests\test_nep50_promotions.py","10355","2026-05-14 22:14:52"
".venv\Lib\site-packages\numpy\_core\tests\test_numeric.py","164905","2026-05-14 22:14:52"
".venv\Lib\site-packages\numpy\_core\tests\test_numerictypes.py","24824","2026-05-14 22:14:52"
".venv\Lib\site-packages\numpy\_core\tests\test_overrides.py","28577","2026-05-14 22:14:52"
".venv\Lib\site-packages\numpy\_core\tests\test_print.py","7117","2026-05-14 22:14:52"
".venv\Lib\site-packages\numpy\_core\tests\test_protocols.py","1219","2026-05-14 22:14:52"
".venv\Lib\site-packages\numpy\_core\tests\test_records.py","21156","2026-05-14 22:14:52"
".venv\Lib\site-packages\numpy\_core\tests\test_regression.py","98849","2026-05-14 22:14:52"
".venv\Lib\site-packages\numpy\_core\tests\test_scalar_ctors.py","6896","2026-05-14 22:14:52"
".venv\Lib\site-packages\numpy\_core\tests\test_scalar_methods.py","12839","2026-05-14 22:14:52"
".venv\Lib\site-packages\numpy\_core\tests\test_scalarbuffer.py","5787","2026-05-14 22:14:52"
".venv\Lib\site-packages\numpy\_core\tests\test_scalarinherit.py","2692","2026-05-14 22:14:52"
".venv\Lib\site-packages\numpy\_core\tests\test_scalarmath.py","47385","2026-05-14 22:14:52"
".venv\Lib\site-packages\numpy\_core\tests\test_scalarprint.py","20108","2026-05-14 22:14:52"
".venv\Lib\site-packages\numpy\_core\tests\test_shape_base.py","32771","2026-05-14 22:14:52"
".venv\Lib\site-packages\numpy\_core\tests\test_simd_module.py","4055","2026-05-14 22:14:52"
".venv\Lib\site-packages\numpy\_core\tests\test_simd.py","50239","2026-05-14 22:14:52"
".venv\Lib\site-packages\numpy\_core\tests\test_stringdtype.py","60358","2026-05-14 22:14:52"
".venv\Lib\site-packages\numpy\_core\tests\test_strings.py","61679","2026-05-14 22:14:52"
".venv\Lib\site-packages\numpy\_core\tests\test_ufunc.py","143272","2026-05-14 22:14:52"
".venv\Lib\site-packages\numpy\_core\tests\test_umath_accuracy.py","5953","2026-05-14 22:14:52"
".venv\Lib\site-packages\numpy\_core\tests\test_umath_complex.py","24242","2026-05-14 22:14:52"
".venv\Lib\site-packages\numpy\_core\tests\test_umath.py","201458","2026-05-14 22:14:52"
".venv\Lib\site-packages\numpy\_core\tests\test_unicode.py","13356","2026-05-14 22:14:52"
".venv\Lib\site-packages\numpy\_core\umath.py","2200","2026-05-14 22:14:52"
".venv\Lib\site-packages\numpy\_core\umath.pyi","3948","2026-05-14 22:14:52"
".venv\Lib\site-packages\numpy\_distributor_init.py","436","2026-05-14 22:14:50"
".venv\Lib\site-packages\numpy\_distributor_init.pyi","28","2026-05-14 22:14:50"
".venv\Lib\site-packages\numpy\_expired_attrs_2_0.py","3849","2026-05-14 22:14:50"
".venv\Lib\site-packages\numpy\_expired_attrs_2_0.pyi","1300","2026-05-14 22:14:50"
".venv\Lib\site-packages\numpy\_globals.py","4276","2026-05-14 22:14:50"
".venv\Lib\site-packages\numpy\_globals.pyi","297","2026-05-14 22:14:50"
".venv\Lib\site-packages\numpy\_pyinstaller\__init__.py","0","2026-05-14 22:14:52"
".venv\Lib\site-packages\numpy\_pyinstaller\__init__.pyi","0","2026-05-14 22:14:52"
".venv\Lib\site-packages\numpy\_pyinstaller\hook-numpy.py","1398","2026-05-14 22:14:52"
".venv\Lib\site-packages\numpy\_pyinstaller\hook-numpy.pyi","156","2026-05-14 22:14:52"
".venv\Lib\site-packages\numpy\_pyinstaller\tests\__init__.py","345","2026-05-14 22:14:52"
".venv\Lib\site-packages\numpy\_pyinstaller\tests\pyinstaller-smoke.py","1175","2026-05-14 22:14:52"
".venv\Lib\site-packages\numpy\_pyinstaller\tests\test_pyinstaller.py","1170","2026-05-14 22:14:52"
".venv\Lib\site-packages\numpy\_pytesttester.py","6529","2026-05-14 22:14:50"
".venv\Lib\site-packages\numpy\_pytesttester.pyi","521","2026-05-14 22:14:50"
".venv\Lib\site-packages\numpy\_typing\__init__.py","5639","2026-05-14 22:14:52"
".venv\Lib\site-packages\numpy\_typing\_add_docstring.py","4152","2026-05-14 22:14:52"
".venv\Lib\site-packages\numpy\_typing\_array_like.py","4294","2026-05-14 22:14:52"
".venv\Lib\site-packages\numpy\_typing\_char_codes.py","8977","2026-05-14 22:14:52"
".venv\Lib\site-packages\numpy\_typing\_dtype_like.py","3978","2026-05-14 22:14:52"
".venv\Lib\site-packages\numpy\_typing\_extended_precision.py","449","2026-05-14 22:14:52"
".venv\Lib\site-packages\numpy\_typing\_nbit_base.py","3152","2026-05-14 22:14:52"
".venv\Lib\site-packages\numpy\_typing\_nbit_base.pyi","778","2026-05-14 22:14:52"
".venv\Lib\site-packages\numpy\_typing\_nbit.py","651","2026-05-14 22:14:52"
".venv\Lib\site-packages\numpy\_typing\_nested_sequence.py","2584","2026-05-14 22:14:52"
".venv\Lib\site-packages\numpy\_typing\_scalars.py","964","2026-05-14 22:14:52"
".venv\Lib\site-packages\numpy\_typing\_shape.py","283","2026-05-14 22:14:52"
".venv\Lib\site-packages\numpy\_typing\_ufunc.py","163","2026-05-14 22:14:52"
".venv\Lib\site-packages\numpy\_typing\_ufunc.pyi","30596","2026-05-14 22:14:52"
".venv\Lib\site-packages\numpy\_utils\__init__.py","3572","2026-05-14 22:14:52"
".venv\Lib\site-packages\numpy\_utils\__init__.pyi","728","2026-05-14 22:14:52"
".venv\Lib\site-packages\numpy\_utils\_convertions.py","347","2026-05-14 22:14:52"
".venv\Lib\site-packages\numpy\_utils\_convertions.pyi","122","2026-05-14 22:14:52"
".venv\Lib\site-packages\numpy\_utils\_inspect.py","7628","2026-05-14 22:14:52"
".venv\Lib\site-packages\numpy\_utils\_inspect.pyi","2324","2026-05-14 22:14:52"
".venv\Lib\site-packages\numpy\_utils\_pep440.py","14474","2026-05-14 22:14:52"
".venv\Lib\site-packages\numpy\_utils\_pep440.pyi","3964","2026-05-14 22:14:52"
".venv\Lib\site-packages\numpy\char\__init__.py","95","2026-05-14 22:14:50"
".venv\Lib\site-packages\numpy\char\__init__.pyi","1651","2026-05-14 22:14:50"
".venv\Lib\site-packages\numpy\conftest.py","8900","2026-05-14 22:14:50"
".venv\Lib\site-packages\numpy\core\__init__.py","1323","2026-05-14 22:14:50"
".venv\Lib\site-packages\numpy\core\__init__.pyi","0","2026-05-14 22:14:50"
".venv\Lib\site-packages\numpy\core\_dtype_ctypes.py","361","2026-05-14 22:14:50"
".venv\Lib\site-packages\numpy\core\_dtype_ctypes.pyi","0","2026-05-14 22:14:50"
".venv\Lib\site-packages\numpy\core\_dtype.py","333","2026-05-14 22:14:50"
".venv\Lib\site-packages\numpy\core\_dtype.pyi","0","2026-05-14 22:14:50"
".venv\Lib\site-packages\numpy\core\_internal.py","976","2026-05-14 22:14:50"
".venv\Lib\site-packages\numpy\core\_multiarray_umath.py","2155","2026-05-14 22:14:50"
".venv\Lib\site-packages\numpy\core\_utils.py","944","2026-05-14 22:14:50"
".venv\Lib\site-packages\numpy\core\arrayprint.py","349","2026-05-14 22:14:50"
".venv\Lib\site-packages\numpy\core\defchararray.py","357","2026-05-14 22:14:50"
".venv\Lib\site-packages\numpy\core\einsumfunc.py","349","2026-05-14 22:14:50"
".venv\Lib\site-packages\numpy\core\fromnumeric.py","353","2026-05-14 22:14:50"
".venv\Lib\site-packages\numpy\core\function_base.py","361","2026-05-14 22:14:50"
".venv\Lib\site-packages\numpy\core\getlimits.py","345","2026-05-14 22:14:50"
".venv\Lib\site-packages\numpy\core\multiarray.py","818","2026-05-14 22:14:50"
".venv\Lib\site-packages\numpy\core\numeric.py","372","2026-05-14 22:14:50"
".venv\Lib\site-packages\numpy\core\numerictypes.py","357","2026-05-14 22:14:50"
".venv\Lib\site-packages\numpy\core\overrides.py","345","2026-05-14 22:14:50"
".venv\Lib\site-packages\numpy\core\overrides.pyi","532","2026-05-14 22:14:50"
".venv\Lib\site-packages\numpy\core\records.py","337","2026-05-14 22:14:50"
".venv\Lib\site-packages\numpy\core\shape_base.py","349","2026-05-14 22:14:50"
".venv\Lib\site-packages\numpy\core\umath.py","329","2026-05-14 22:14:50"
".venv\Lib\site-packages\numpy\ctypeslib\__init__.py","206","2026-05-14 22:14:50"
".venv\Lib\site-packages\numpy\ctypeslib\__init__.pyi","382","2026-05-14 22:14:50"
".venv\Lib\site-packages\numpy\ctypeslib\_ctypeslib.py","19682","2026-05-14 22:14:50"
".venv\Lib\site-packages\numpy\ctypeslib\_ctypeslib.pyi","8531","2026-05-14 22:14:50"
".venv\Lib\site-packages\numpy\doc\ufuncs.py","5552","2026-05-14 22:14:50"
".venv\Lib\site-packages\numpy\dtypes.py","1353","2026-05-14 22:14:50"
".venv\Lib\site-packages\numpy\dtypes.pyi","16159","2026-05-14 22:14:50"
".venv\Lib\site-packages\numpy\exceptions.py","7955","2026-05-14 22:14:50"
".venv\Lib\site-packages\numpy\exceptions.pyi","821","2026-05-14 22:14:50"
".venv\Lib\site-packages\numpy\f2py\__init__.py","2534","2026-05-14 22:14:51"
".venv\Lib\site-packages\numpy\f2py\__init__.pyi","118","2026-05-14 22:14:51"
".venv\Lib\site-packages\numpy\f2py\__main__.py","135","2026-05-14 22:14:51"
".venv\Lib\site-packages\numpy\f2py\__version__.py","49","2026-05-14 22:14:51"
".venv\Lib\site-packages\numpy\f2py\__version__.pyi","46","2026-05-14 22:14:51"
".venv\Lib\site-packages\numpy\f2py\_backends\__init__.py","308","2026-05-14 22:14:51"
".venv\Lib\site-packages\numpy\f2py\_backends\__init__.pyi","141","2026-05-14 22:14:51"
".venv\Lib\site-packages\numpy\f2py\_backends\_backend.py","1195","2026-05-14 22:14:51"
".venv\Lib\site-packages\numpy\f2py\_backends\_backend.pyi","1388","2026-05-14 22:14:51"
".venv\Lib\site-packages\numpy\f2py\_backends\_distutils.py","2461","2026-05-14 22:14:51"
".venv\Lib\site-packages\numpy\f2py\_backends\_distutils.pyi","476","2026-05-14 22:14:51"
".venv\Lib\site-packages\numpy\f2py\_backends\_meson.py","8870","2026-05-14 22:14:51"
".venv\Lib\site-packages\numpy\f2py\_backends\_meson.pyi","1960","2026-05-14 22:14:51"
".venv\Lib\site-packages\numpy\f2py\_backends\meson.build.template","1725","2026-05-14 22:14:51"
".venv\Lib\site-packages\numpy\f2py\_isocbind.py","2422","2026-05-14 22:14:51"
".venv\Lib\site-packages\numpy\f2py\_isocbind.pyi","352","2026-05-14 22:14:51"
".venv\Lib\site-packages\numpy\f2py\_src_pyf.py","7942","2026-05-14 22:14:51"
".venv\Lib\site-packages\numpy\f2py\_src_pyf.pyi","1039","2026-05-14 22:14:51"
".venv\Lib\site-packages\numpy\f2py\auxfuncs.py","27924","2026-05-14 22:14:50"
".venv\Lib\site-packages\numpy\f2py\auxfuncs.pyi","8254","2026-05-14 22:14:50"
".venv\Lib\site-packages\numpy\f2py\capi_maps.py","30890","2026-05-14 22:14:50"
".venv\Lib\site-packages\numpy\f2py\capi_maps.pyi","1099","2026-05-14 22:14:50"
".venv\Lib\site-packages\numpy\f2py\cb_rules.py","25716","2026-05-14 22:14:50"
".venv\Lib\site-packages\numpy\f2py\cb_rules.pyi","512","2026-05-14 22:14:50"
".venv\Lib\site-packages\numpy\f2py\cfuncs.py","54223","2026-05-14 22:14:50"
".venv\Lib\site-packages\numpy\f2py\cfuncs.pyi","833","2026-05-14 22:14:50"
".venv\Lib\site-packages\numpy\f2py\common_rules.py","5173","2026-05-14 22:14:50"
".venv\Lib\site-packages\numpy\f2py\common_rules.pyi","332","2026-05-14 22:14:50"
".venv\Lib\site-packages\numpy\f2py\crackfortran.py","150604","2026-05-14 22:14:50"
".venv\Lib\site-packages\numpy\f2py\crackfortran.pyi","10564","2026-05-14 22:14:50"
".venv\Lib\site-packages\numpy\f2py\diagnose.py","5224","2026-05-14 22:14:50"
".venv\Lib\site-packages\numpy\f2py\diagnose.pyi","24","2026-05-14 22:14:50"
".venv\Lib\site-packages\numpy\f2py\f2py2e.py","29615","2026-05-14 22:14:50"
".venv\Lib\site-packages\numpy\f2py\f2py2e.pyi","2205","2026-05-14 22:14:50"
".venv\Lib\site-packages\numpy\f2py\f90mod_rules.py","10079","2026-05-14 22:14:50"
".venv\Lib\site-packages\numpy\f2py\f90mod_rules.pyi","467","2026-05-14 22:14:50"
".venv\Lib\site-packages\numpy\f2py\func2subr.py","10374","2026-05-14 22:14:51"
".venv\Lib\site-packages\numpy\f2py\func2subr.pyi","393","2026-05-14 22:14:51"
".venv\Lib\site-packages\numpy\f2py\rules.py","64723","2026-05-14 22:14:51"
".venv\Lib\site-packages\numpy\f2py\rules.pyi","1348","2026-05-14 22:14:51"
".venv\Lib\site-packages\numpy\f2py\setup.cfg","50","2026-05-14 22:14:51"
".venv\Lib\site-packages\numpy\f2py\src\fortranobject.c","47892","2026-05-14 22:14:51"
".venv\Lib\site-packages\numpy\f2py\src\fortranobject.h","5996","2026-05-14 22:14:51"
".venv\Lib\site-packages\numpy\f2py\symbolic.py","54828","2026-05-14 22:14:51"
".venv\Lib\site-packages\numpy\f2py\symbolic.pyi","6283","2026-05-14 22:14:51"
".venv\Lib\site-packages\numpy\f2py\tests\__init__.py","345","2026-05-14 22:14:51"
".venv\Lib\site-packages\numpy\f2py\tests\src\abstract_interface\foo.f90","692","2026-05-14 22:14:51"
".venv\Lib\site-packages\numpy\f2py\tests\src\abstract_interface\gh18403_mod.f90","111","2026-05-14 22:14:51"
".venv\Lib\site-packages\numpy\f2py\tests\src\array_from_pyobj\wrapmodule.c","7716","2026-05-14 22:14:51"
".venv\Lib\site-packages\numpy\f2py\tests\src\assumed_shape\.f2py_f2cmap","30","2026-05-14 22:14:51"
".venv\Lib\site-packages\numpy\f2py\tests\src\assumed_shape\foo_free.f90","494","2026-05-14 22:14:51"
".venv\Lib\site-packages\numpy\f2py\tests\src\assumed_shape\foo_mod.f90","540","2026-05-14 22:14:51"
".venv\Lib\site-packages\numpy\f2py\tests\src\assumed_shape\foo_use.f90","288","2026-05-14 22:14:51"
".venv\Lib\site-packages\numpy\f2py\tests\src\assumed_shape\precision.f90","134","2026-05-14 22:14:51"
".venv\Lib\site-packages\numpy\f2py\tests\src\block_docstring\foo.f","103","2026-05-14 22:14:51"
".venv\Lib\site-packages\numpy\f2py\tests\src\callback\foo.f","1316","2026-05-14 22:14:51"
".venv\Lib\site-packages\numpy\f2py\tests\src\callback\gh17797.f90","155","2026-05-14 22:14:51"
".venv\Lib\site-packages\numpy\f2py\tests\src\callback\gh18335.f90","523","2026-05-14 22:14:51"
".venv\Lib\site-packages\numpy\f2py\tests\src\callback\gh25211.f","189","2026-05-14 22:14:51"
".venv\Lib\site-packages\numpy\f2py\tests\src\callback\gh25211.pyf","465","2026-05-14 22:14:51"
".venv\Lib\site-packages\numpy\f2py\tests\src\callback\gh26681.f90","584","2026-05-14 22:14:51"
".venv\Lib\site-packages\numpy\f2py\tests\src\cli\gh_22819.pyf","148","2026-05-14 22:14:51"
".venv\Lib\site-packages\numpy\f2py\tests\src\cli\hi77.f","74","2026-05-14 22:14:51"
".venv\Lib\site-packages\numpy\f2py\tests\src\cli\hiworld.f90","54","2026-05-14 22:14:51"
".venv\Lib\site-packages\numpy\f2py\tests\src\common\block.f","235","2026-05-14 22:14:51"
".venv\Lib\site-packages\numpy\f2py\tests\src\common\gh19161.f90","203","2026-05-14 22:14:51"
".venv\Lib\site-packages\numpy\f2py\tests\src\crackfortran\accesstype.f90","221","2026-05-14 22:14:51"
".venv\Lib\site-packages\numpy\f2py\tests\src\crackfortran\common_with_division.f","511","2026-05-14 22:14:51"
".venv\Lib\site-packages\numpy\f2py\tests\src\crackfortran\data_common.f","201","2026-05-14 22:14:51"
".venv\Lib\site-packages\numpy\f2py\tests\src\crackfortran\data_multiplier.f","202","2026-05-14 22:14:51"
".venv\Lib\site-packages\numpy\f2py\tests\src\crackfortran\data_stmts.f90","713","2026-05-14 22:14:51"
".venv\Lib\site-packages\numpy\f2py\tests\src\crackfortran\data_with_comments.f","183","2026-05-14 22:14:51"
".venv\Lib\site-packages\numpy\f2py\tests\src\crackfortran\foo_deps.f90","134","2026-05-14 22:14:51"
".venv\Lib\site-packages\numpy\f2py\tests\src\crackfortran\gh15035.f","391","2026-05-14 22:14:51"
".venv\Lib\site-packages\numpy\f2py\tests\src\crackfortran\gh17859.f","352","2026-05-14 22:14:51"
".venv\Lib\site-packages\numpy\f2py\tests\src\crackfortran\gh22648.pyf","248","2026-05-14 22:14:51"
".venv\Lib\site-packages\numpy\f2py\tests\src\crackfortran\gh23533.f","131","2026-05-14 22:14:51"
".venv\Lib\site-packages\numpy\f2py\tests\src\crackfortran\gh23598.f90","105","2026-05-14 22:14:51"
".venv\Lib\site-packages\numpy\f2py\tests\src\crackfortran\gh23598Warn.f90","216","2026-05-14 22:14:51"
".venv\Lib\site-packages\numpy\f2py\tests\src\crackfortran\gh23879.f90","352","2026-05-14 22:14:51"
".venv\Lib\site-packages\numpy\f2py\tests\src\crackfortran\gh27697.f90","376","2026-05-14 22:14:51"
".venv\Lib\site-packages\numpy\f2py\tests\src\crackfortran\gh2848.f90","295","2026-05-14 22:14:51"
".venv\Lib\site-packages\numpy\f2py\tests\src\crackfortran\operators.f90","1233","2026-05-14 22:14:51"
".venv\Lib\site-packages\numpy\f2py\tests\src\crackfortran\privatemod.f90","185","2026-05-14 22:14:51"
".venv\Lib\site-packages\numpy\f2py\tests\src\crackfortran\publicmod.f90","177","2026-05-14 22:14:51"
".venv\Lib\site-packages\numpy\f2py\tests\src\crackfortran\pubprivmod.f90","175","2026-05-14 22:14:51"
".venv\Lib\site-packages\numpy\f2py\tests\src\crackfortran\unicode_comment.f90","102","2026-05-14 22:14:51"
".venv\Lib\site-packages\numpy\f2py\tests\src\f2cmap\.f2py_f2cmap","83","2026-05-14 22:14:51"
".venv\Lib\site-packages\numpy\f2py\tests\src\f2cmap\isoFortranEnvMap.f90","307","2026-05-14 22:14:51"
".venv\Lib\site-packages\numpy\f2py\tests\src\isocintrin\isoCtests.f90","1032","2026-05-14 22:14:51"
".venv\Lib\site-packages\numpy\f2py\tests\src\kind\foo.f90","367","2026-05-14 22:14:51"
".venv\Lib\site-packages\numpy\f2py\tests\src\mixed\foo_fixed.f90","187","2026-05-14 22:14:51"
".venv\Lib\site-packages\numpy\f2py\tests\src\mixed\foo_free.f90","147","2026-05-14 22:14:51"
".venv\Lib\site-packages\numpy\f2py\tests\src\mixed\foo.f","90","2026-05-14 22:14:51"
".venv\Lib\site-packages\numpy\f2py\tests\src\modules\gh25337\data.f90","188","2026-05-14 22:14:51"
".venv\Lib\site-packages\numpy\f2py\tests\src\modules\gh25337\use_data.f90","185","2026-05-14 22:14:51"
".venv\Lib\site-packages\numpy\f2py\tests\src\modules\gh26920\two_mods_with_no_public_entities.f90","423","2026-05-14 22:14:51"
".venv\Lib\site-packages\numpy\f2py\tests\src\modules\gh26920\two_mods_with_one_public_routine.f90","424","2026-05-14 22:14:51"
".venv\Lib\site-packages\numpy\f2py\tests\src\modules\module_data_docstring.f90","236","2026-05-14 22:14:51"
".venv\Lib\site-packages\numpy\f2py\tests\src\modules\use_modules.f90","418","2026-05-14 22:14:51"
".venv\Lib\site-packages\numpy\f2py\tests\src\negative_bounds\issue_20853.f90","164","2026-05-14 22:14:51"
".venv\Lib\site-packages\numpy\f2py\tests\src\parameter\constant_array.f90","1513","2026-05-14 22:14:51"
".venv\Lib\site-packages\numpy\f2py\tests\src\parameter\constant_both.f90","1996","2026-05-14 22:14:51"
".venv\Lib\site-packages\numpy\f2py\tests\src\parameter\constant_compound.f90","484","2026-05-14 22:14:51"
".venv\Lib\site-packages\numpy\f2py\tests\src\parameter\constant_integer.f90","634","2026-05-14 22:14:51"
".venv\Lib\site-packages\numpy\f2py\tests\src\parameter\constant_non_compound.f90","632","2026-05-14 22:14:51"
".venv\Lib\site-packages\numpy\f2py\tests\src\parameter\constant_real.f90","633","2026-05-14 22:14:51"
".venv\Lib\site-packages\numpy\f2py\tests\src\quoted_character\foo.f","496","2026-05-14 22:14:51"
".venv\Lib\site-packages\numpy\f2py\tests\src\regression\AB.inc","17","2026-05-14 22:14:51"
".venv\Lib\site-packages\numpy\f2py\tests\src\regression\assignOnlyModule.f90","633","2026-05-14 22:14:51"
".venv\Lib\site-packages\numpy\f2py\tests\src\regression\datonly.f90","409","2026-05-14 22:14:51"
".venv\Lib\site-packages\numpy\f2py\tests\src\regression\f77comments.f","652","2026-05-14 22:14:51"
".venv\Lib\site-packages\numpy\f2py\tests\src\regression\f77fixedform.f95","144","2026-05-14 22:14:51"
".venv\Lib\site-packages\numpy\f2py\tests\src\regression\f90continuation.f90","285","2026-05-14 22:14:51"
".venv\Lib\site-packages\numpy\f2py\tests\src\regression\incfile.f90","97","2026-05-14 22:14:51"
".venv\Lib\site-packages\numpy\f2py\tests\src\regression\inout.f90","286","2026-05-14 22:14:51"
".venv\Lib\site-packages\numpy\f2py\tests\src\regression\lower_f2py_fortran.f90","105","2026-05-14 22:14:51"
".venv\Lib\site-packages\numpy\f2py\tests\src\regression\mod_derived_types.f90","589","2026-05-14 22:14:51"
".venv\Lib\site-packages\numpy\f2py\tests\src\return_character\foo77.f","1025","2026-05-14 22:14:51"
".venv\Lib\site-packages\numpy\f2py\tests\src\return_character\foo90.f90","1296","2026-05-14 22:14:51"
".venv\Lib\site-packages\numpy\f2py\tests\src\return_complex\foo77.f","1018","2026-05-14 22:14:51"
".venv\Lib\site-packages\numpy\f2py\tests\src\return_complex\foo90.f90","1286","2026-05-14 22:14:51"
".venv\Lib\site-packages\numpy\f2py\tests\src\return_integer\foo77.f","1234","2026-05-14 22:14:51"
".venv\Lib\site-packages\numpy\f2py\tests\src\return_integer\foo90.f90","1590","2026-05-14 22:14:51"
".venv\Lib\site-packages\numpy\f2py\tests\src\return_logical\foo77.f","1244","2026-05-14 22:14:51"
".venv\Lib\site-packages\numpy\f2py\tests\src\return_logical\foo90.f90","1590","2026-05-14 22:14:51"
".venv\Lib\site-packages\numpy\f2py\tests\src\return_real\foo77.f","978","2026-05-14 22:14:51"
".venv\Lib\site-packages\numpy\f2py\tests\src\return_real\foo90.f90","1242","2026-05-14 22:14:51"
".venv\Lib\site-packages\numpy\f2py\tests\src\routines\funcfortranname.f","128","2026-05-14 22:14:51"
".venv\Lib\site-packages\numpy\f2py\tests\src\routines\funcfortranname.pyf","451","2026-05-14 22:14:51"
".venv\Lib\site-packages\numpy\f2py\tests\src\routines\subrout.f","94","2026-05-14 22:14:51"
".venv\Lib\site-packages\numpy\f2py\tests\src\routines\subrout.pyf","332","2026-05-14 22:14:51"
".venv\Lib\site-packages\numpy\f2py\tests\src\size\foo.f90","859","2026-05-14 22:14:51"
".venv\Lib\site-packages\numpy\f2py\tests\src\string\char.f90","647","2026-05-14 22:14:51"
".venv\Lib\site-packages\numpy\f2py\tests\src\string\fixed_string.f90","729","2026-05-14 22:14:51"
".venv\Lib\site-packages\numpy\f2py\tests\src\string\gh24008.f","225","2026-05-14 22:14:51"
".venv\Lib\site-packages\numpy\f2py\tests\src\string\gh24662.f90","204","2026-05-14 22:14:51"
".venv\Lib\site-packages\numpy\f2py\tests\src\string\gh25286_bc.pyf","396","2026-05-14 22:14:51"
".venv\Lib\site-packages\numpy\f2py\tests\src\string\gh25286.f90","318","2026-05-14 22:14:51"
".venv\Lib\site-packages\numpy\f2py\tests\src\string\gh25286.pyf","393","2026-05-14 22:14:51"
".venv\Lib\site-packages\numpy\f2py\tests\src\string\scalar_string.f90","185","2026-05-14 22:14:51"
".venv\Lib\site-packages\numpy\f2py\tests\src\string\string.f","260","2026-05-14 22:14:51"
".venv\Lib\site-packages\numpy\f2py\tests\src\value_attrspec\gh21665.f90","199","2026-05-14 22:14:51"
".venv\Lib\site-packages\numpy\f2py\tests\test_abstract_interface.py","837","2026-05-14 22:14:51"
".venv\Lib\site-packages\numpy\f2py\tests\test_array_from_pyobj.py","24395","2026-05-14 22:14:51"
".venv\Lib\site-packages\numpy\f2py\tests\test_assumed_shape.py","1517","2026-05-14 22:14:51"
".venv\Lib\site-packages\numpy\f2py\tests\test_block_docstring.py","604","2026-05-14 22:14:51"
".venv\Lib\site-packages\numpy\f2py\tests\test_callback.py","7362","2026-05-14 22:14:51"
".venv\Lib\site-packages\numpy\f2py\tests\test_character.py","22572","2026-05-14 22:14:51"
".venv\Lib\site-packages\numpy\f2py\tests\test_common.py","667","2026-05-14 22:14:51"
".venv\Lib\site-packages\numpy\f2py\tests\test_crackfortran.py","16834","2026-05-14 22:14:51"
".venv\Lib\site-packages\numpy\f2py\tests\test_data.py","2966","2026-05-14 22:14:51"
".venv\Lib\site-packages\numpy\f2py\tests\test_docs.py","1996","2026-05-14 22:14:51"
".venv\Lib\site-packages\numpy\f2py\tests\test_f2cmap.py","404","2026-05-14 22:14:51"
".venv\Lib\site-packages\numpy\f2py\tests\test_f2py2e.py","29552","2026-05-14 22:14:51"
".venv\Lib\site-packages\numpy\f2py\tests\test_isoc.py","1490","2026-05-14 22:14:51"
".venv\Lib\site-packages\numpy\f2py\tests\test_kind.py","1897","2026-05-14 22:14:51"
".venv\Lib\site-packages\numpy\f2py\tests\test_mixed.py","897","2026-05-14 22:14:51"
".venv\Lib\site-packages\numpy\f2py\tests\test_modules.py","2384","2026-05-14 22:14:51"
".venv\Lib\site-packages\numpy\f2py\tests\test_parameter.py","4763","2026-05-14 22:14:51"
".venv\Lib\site-packages\numpy\f2py\tests\test_pyf_src.py","1177","2026-05-14 22:14:51"
".venv\Lib\site-packages\numpy\f2py\tests\test_quoted_character.py","495","2026-05-14 22:14:51"
".venv\Lib\site-packages\numpy\f2py\tests\test_regression.py","6369","2026-05-14 22:14:51"
".venv\Lib\site-packages\numpy\f2py\tests\test_return_character.py","1582","2026-05-14 22:14:51"
".venv\Lib\site-packages\numpy\f2py\tests\test_return_complex.py","2507","2026-05-14 22:14:51"
".venv\Lib\site-packages\numpy\f2py\tests\test_return_integer.py","1868","2026-05-14 22:14:51"
".venv\Lib\site-packages\numpy\f2py\tests\test_return_logical.py","2113","2026-05-14 22:14:51"
".venv\Lib\site-packages\numpy\f2py\tests\test_return_real.py","3382","2026-05-14 22:14:51"
".venv\Lib\site-packages\numpy\f2py\tests\test_routines.py","824","2026-05-14 22:14:51"
".venv\Lib\site-packages\numpy\f2py\tests\test_semicolon_split.py","1702","2026-05-14 22:14:51"
".venv\Lib\site-packages\numpy\f2py\tests\test_size.py","1200","2026-05-14 22:14:51"
".venv\Lib\site-packages\numpy\f2py\tests\test_string.py","3038","2026-05-14 22:14:51"
".venv\Lib\site-packages\numpy\f2py\tests\test_symbolic.py","19061","2026-05-14 22:14:51"
".venv\Lib\site-packages\numpy\f2py\tests\test_value_attrspec.py","345","2026-05-14 22:14:51"
".venv\Lib\site-packages\numpy\f2py\tests\util.py","12554","2026-05-14 22:14:51"
".venv\Lib\site-packages\numpy\f2py\use_rules.py","3475","2026-05-14 22:14:51"
".venv\Lib\site-packages\numpy\f2py\use_rules.pyi","433","2026-05-14 22:14:51"
".venv\Lib\site-packages\numpy\fft\__init__.py","8369","2026-05-14 22:14:51"
".venv\Lib\site-packages\numpy\fft\__init__.pyi","531","2026-05-14 22:14:51"
".venv\Lib\site-packages\numpy\fft\_helper.py","7022","2026-05-14 22:14:51"
".venv\Lib\site-packages\numpy\fft\_helper.pyi","1420","2026-05-14 22:14:51"
".venv\Lib\site-packages\numpy\fft\_pocketfft_umath.cp312-win_amd64.lib","2176","2026-05-14 22:14:51"
".venv\Lib\site-packages\numpy\fft\_pocketfft_umath.cp312-win_amd64.pyd","276480","2026-05-14 22:14:51"
".venv\Lib\site-packages\numpy\fft\_pocketfft.py","64292","2026-05-14 22:14:51"
".venv\Lib\site-packages\numpy\fft\_pocketfft.pyi","3353","2026-05-14 22:14:51"
".venv\Lib\site-packages\numpy\fft\tests\__init__.py","0","2026-05-14 22:14:51"
".venv\Lib\site-packages\numpy\fft\tests\test_helper.py","6321","2026-05-14 22:14:51"
".venv\Lib\site-packages\numpy\fft\tests\test_pocketfft.py","25035","2026-05-14 22:14:51"
".venv\Lib\site-packages\numpy\lib\__init__.py","3101","2026-05-14 22:14:51"
".venv\Lib\site-packages\numpy\lib\__init__.pyi","1547","2026-05-14 22:14:51"
".venv\Lib\site-packages\numpy\lib\_array_utils_impl.py","1759","2026-05-14 22:14:51"
".venv\Lib\site-packages\numpy\lib\_array_utils_impl.pyi","512","2026-05-14 22:14:51"
".venv\Lib\site-packages\numpy\lib\_arraypad_impl.py","34445","2026-05-14 22:14:51"
".venv\Lib\site-packages\numpy\lib\_arraypad_impl.pyi","2017","2026-05-14 22:14:51"
".venv\Lib\site-packages\numpy\lib\_arraysetops_impl.py","38499","2026-05-14 22:14:51"
".venv\Lib\site-packages\numpy\lib\_arraysetops_impl.pyi","13617","2026-05-14 22:14:51"
".venv\Lib\site-packages\numpy\lib\_arrayterator_impl.py","7442","2026-05-14 22:14:51"
".venv\Lib\site-packages\numpy\lib\_arrayterator_impl.pyi","1920","2026-05-14 22:14:51"
".venv\Lib\site-packages\numpy\lib\_datasource.py","23431","2026-05-14 22:14:51"
".venv\Lib\site-packages\numpy\lib\_datasource.pyi","1025","2026-05-14 22:14:51"
".venv\Lib\site-packages\numpy\lib\_format_impl.py","37920","2026-05-14 22:14:51"
".venv\Lib\site-packages\numpy\lib\_format_impl.pyi","2139","2026-05-14 22:14:51"
".venv\Lib\site-packages\numpy\lib\_function_base_impl.py","199498","2026-05-14 22:14:51"
".venv\Lib\site-packages\numpy\lib\_function_base_impl.pyi","77346","2026-05-14 22:14:51"
".venv\Lib\site-packages\numpy\lib\_histograms_impl.py","39517","2026-05-14 22:14:51"
".venv\Lib\site-packages\numpy\lib\_histograms_impl.pyi","1095","2026-05-14 22:14:51"
".venv\Lib\site-packages\numpy\lib\_index_tricks_impl.py","32567","2026-05-14 22:14:51"
".venv\Lib\site-packages\numpy\lib\_index_tricks_impl.pyi","8483","2026-05-14 22:14:51"
".venv\Lib\site-packages\numpy\lib\_iotools.py","31776","2026-05-14 22:14:51"
".venv\Lib\site-packages\numpy\lib\_iotools.pyi","3768","2026-05-14 22:14:51"
".venv\Lib\site-packages\numpy\lib\_nanfunctions_impl.py","73405","2026-05-14 22:14:51"
".venv\Lib\site-packages\numpy\lib\_nanfunctions_impl.pyi","864","2026-05-14 22:14:51"
".venv\Lib\site-packages\numpy\lib\_npyio_impl.py","101219","2026-05-14 22:14:51"
".venv\Lib\site-packages\numpy\lib\_npyio_impl.pyi","9793","2026-05-14 22:14:51"
".venv\Lib\site-packages\numpy\lib\_polynomial_impl.py","45590","2026-05-14 22:14:51"
".venv\Lib\site-packages\numpy\lib\_polynomial_impl.pyi","7887","2026-05-14 22:14:51"
".venv\Lib\site-packages\numpy\lib\_scimath_impl.py","16326","2026-05-14 22:14:51"
".venv\Lib\site-packages\numpy\lib\_scimath_impl.pyi","2867","2026-05-14 22:14:51"
".venv\Lib\site-packages\numpy\lib\_shape_base_impl.py","40302","2026-05-14 22:14:51"
".venv\Lib\site-packages\numpy\lib\_shape_base_impl.pyi","5777","2026-05-14 22:14:51"
".venv\Lib\site-packages\numpy\lib\_stride_tricks_impl.py","19697","2026-05-14 22:14:51"
".venv\Lib\site-packages\numpy\lib\_stride_tricks_impl.pyi","2032","2026-05-14 22:14:51"
".venv\Lib\site-packages\numpy\lib\_twodim_base_impl.py","35124","2026-05-14 22:14:51"
".venv\Lib\site-packages\numpy\lib\_twodim_base_impl.pyi","13432","2026-05-14 22:14:51"
".venv\Lib\site-packages\numpy\lib\_type_check_impl.py","20624","2026-05-14 22:14:51"
".venv\Lib\site-packages\numpy\lib\_type_check_impl.pyi","10042","2026-05-14 22:14:51"
".venv\Lib\site-packages\numpy\lib\_ufunclike_impl.py","6213","2026-05-14 22:14:51"
".venv\Lib\site-packages\numpy\lib\_ufunclike_impl.pyi","1774","2026-05-14 22:14:51"
".venv\Lib\site-packages\numpy\lib\_user_array_impl.py","8336","2026-05-14 22:14:51"
".venv\Lib\site-packages\numpy\lib\_user_array_impl.pyi","9494","2026-05-14 22:14:51"
".venv\Lib\site-packages\numpy\lib\_utils_impl.py","24283","2026-05-14 22:14:51"
".venv\Lib\site-packages\numpy\lib\_utils_impl.pyi","746","2026-05-14 22:14:51"
".venv\Lib\site-packages\numpy\lib\_version.py","4936","2026-05-14 22:14:51"
".venv\Lib\site-packages\numpy\lib\_version.pyi","658","2026-05-14 22:14:51"
".venv\Lib\site-packages\numpy\lib\array_utils.py","151","2026-05-14 22:14:51"
".venv\Lib\site-packages\numpy\lib\array_utils.pyi","197","2026-05-14 22:14:51"
".venv\Lib\site-packages\numpy\lib\format.py","501","2026-05-14 22:14:51"
".venv\Lib\site-packages\numpy\lib\format.pyi","876","2026-05-14 22:14:51"
".venv\Lib\site-packages\numpy\lib\introspect.py","2843","2026-05-14 22:14:51"
".venv\Lib\site-packages\numpy\lib\introspect.pyi","155","2026-05-14 22:14:51"
".venv\Lib\site-packages\numpy\lib\mixins.py","7375","2026-05-14 22:14:51"
".venv\Lib\site-packages\numpy\lib\mixins.pyi","3260","2026-05-14 22:14:51"
".venv\Lib\site-packages\numpy\lib\npyio.py","69","2026-05-14 22:14:51"
".venv\Lib\site-packages\numpy\lib\npyio.pyi","121","2026-05-14 22:14:51"
".venv\Lib\site-packages\numpy\lib\recfunctions.py","61220","2026-05-14 22:14:51"
".venv\Lib\site-packages\numpy\lib\recfunctions.pyi","13896","2026-05-14 22:14:51"
".venv\Lib\site-packages\numpy\lib\scimath.py","182","2026-05-14 22:14:51"
".venv\Lib\site-packages\numpy\lib\scimath.pyi","245","2026-05-14 22:14:51"
".venv\Lib\site-packages\numpy\lib\stride_tricks.py","89","2026-05-14 22:14:51"
".venv\Lib\site-packages\numpy\lib\stride_tricks.pyi","128","2026-05-14 22:14:51"
".venv\Lib\site-packages\numpy\lib\tests\__init__.py","0","2026-05-14 22:14:51"
".venv\Lib\site-packages\numpy\lib\tests\data\py2-np0-objarr.npy","258","2026-05-14 22:14:51"
".venv\Lib\site-packages\numpy\lib\tests\data\py2-objarr.npy","258","2026-05-14 22:14:51"
".venv\Lib\site-packages\numpy\lib\tests\data\py2-objarr.npz","366","2026-05-14 22:14:51"
".venv\Lib\site-packages\numpy\lib\tests\data\py3-objarr.npy","325","2026-05-14 22:14:51"
".venv\Lib\site-packages\numpy\lib\tests\data\py3-objarr.npz","453","2026-05-14 22:14:51"
".venv\Lib\site-packages\numpy\lib\tests\data\python3.npy","96","2026-05-14 22:14:51"
".venv\Lib\site-packages\numpy\lib\tests\data\win64python2.npy","96","2026-05-14 22:14:51"
".venv\Lib\site-packages\numpy\lib\tests\test__datasource.py","10892","2026-05-14 22:14:51"
".venv\Lib\site-packages\numpy\lib\tests\test__iotools.py","14188","2026-05-14 22:14:51"
".venv\Lib\site-packages\numpy\lib\tests\test__version.py","2063","2026-05-14 22:14:51"
".venv\Lib\site-packages\numpy\lib\tests\test_array_utils.py","1150","2026-05-14 22:14:51"
".venv\Lib\site-packages\numpy\lib\tests\test_arraypad.py","58043","2026-05-14 22:14:51"
".venv\Lib\site-packages\numpy\lib\tests\test_arraysetops.py","49048","2026-05-14 22:14:51"
".venv\Lib\site-packages\numpy\lib\tests\test_arrayterator.py","1341","2026-05-14 22:14:51"
".venv\Lib\site-packages\numpy\lib\tests\test_format.py","43012","2026-05-14 22:14:51"
".venv\Lib\site-packages\numpy\lib\tests\test_function_base.py","182973","2026-05-14 22:14:51"
".venv\Lib\site-packages\numpy\lib\tests\test_histograms.py","34806","2026-05-14 22:14:51"
".venv\Lib\site-packages\numpy\lib\tests\test_index_tricks.py","25100","2026-05-14 22:14:51"
".venv\Lib\site-packages\numpy\lib\tests\test_io.py","114257","2026-05-14 22:14:51"
".venv\Lib\site-packages\numpy\lib\tests\test_loadtxt.py","41590","2026-05-14 22:14:51"
".venv\Lib\site-packages\numpy\lib\tests\test_mixins.py","7224","2026-05-14 22:14:51"
".venv\Lib\site-packages\numpy\lib\tests\test_nanfunctions.py","55735","2026-05-14 22:14:51"
".venv\Lib\site-packages\numpy\lib\tests\test_packbits.py","17919","2026-05-14 22:14:51"
".venv\Lib\site-packages\numpy\lib\tests\test_polynomial.py","12730","2026-05-14 22:14:51"
".venv\Lib\site-packages\numpy\lib\tests\test_recfunctions.py","45015","2026-05-14 22:14:51"
".venv\Lib\site-packages\numpy\lib\tests\test_regression.py","7947","2026-05-14 22:14:51"
".venv\Lib\site-packages\numpy\lib\tests\test_shape_base.py","28219","2026-05-14 22:14:51"
".venv\Lib\site-packages\numpy\lib\tests\test_stride_tricks.py","23667","2026-05-14 22:14:51"
".venv\Lib\site-packages\numpy\lib\tests\test_twodim_base.py","19484","2026-05-14 22:14:51"
".venv\Lib\site-packages\numpy\lib\tests\test_type_check.py","15269","2026-05-14 22:14:51"
".venv\Lib\site-packages\numpy\lib\tests\test_ufunclike.py","3112","2026-05-14 22:14:51"
".venv\Lib\site-packages\numpy\lib\tests\test_utils.py","2454","2026-05-14 22:14:51"
".venv\Lib\site-packages\numpy\lib\user_array.py","64","2026-05-14 22:14:51"
".venv\Lib\site-packages\numpy\lib\user_array.pyi","54","2026-05-14 22:14:51"
".venv\Lib\site-packages\numpy\linalg\__init__.py","2171","2026-05-14 22:14:51"
".venv\Lib\site-packages\numpy\linalg\__init__.pyi","1087","2026-05-14 22:14:51"
".venv\Lib\site-packages\numpy\linalg\_linalg.py","118474","2026-05-14 22:14:51"
".venv\Lib\site-packages\numpy\linalg\_linalg.pyi","14024","2026-05-14 22:14:51"
".venv\Lib\site-packages\numpy\linalg\_umath_linalg.cp312-win_amd64.lib","2120","2026-05-14 22:14:51"
".venv\Lib\site-packages\numpy\linalg\_umath_linalg.cp312-win_amd64.pyd","112128","2026-05-14 22:14:51"
".venv\Lib\site-packages\numpy\linalg\_umath_linalg.pyi","1451","2026-05-14 22:14:51"
".venv\Lib\site-packages\numpy\linalg\lapack_lite.cp312-win_amd64.lib","2084","2026-05-14 22:14:51"
".venv\Lib\site-packages\numpy\linalg\lapack_lite.cp312-win_amd64.pyd","18944","2026-05-14 22:14:51"
".venv\Lib\site-packages\numpy\linalg\lapack_lite.pyi","2850","2026-05-14 22:14:51"
".venv\Lib\site-packages\numpy\linalg\tests\__init__.py","0","2026-05-14 22:14:51"
".venv\Lib\site-packages\numpy\linalg\tests\test_deprecations.py","637","2026-05-14 22:14:51"
".venv\Lib\site-packages\numpy\linalg\tests\test_linalg.py","87492","2026-05-14 22:14:51"
".venv\Lib\site-packages\numpy\linalg\tests\test_regression.py","7237","2026-05-14 22:14:51"
".venv\Lib\site-packages\numpy\ma\__init__.py","1459","2026-05-14 22:14:51"
".venv\Lib\site-packages\numpy\ma\__init__.pyi","7404","2026-05-14 22:14:51"
".venv\Lib\site-packages\numpy\ma\API_CHANGES.txt","3540","2026-05-14 22:14:51"
".venv\Lib\site-packages\numpy\ma\core.py","298184","2026-05-14 22:14:51"
".venv\Lib\site-packages\numpy\ma\core.pyi","135211","2026-05-14 22:14:51"
".venv\Lib\site-packages\numpy\ma\extras.py","70056","2026-05-14 22:14:51"
".venv\Lib\site-packages\numpy\ma\extras.pyi","9233","2026-05-14 22:14:51"
".venv\Lib\site-packages\numpy\ma\LICENSE","1616","2026-05-14 22:14:51"
".venv\Lib\site-packages\numpy\ma\mrecords.py","27248","2026-05-14 22:14:51"
".venv\Lib\site-packages\numpy\ma\mrecords.pyi","2169","2026-05-14 22:14:51"
".venv\Lib\site-packages\numpy\ma\README.rst","10110","2026-05-14 22:14:51"
".venv\Lib\site-packages\numpy\ma\tests\__init__.py","0","2026-05-14 22:14:51"
".venv\Lib\site-packages\numpy\ma\tests\test_arrayobject.py","1139","2026-05-14 22:14:51"
".venv\Lib\site-packages\numpy\ma\tests\test_core.py","230866","2026-05-14 22:14:51"
".venv\Lib\site-packages\numpy\ma\tests\test_deprecations.py","2089","2026-05-14 22:14:51"
".venv\Lib\site-packages\numpy\ma\tests\test_extras.py","77205","2026-05-14 22:14:51"
".venv\Lib\site-packages\numpy\ma\tests\test_mrecords.py","20332","2026-05-14 22:14:51"
".venv\Lib\site-packages\numpy\ma\tests\test_old_ma.py","34014","2026-05-14 22:14:51"
".venv\Lib\site-packages\numpy\ma\tests\test_regression.py","2802","2026-05-14 22:14:51"
".venv\Lib\site-packages\numpy\ma\tests\test_subclassing.py","17439","2026-05-14 22:14:51"
".venv\Lib\site-packages\numpy\ma\testutils.py","10507","2026-05-14 22:14:51"
".venv\Lib\site-packages\numpy\ma\testutils.pyi","2359","2026-05-14 22:14:51"
".venv\Lib\site-packages\numpy\matlib.py","11018","2026-05-14 22:14:50"
".venv\Lib\site-packages\numpy\matlib.pyi","10313","2026-05-14 22:14:50"
".venv\Lib\site-packages\numpy\matrixlib\__init__.py","255","2026-05-14 22:14:51"
".venv\Lib\site-packages\numpy\matrixlib\__init__.pyi","91","2026-05-14 22:14:51"
".venv\Lib\site-packages\numpy\matrixlib\defmatrix.py","31994","2026-05-14 22:14:51"
".venv\Lib\site-packages\numpy\matrixlib\defmatrix.pyi","11284","2026-05-14 22:14:51"
".venv\Lib\site-packages\numpy\matrixlib\tests\__init__.py","0","2026-05-14 22:14:51"
".venv\Lib\site-packages\numpy\matrixlib\tests\test_defmatrix.py","15405","2026-05-14 22:14:51"
".venv\Lib\site-packages\numpy\matrixlib\tests\test_interaction.py","12234","2026-05-14 22:14:51"
".venv\Lib\site-packages\numpy\matrixlib\tests\test_masked_matrix.py","9062","2026-05-14 22:14:51"
".venv\Lib\site-packages\numpy\matrixlib\tests\test_matrix_linalg.py","2341","2026-05-14 22:14:51"
".venv\Lib\site-packages\numpy\matrixlib\tests\test_multiarray.py","572","2026-05-14 22:14:51"
".venv\Lib\site-packages\numpy\matrixlib\tests\test_numeric.py","465","2026-05-14 22:14:51"
".venv\Lib\site-packages\numpy\matrixlib\tests\test_regression.py","965","2026-05-14 22:14:51"
".venv\Lib\site-packages\numpy\polynomial\__init__.py","6913","2026-05-14 22:14:51"
".venv\Lib\site-packages\numpy\polynomial\__init__.pyi","743","2026-05-14 22:14:51"
".venv\Lib\site-packages\numpy\polynomial\_polybase.py","40549","2026-05-14 22:14:51"
".venv\Lib\site-packages\numpy\polynomial\_polybase.pyi","8029","2026-05-14 22:14:51"
".venv\Lib\site-packages\numpy\polynomial\_polytypes.pyi","16735","2026-05-14 22:14:51"
".venv\Lib\site-packages\numpy\polynomial\chebyshev.py","64287","2026-05-14 22:14:51"
".venv\Lib\site-packages\numpy\polynomial\chebyshev.pyi","5278","2026-05-14 22:14:51"
".venv\Lib\site-packages\numpy\polynomial\hermite_e.py","53913","2026-05-14 22:14:51"
".venv\Lib\site-packages\numpy\polynomial\hermite_e.pyi","2811","2026-05-14 22:14:51"
".venv\Lib\site-packages\numpy\polynomial\hermite.py","56309","2026-05-14 22:14:51"
".venv\Lib\site-packages\numpy\polynomial\hermite.pyi","2744","2026-05-14 22:14:51"
".venv\Lib\site-packages\numpy\polynomial\laguerre.py","54120","2026-05-14 22:14:51"
".venv\Lib\site-packages\numpy\polynomial\laguerre.pyi","2466","2026-05-14 22:14:51"
".venv\Lib\site-packages\numpy\polynomial\legendre.py","52705","2026-05-14 22:14:51"
".venv\Lib\site-packages\numpy\polynomial\legendre.pyi","2466","2026-05-14 22:14:51"
".venv\Lib\site-packages\numpy\polynomial\polynomial.py","54294","2026-05-14 22:14:51"
".venv\Lib\site-packages\numpy\polynomial\polynomial.pyi","3098","2026-05-14 22:14:51"
".venv\Lib\site-packages\numpy\polynomial\polyutils.py","23394","2026-05-14 22:14:51"
".venv\Lib\site-packages\numpy\polynomial\polyutils.pyi","10801","2026-05-14 22:14:51"
".venv\Lib\site-packages\numpy\polynomial\tests\__init__.py","0","2026-05-14 22:14:51"
".venv\Lib\site-packages\numpy\polynomial\tests\test_chebyshev.py","21247","2026-05-14 22:14:51"
".venv\Lib\site-packages\numpy\polynomial\tests\test_classes.py","19144","2026-05-14 22:14:51"
".venv\Lib\site-packages\numpy\polynomial\tests\test_hermite_e.py","19559","2026-05-14 22:14:51"
".venv\Lib\site-packages\numpy\polynomial\tests\test_hermite.py","19219","2026-05-14 22:14:51"
".venv\Lib\site-packages\numpy\polynomial\tests\test_laguerre.py","18151","2026-05-14 22:14:51"
".venv\Lib\site-packages\numpy\polynomial\tests\test_legendre.py","19350","2026-05-14 22:14:51"
".venv\Lib\site-packages\numpy\polynomial\tests\test_polynomial.py","24255","2026-05-14 22:14:51"
".venv\Lib\site-packages\numpy\polynomial\tests\test_polyutils.py","3882","2026-05-14 22:14:51"
".venv\Lib\site-packages\numpy\polynomial\tests\test_printing.py","22116","2026-05-14 22:14:51"
".venv\Lib\site-packages\numpy\polynomial\tests\test_symbol.py","5592","2026-05-14 22:14:51"
".venv\Lib\site-packages\numpy\py.typed","0","2026-05-14 22:14:50"
".venv\Lib\site-packages\numpy\random\__init__.pxd","445","2026-05-14 22:14:51"
".venv\Lib\site-packages\numpy\random\__init__.py","7693","2026-05-14 22:14:51"
".venv\Lib\site-packages\numpy\random\__init__.pyi","2233","2026-05-14 22:14:51"
".venv\Lib\site-packages\numpy\random\_bounded_integers.cp312-win_amd64.lib","18000","2026-05-14 22:14:51"
".venv\Lib\site-packages\numpy\random\_bounded_integers.cp312-win_amd64.pyd","207360","2026-05-14 22:14:51"
".venv\Lib\site-packages\numpy\random\_bounded_integers.pxd","1763","2026-05-14 22:14:51"
".venv\Lib\site-packages\numpy\random\_bounded_integers.pyi","25","2026-05-14 22:14:51"
".venv\Lib\site-packages\numpy\random\_common.cp312-win_amd64.lib","2012","2026-05-14 22:14:51"
".venv\Lib\site-packages\numpy\random\_common.cp312-win_amd64.pyd","167424","2026-05-14 22:14:51"
".venv\Lib\site-packages\numpy\random\_common.pxd","5156","2026-05-14 22:14:51"
".venv\Lib\site-packages\numpy\random\_common.pyi","437","2026-05-14 22:14:51"
".venv\Lib\site-packages\numpy\random\_examples\cffi\extending.py","928","2026-05-14 22:14:51"
".venv\Lib\site-packages\numpy\random\_examples\cffi\parse.py","1803","2026-05-14 22:14:51"
".venv\Lib\site-packages\numpy\random\_examples\cython\extending_distributions.pyx","3961","2026-05-14 22:14:51"
".venv\Lib\site-packages\numpy\random\_examples\cython\extending.pyx","2344","2026-05-14 22:14:51"
".venv\Lib\site-packages\numpy\random\_examples\cython\meson.build","1747","2026-05-14 22:14:51"
".venv\Lib\site-packages\numpy\random\_examples\numba\extending_distributions.py","2103","2026-05-14 22:14:51"
".venv\Lib\site-packages\numpy\random\_examples\numba\extending.py","2045","2026-05-14 22:14:51"
".venv\Lib\site-packages\numpy\random\_generator.cp312-win_amd64.lib","18400","2026-05-14 22:14:51"
".venv\Lib\site-packages\numpy\random\_generator.cp312-win_amd64.pyd","585216","2026-05-14 22:14:51"
".venv\Lib\site-packages\numpy\random\_generator.pyi","25321","2026-05-14 22:14:51"
".venv\Lib\site-packages\numpy\random\_mt19937.cp312-win_amd64.lib","2032","2026-05-14 22:14:51"
".venv\Lib\site-packages\numpy\random\_mt19937.cp312-win_amd64.pyd","83968","2026-05-14 22:14:51"
".venv\Lib\site-packages\numpy\random\_mt19937.pyi","849","2026-05-14 22:14:51"
".venv\Lib\site-packages\numpy\random\_pcg64.cp312-win_amd64.lib","1996","2026-05-14 22:14:51"
".venv\Lib\site-packages\numpy\random\_pcg64.cp312-win_amd64.pyd","94720","2026-05-14 22:14:51"
".venv\Lib\site-packages\numpy\random\_pcg64.pyi","1214","2026-05-14 22:14:51"
".venv\Lib\site-packages\numpy\random\_philox.cp312-win_amd64.lib","2012","2026-05-14 22:14:51"
".venv\Lib\site-packages\numpy\random\_philox.cp312-win_amd64.pyd","78336","2026-05-14 22:14:51"
".venv\Lib\site-packages\numpy\random\_philox.pyi","1049","2026-05-14 22:14:51"
".venv\Lib\site-packages\numpy\random\_pickle.py","2830","2026-05-14 22:14:51"
".venv\Lib\site-packages\numpy\random\_pickle.pyi","1651","2026-05-14 22:14:51"
".venv\Lib\site-packages\numpy\random\_sfc64.cp312-win_amd64.lib","1996","2026-05-14 22:14:51"
".venv\Lib\site-packages\numpy\random\_sfc64.cp312-win_amd64.pyd","59904","2026-05-14 22:14:51"
".venv\Lib\site-packages\numpy\random\_sfc64.pyi","716","2026-05-14 22:14:51"
".venv\Lib\site-packages\numpy\random\bit_generator.cp312-win_amd64.lib","2120","2026-05-14 22:14:51"
".venv\Lib\site-packages\numpy\random\bit_generator.cp312-win_amd64.pyd","157696","2026-05-14 22:14:51"
".venv\Lib\site-packages\numpy\random\bit_generator.pxd","1244","2026-05-14 22:14:51"
".venv\Lib\site-packages\numpy\random\bit_generator.pyi","3726","2026-05-14 22:14:51"
".venv\Lib\site-packages\numpy\random\c_distributions.pxd","6454","2026-05-14 22:14:51"
".venv\Lib\site-packages\numpy\random\lib\npyrandom.lib","149644","2026-05-14 22:14:51"
".venv\Lib\site-packages\numpy\random\LICENSE.md","3582","2026-05-14 22:14:51"
".venv\Lib\site-packages\numpy\random\mtrand.cp312-win_amd64.lib","17122","2026-05-14 22:14:51"
".venv\Lib\site-packages\numpy\random\mtrand.cp312-win_amd64.pyd","488960","2026-05-14 22:14:51"
".venv\Lib\site-packages\numpy\random\mtrand.pyi","24560","2026-05-14 22:14:51"
".venv\Lib\site-packages\numpy\random\tests\__init__.py","0","2026-05-14 22:14:51"
".venv\Lib\site-packages\numpy\random\tests\data\__init__.py","0","2026-05-14 22:14:51"
".venv\Lib\site-packages\numpy\random\tests\data\generator_pcg64_np121.pkl.gz","203","2026-05-14 22:14:51"
".venv\Lib\site-packages\numpy\random\tests\data\generator_pcg64_np126.pkl.gz","208","2026-05-14 22:14:51"
".venv\Lib\site-packages\numpy\random\tests\data\mt19937-testset-1.csv","16845","2026-05-14 22:14:51"
".venv\Lib\site-packages\numpy\random\tests\data\mt19937-testset-2.csv","16826","2026-05-14 22:14:51"
".venv\Lib\site-packages\numpy\random\tests\data\pcg64-testset-1.csv","24840","2026-05-14 22:14:51"
".venv\Lib\site-packages\numpy\random\tests\data\pcg64-testset-2.csv","24846","2026-05-14 22:14:51"
".venv\Lib\site-packages\numpy\random\tests\data\pcg64dxsm-testset-1.csv","24834","2026-05-14 22:14:51"
".venv\Lib\site-packages\numpy\random\tests\data\pcg64dxsm-testset-2.csv","24840","2026-05-14 22:14:51"
".venv\Lib\site-packages\numpy\random\tests\data\philox-testset-1.csv","24853","2026-05-14 22:14:51"
".venv\Lib\site-packages\numpy\random\tests\data\philox-testset-2.csv","24839","2026-05-14 22:14:51"
".venv\Lib\site-packages\numpy\random\tests\data\sfc64_np126.pkl.gz","290","2026-05-14 22:14:51"
".venv\Lib\site-packages\numpy\random\tests\data\sfc64-testset-1.csv","24841","2026-05-14 22:14:51"
".venv\Lib\site-packages\numpy\random\tests\data\sfc64-testset-2.csv","24834","2026-05-14 22:14:51"
".venv\Lib\site-packages\numpy\random\tests\test_direct.py","20618","2026-05-14 22:14:51"
".venv\Lib\site-packages\numpy\random\tests\test_extending.py","4820","2026-05-14 22:14:51"
".venv\Lib\site-packages\numpy\random\tests\test_generator_mt19937_regressions.py","8859","2026-05-14 22:14:51"
".venv\Lib\site-packages\numpy\random\tests\test_generator_mt19937.py","121685","2026-05-14 22:14:51"
".venv\Lib\site-packages\numpy\random\tests\test_random.py","73002","2026-05-14 22:14:51"
".venv\Lib\site-packages\numpy\random\tests\test_randomstate_regression.py","8260","2026-05-14 22:14:51"
".venv\Lib\site-packages\numpy\random\tests\test_randomstate.py","89848","2026-05-14 22:14:51"
".venv\Lib\site-packages\numpy\random\tests\test_regression.py","6499","2026-05-14 22:14:51"
".venv\Lib\site-packages\numpy\random\tests\test_seed_sequence.py","3389","2026-05-14 22:14:51"
".venv\Lib\site-packages\numpy\random\tests\test_smoke.py","30817","2026-05-14 22:14:51"
".venv\Lib\site-packages\numpy\rec\__init__.py","85","2026-05-14 22:14:51"
".venv\Lib\site-packages\numpy\rec\__init__.pyi","370","2026-05-14 22:14:51"
".venv\Lib\site-packages\numpy\strings\__init__.py","85","2026-05-14 22:14:51"
".venv\Lib\site-packages\numpy\strings\__init__.pyi","1416","2026-05-14 22:14:51"
".venv\Lib\site-packages\numpy\testing\__init__.py","603","2026-05-14 22:14:51"
".venv\Lib\site-packages\numpy\testing\__init__.pyi","2295","2026-05-14 22:14:51"
".venv\Lib\site-packages\numpy\testing\_private\__init__.py","0","2026-05-14 22:14:51"
".venv\Lib\site-packages\numpy\testing\_private\__init__.pyi","0","2026-05-14 22:14:51"
".venv\Lib\site-packages\numpy\testing\_private\extbuild.py","7966","2026-05-14 22:14:51"
".venv\Lib\site-packages\numpy\testing\_private\extbuild.pyi","678","2026-05-14 22:14:51"
".venv\Lib\site-packages\numpy\testing\_private\utils.py","101550","2026-05-14 22:14:51"
".venv\Lib\site-packages\numpy\testing\_private\utils.pyi","13730","2026-05-14 22:14:51"
".venv\Lib\site-packages\numpy\testing\overrides.py","2218","2026-05-14 22:14:51"
".venv\Lib\site-packages\numpy\testing\overrides.pyi","406","2026-05-14 22:14:51"
".venv\Lib\site-packages\numpy\testing\print_coercion_tables.py","6493","2026-05-14 22:14:51"
".venv\Lib\site-packages\numpy\testing\print_coercion_tables.pyi","846","2026-05-14 22:14:51"
".venv\Lib\site-packages\numpy\testing\tests\__init__.py","0","2026-05-14 22:14:51"
".venv\Lib\site-packages\numpy\testing\tests\test_utils.py","81824","2026-05-14 22:14:51"
".venv\Lib\site-packages\numpy\tests\__init__.py","0","2026-05-14 22:14:51"
".venv\Lib\site-packages\numpy\tests\test__all__.py","232","2026-05-14 22:14:51"
".venv\Lib\site-packages\numpy\tests\test_configtool.py","1863","2026-05-14 22:14:51"
".venv\Lib\site-packages\numpy\tests\test_ctypeslib.py","13215","2026-05-14 22:14:51"
".venv\Lib\site-packages\numpy\tests\test_lazyloading.py","1304","2026-05-14 22:14:51"
".venv\Lib\site-packages\numpy\tests\test_matlib.py","1913","2026-05-14 22:14:51"
".venv\Lib\site-packages\numpy\tests\test_numpy_config.py","1364","2026-05-14 22:14:51"
".venv\Lib\site-packages\numpy\tests\test_numpy_version.py","1798","2026-05-14 22:14:51"
".venv\Lib\site-packages\numpy\tests\test_public_api.py","28813","2026-05-14 22:14:51"
".venv\Lib\site-packages\numpy\tests\test_reloading.py","2762","2026-05-14 22:14:51"
".venv\Lib\site-packages\numpy\tests\test_scripts.py","1694","2026-05-14 22:14:51"
".venv\Lib\site-packages\numpy\tests\test_warnings.py","2499","2026-05-14 22:14:51"
".venv\Lib\site-packages\numpy\typing\__init__.py","7217","2026-05-14 22:14:51"
".venv\Lib\site-packages\numpy\typing\__init__.pyi","130","2026-05-14 22:14:51"
".venv\Lib\site-packages\numpy\typing\mypy_plugin.py","7046","2026-05-14 22:14:51"
".venv\Lib\site-packages\numpy\typing\tests\__init__.py","0","2026-05-14 22:14:51"
".venv\Lib\site-packages\numpy\typing\tests\data\fail\arithmetic.pyi","3812","2026-05-14 22:14:51"
".venv\Lib\site-packages\numpy\typing\tests\data\fail\array_constructors.pyi","1234","2026-05-14 22:14:51"
".venv\Lib\site-packages\numpy\typing\tests\data\fail\array_like.pyi","511","2026-05-14 22:14:51"
".venv\Lib\site-packages\numpy\typing\tests\data\fail\array_pad.pyi","143","2026-05-14 22:14:52"
".venv\Lib\site-packages\numpy\typing\tests\data\fail\arrayprint.pyi","543","2026-05-14 22:14:51"
".venv\Lib\site-packages\numpy\typing\tests\data\fail\arrayterator.pyi","477","2026-05-14 22:14:51"
".venv\Lib\site-packages\numpy\typing\tests\data\fail\bitwise_ops.pyi","397","2026-05-14 22:14:52"
".venv\Lib\site-packages\numpy\typing\tests\data\fail\char.pyi","2737","2026-05-14 22:14:52"
".venv\Lib\site-packages\numpy\typing\tests\data\fail\chararray.pyi","2310","2026-05-14 22:14:52"
".venv\Lib\site-packages\numpy\typing\tests\data\fail\comparisons.pyi","763","2026-05-14 22:14:52"
".venv\Lib\site-packages\numpy\typing\tests\data\fail\constants.pyi","81","2026-05-14 22:14:52"
".venv\Lib\site-packages\numpy\typing\tests\data\fail\datasource.pyi","436","2026-05-14 22:14:52"
".venv\Lib\site-packages\numpy\typing\tests\data\fail\dtype.pyi","322","2026-05-14 22:14:52"
".venv\Lib\site-packages\numpy\typing\tests\data\fail\einsumfunc.pyi","470","2026-05-14 22:14:52"
".venv\Lib\site-packages\numpy\typing\tests\data\fail\flatiter.pyi","1169","2026-05-14 22:14:52"
".venv\Lib\site-packages\numpy\typing\tests\data\fail\fromnumeric.pyi","5836","2026-05-14 22:14:52"
".venv\Lib\site-packages\numpy\typing\tests\data\fail\histograms.pyi","388","2026-05-14 22:14:52"
".venv\Lib\site-packages\numpy\typing\tests\data\fail\index_tricks.pyi","531","2026-05-14 22:14:52"
".venv\Lib\site-packages\numpy\typing\tests\data\fail\lib_function_base.pyi","2723","2026-05-14 22:14:52"
".venv\Lib\site-packages\numpy\typing\tests\data\fail\lib_polynomial.pyi","966","2026-05-14 22:14:52"
".venv\Lib\site-packages\numpy\typing\tests\data\fail\lib_utils.pyi","101","2026-05-14 22:14:52"
".venv\Lib\site-packages\numpy\typing\tests\data\fail\lib_version.pyi","160","2026-05-14 22:14:52"
".venv\Lib\site-packages\numpy\typing\tests\data\fail\linalg.pyi","1592","2026-05-14 22:14:52"
".venv\Lib\site-packages\numpy\typing\tests\data\fail\ma.pyi","7161","2026-05-14 22:14:52"
".venv\Lib\site-packages\numpy\typing\tests\data\fail\memmap.pyi","174","2026-05-14 22:14:52"
".venv\Lib\site-packages\numpy\typing\tests\data\fail\modules.pyi","620","2026-05-14 22:14:52"
".venv\Lib\site-packages\numpy\typing\tests\data\fail\multiarray.pyi","1718","2026-05-14 22:14:52"
".venv\Lib\site-packages\numpy\typing\tests\data\fail\ndarray_misc.pyi","1451","2026-05-14 22:14:52"
".venv\Lib\site-packages\numpy\typing\tests\data\fail\ndarray.pyi","392","2026-05-14 22:14:52"
".venv\Lib\site-packages\numpy\typing\tests\data\fail\nditer.pyi","332","2026-05-14 22:14:52"
".venv\Lib\site-packages\numpy\typing\tests\data\fail\nested_sequence.pyi","481","2026-05-14 22:14:52"
".venv\Lib\site-packages\numpy\typing\tests\data\fail\npyio.pyi","626","2026-05-14 22:14:52"
".venv\Lib\site-packages\numpy\typing\tests\data\fail\numerictypes.pyi","129","2026-05-14 22:14:52"
".venv\Lib\site-packages\numpy\typing\tests\data\fail\random.pyi","2965","2026-05-14 22:14:52"
".venv\Lib\site-packages\numpy\typing\tests\data\fail\rec.pyi","758","2026-05-14 22:14:52"
".venv\Lib\site-packages\numpy\typing\tests\data\fail\scalars.pyi","2924","2026-05-14 22:14:52"
".venv\Lib\site-packages\numpy\typing\tests\data\fail\shape_base.pyi","165","2026-05-14 22:14:52"
".venv\Lib\site-packages\numpy\typing\tests\data\fail\shape.pyi","139","2026-05-14 22:14:52"
".venv\Lib\site-packages\numpy\typing\tests\data\fail\stride_tricks.pyi","339","2026-05-14 22:14:52"
".venv\Lib\site-packages\numpy\typing\tests\data\fail\strings.pyi","2385","2026-05-14 22:14:52"
".venv\Lib\site-packages\numpy\typing\tests\data\fail\testing.pyi","1427","2026-05-14 22:14:52"
".venv\Lib\site-packages\numpy\typing\tests\data\fail\twodim_base.pyi","1171","2026-05-14 22:14:52"
".venv\Lib\site-packages\numpy\typing\tests\data\fail\type_check.pyi","382","2026-05-14 22:14:52"
".venv\Lib\site-packages\numpy\typing\tests\data\fail\ufunc_config.pyi","610","2026-05-14 22:14:52"
".venv\Lib\site-packages\numpy\typing\tests\data\fail\ufunclike.pyi","670","2026-05-14 22:14:52"
".venv\Lib\site-packages\numpy\typing\tests\data\fail\ufuncs.pyi","522","2026-05-14 22:14:52"
".venv\Lib\site-packages\numpy\typing\tests\data\fail\warnings_and_errors.pyi","205","2026-05-14 22:14:52"
".venv\Lib\site-packages\numpy\typing\tests\data\misc\extended_precision.pyi","331","2026-05-14 22:14:52"
".venv\Lib\site-packages\numpy\typing\tests\data\mypy.ini","222","2026-05-14 22:14:51"
".venv\Lib\site-packages\numpy\typing\tests\data\pass\arithmetic.py","8380","2026-05-14 22:14:52"
".venv\Lib\site-packages\numpy\typing\tests\data\pass\array_constructors.py","2586","2026-05-14 22:14:52"
".venv\Lib\site-packages\numpy\typing\tests\data\pass\array_like.py","1075","2026-05-14 22:14:52"
".venv\Lib\site-packages\numpy\typing\tests\data\pass\arrayprint.py","803","2026-05-14 22:14:52"
".venv\Lib\site-packages\numpy\typing\tests\data\pass\arrayterator.py","422","2026-05-14 22:14:52"
".venv\Lib\site-packages\numpy\typing\tests\data\pass\bitwise_ops.py","1090","2026-05-14 22:14:52"
".venv\Lib\site-packages\numpy\typing\tests\data\pass\comparisons.py","3606","2026-05-14 22:14:52"
".venv\Lib\site-packages\numpy\typing\tests\data\pass\dtype.py","1127","2026-05-14 22:14:52"
".venv\Lib\site-packages\numpy\typing\tests\data\pass\einsumfunc.py","1406","2026-05-14 22:14:52"
".venv\Lib\site-packages\numpy\typing\tests\data\pass\flatiter.py","288","2026-05-14 22:14:52"
".venv\Lib\site-packages\numpy\typing\tests\data\pass\fromnumeric.py","4263","2026-05-14 22:14:52"
".venv\Lib\site-packages\numpy\typing\tests\data\pass\index_tricks.py","1466","2026-05-14 22:14:52"
".venv\Lib\site-packages\numpy\typing\tests\data\pass\lib_user_array.py","640","2026-05-14 22:14:52"
".venv\Lib\site-packages\numpy\typing\tests\data\pass\lib_utils.py","336","2026-05-14 22:14:52"
".venv\Lib\site-packages\numpy\typing\tests\data\pass\lib_version.py","317","2026-05-14 22:14:52"
".venv\Lib\site-packages\numpy\typing\tests\data\pass\literal.py","1561","2026-05-14 22:14:52"
".venv\Lib\site-packages\numpy\typing\tests\data\pass\ma.py","4121","2026-05-14 22:14:52"
".venv\Lib\site-packages\numpy\typing\tests\data\pass\mod.py","1720","2026-05-14 22:14:52"
".venv\Lib\site-packages\numpy\typing\tests\data\pass\modules.py","670","2026-05-14 22:14:52"
".venv\Lib\site-packages\numpy\typing\tests\data\pass\multiarray.py","1456","2026-05-14 22:14:52"
".venv\Lib\site-packages\numpy\typing\tests\data\pass\ndarray_conversion.py","1530","2026-05-14 22:14:52"
".venv\Lib\site-packages\numpy\typing\tests\data\pass\ndarray_misc.py","3555","2026-05-14 22:14:52"
".venv\Lib\site-packages\numpy\typing\tests\data\pass\ndarray_shape_manipulation.py","687","2026-05-14 22:14:52"
".venv\Lib\site-packages\numpy\typing\tests\data\pass\nditer.py","67","2026-05-14 22:14:52"
".venv\Lib\site-packages\numpy\typing\tests\data\pass\numeric.py","1582","2026-05-14 22:14:52"
".venv\Lib\site-packages\numpy\typing\tests\data\pass\numerictypes.py","348","2026-05-14 22:14:52"
".venv\Lib\site-packages\numpy\typing\tests\data\pass\random.py","63323","2026-05-14 22:14:52"
".venv\Lib\site-packages\numpy\typing\tests\data\pass\recfunctions.py","5138","2026-05-14 22:14:52"
".venv\Lib\site-packages\numpy\typing\tests\data\pass\scalars.py","3974","2026-05-14 22:14:52"
".venv\Lib\site-packages\numpy\typing\tests\data\pass\shape.py","458","2026-05-14 22:14:52"
".venv\Lib\site-packages\numpy\typing\tests\data\pass\simple.py","2925","2026-05-14 22:14:52"
".venv\Lib\site-packages\numpy\typing\tests\data\pass\ufunc_config.py","1269","2026-05-14 22:14:52"
".venv\Lib\site-packages\numpy\typing\tests\data\pass\ufunclike.py","1403","2026-05-14 22:14:52"
".venv\Lib\site-packages\numpy\typing\tests\data\pass\ufuncs.py","438","2026-05-14 22:14:52"
".venv\Lib\site-packages\numpy\typing\tests\data\pass\warnings_and_errors.py","167","2026-05-14 22:14:52"
".venv\Lib\site-packages\numpy\typing\tests\data\reveal\arithmetic.pyi","27518","2026-05-14 22:14:52"
".venv\Lib\site-packages\numpy\typing\tests\data\reveal\array_api_info.pyi","3087","2026-05-14 22:14:52"
".venv\Lib\site-packages\numpy\typing\tests\data\reveal\array_constructors.pyi","15042","2026-05-14 22:14:52"
".venv\Lib\site-packages\numpy\typing\tests\data\reveal\arraypad.pyi","931","2026-05-14 22:14:52"
".venv\Lib\site-packages\numpy\typing\tests\data\reveal\arrayprint.pyi","797","2026-05-14 22:14:52"
".venv\Lib\site-packages\numpy\typing\tests\data\reveal\arraysetops.pyi","4485","2026-05-14 22:14:52"
".venv\Lib\site-packages\numpy\typing\tests\data\reveal\arrayterator.pyi","1054","2026-05-14 22:14:52"
".venv\Lib\site-packages\numpy\typing\tests\data\reveal\bitwise_ops.pyi","4803","2026-05-14 22:14:52"
".venv\Lib\site-packages\numpy\typing\tests\data\reveal\char.pyi","11777","2026-05-14 22:14:52"
".venv\Lib\site-packages\numpy\typing\tests\data\reveal\chararray.pyi","5403","2026-05-14 22:14:52"
".venv\Lib\site-packages\numpy\typing\tests\data\reveal\comparisons.pyi","7445","2026-05-14 22:14:52"
".venv\Lib\site-packages\numpy\typing\tests\data\reveal\constants.pyi","347","2026-05-14 22:14:52"
".venv\Lib\site-packages\numpy\typing\tests\data\reveal\ctypeslib.pyi","4215","2026-05-14 22:14:52"
".venv\Lib\site-packages\numpy\typing\tests\data\reveal\datasource.pyi","606","2026-05-14 22:14:52"
".venv\Lib\site-packages\numpy\typing\tests\data\reveal\dtype.pyi","4865","2026-05-14 22:14:52"
".venv\Lib\site-packages\numpy\typing\tests\data\reveal\einsumfunc.pyi","1965","2026-05-14 22:14:52"
".venv\Lib\site-packages\numpy\typing\tests\data\reveal\emath.pyi","2179","2026-05-14 22:14:52"
".venv\Lib\site-packages\numpy\typing\tests\data\reveal\fft.pyi","1638","2026-05-14 22:14:52"
".venv\Lib\site-packages\numpy\typing\tests\data\reveal\flatiter.pyi","3348","2026-05-14 22:14:52"
".venv\Lib\site-packages\numpy\typing\tests\data\reveal\fromnumeric.pyi","15526","2026-05-14 22:14:52"
".venv\Lib\site-packages\numpy\typing\tests\data\reveal\getlimits.pyi","1639","2026-05-14 22:14:52"
".venv\Lib\site-packages\numpy\typing\tests\data\reveal\histograms.pyi","1282","2026-05-14 22:14:52"
".venv\Lib\site-packages\numpy\typing\tests\data\reveal\index_tricks.pyi","3311","2026-05-14 22:14:52"
".venv\Lib\site-packages\numpy\typing\tests\data\reveal\lib_function_base.pyi","20372","2026-05-14 22:14:52"
".venv\Lib\site-packages\numpy\typing\tests\data\reveal\lib_polynomial.pyi","5849","2026-05-14 22:14:52"
".venv\Lib\site-packages\numpy\typing\tests\data\reveal\lib_utils.pyi","453","2026-05-14 22:14:52"
".venv\Lib\site-packages\numpy\typing\tests\data\reveal\lib_version.pyi","592","2026-05-14 22:14:52"
".venv\Lib\site-packages\numpy\typing\tests\data\reveal\linalg.pyi","7346","2026-05-14 22:14:52"
".venv\Lib\site-packages\numpy\typing\tests\data\reveal\ma.pyi","51706","2026-05-14 22:14:52"
".venv\Lib\site-packages\numpy\typing\tests\data\reveal\matrix.pyi","2903","2026-05-14 22:14:52"
".venv\Lib\site-packages\numpy\typing\tests\data\reveal\memmap.pyi","738","2026-05-14 22:14:52"
".venv\Lib\site-packages\numpy\typing\tests\data\reveal\mod.pyi","7356","2026-05-14 22:14:52"
".venv\Lib\site-packages\numpy\typing\tests\data\reveal\modules.pyi","1909","2026-05-14 22:14:52"
".venv\Lib\site-packages\numpy\typing\tests\data\reveal\multiarray.pyi","8250","2026-05-14 22:14:52"
".venv\Lib\site-packages\numpy\typing\tests\data\reveal\nbit_base_example.pyi","694","2026-05-14 22:14:52"
".venv\Lib\site-packages\numpy\typing\tests\data\reveal\ndarray_assignability.pyi","2993","2026-05-14 22:14:52"
".venv\Lib\site-packages\numpy\typing\tests\data\reveal\ndarray_conversion.pyi","3335","2026-05-14 22:14:52"
".venv\Lib\site-packages\numpy\typing\tests\data\reveal\ndarray_misc.pyi","8937","2026-05-14 22:14:52"
".venv\Lib\site-packages\numpy\typing\tests\data\reveal\ndarray_shape_manipulation.pyi","1745","2026-05-14 22:14:52"
".venv\Lib\site-packages\numpy\typing\tests\data\reveal\nditer.pyi","1947","2026-05-14 22:14:52"
".venv\Lib\site-packages\numpy\typing\tests\data\reveal\nested_sequence.pyi","637","2026-05-14 22:14:52"
".venv\Lib\site-packages\numpy\typing\tests\data\reveal\npyio.pyi","3583","2026-05-14 22:14:52"
".venv\Lib\site-packages\numpy\typing\tests\data\reveal\numeric.pyi","9242","2026-05-14 22:14:52"
".venv\Lib\site-packages\numpy\typing\tests\data\reveal\numerictypes.pyi","584","2026-05-14 22:14:52"
".venv\Lib\site-packages\numpy\typing\tests\data\reveal\polynomial_polybase.pyi","7843","2026-05-14 22:14:52"
".venv\Lib\site-packages\numpy\typing\tests\data\reveal\polynomial_polyutils.pyi","10837","2026-05-14 22:14:52"
".venv\Lib\site-packages\numpy\typing\tests\data\reveal\polynomial_series.pyi","7018","2026-05-14 22:14:52"
".venv\Lib\site-packages\numpy\typing\tests\data\reveal\random.pyi","105842","2026-05-14 22:14:52"
".venv\Lib\site-packages\numpy\typing\tests\data\reveal\rec.pyi","3549","2026-05-14 22:14:52"
".venv\Lib\site-packages\numpy\typing\tests\data\reveal\scalars.pyi","6569","2026-05-14 22:14:52"
".venv\Lib\site-packages\numpy\typing\tests\data\reveal\shape_base.pyi","2058","2026-05-14 22:14:52"
".venv\Lib\site-packages\numpy\typing\tests\data\reveal\shape.pyi","275","2026-05-14 22:14:52"
".venv\Lib\site-packages\numpy\typing\tests\data\reveal\stride_tricks.pyi","1342","2026-05-14 22:14:52"
".venv\Lib\site-packages\numpy\typing\tests\data\reveal\strings.pyi","9743","2026-05-14 22:14:52"
".venv\Lib\site-packages\numpy\typing\tests\data\reveal\testing.pyi","9031","2026-05-14 22:14:52"
".venv\Lib\site-packages\numpy\typing\tests\data\reveal\twodim_base.pyi","7700","2026-05-14 22:14:52"
".venv\Lib\site-packages\numpy\typing\tests\data\reveal\type_check.pyi","2459","2026-05-14 22:14:52"
".venv\Lib\site-packages\numpy\typing\tests\data\reveal\ufunc_config.pyi","1190","2026-05-14 22:14:52"
".venv\Lib\site-packages\numpy\typing\tests\data\reveal\ufunclike.pyi","1377","2026-05-14 22:14:52"
".venv\Lib\site-packages\numpy\typing\tests\data\reveal\ufuncs.pyi","6487","2026-05-14 22:14:52"
".venv\Lib\site-packages\numpy\typing\tests\data\reveal\warnings_and_errors.pyi","460","2026-05-14 22:14:52"
".venv\Lib\site-packages\numpy\typing\tests\test_isfile.py","1085","2026-05-14 22:14:51"
".venv\Lib\site-packages\numpy\typing\tests\test_runtime.py","3186","2026-05-14 22:14:51"
".venv\Lib\site-packages\numpy\typing\tests\test_typing.py","6494","2026-05-14 22:14:51"
".venv\Lib\site-packages\numpy\version.py","304","2026-05-14 22:14:50"
".venv\Lib\site-packages\numpy\version.pyi","278","2026-05-14 22:14:50"
".venv\Lib\site-packages\packaging-26.2.dist-info\INSTALLER","4","2026-05-14 22:14:50"
".venv\Lib\site-packages\packaging-26.2.dist-info\licenses\LICENSE","197","2026-05-14 22:14:50"
".venv\Lib\site-packages\packaging-26.2.dist-info\licenses\LICENSE.APACHE","10174","2026-05-14 22:14:50"
".venv\Lib\site-packages\packaging-26.2.dist-info\licenses\LICENSE.BSD","1344","2026-05-14 22:14:50"
".venv\Lib\site-packages\packaging-26.2.dist-info\METADATA","3543","2026-05-14 22:14:50"
".venv\Lib\site-packages\packaging-26.2.dist-info\RECORD","3325","2026-05-14 22:14:50"
".venv\Lib\site-packages\packaging-26.2.dist-info\WHEEL","82","2026-05-14 22:14:50"
".venv\Lib\site-packages\packaging\__init__.py","494","2026-05-14 22:14:50"
".venv\Lib\site-packages\packaging\_elffile.py","3211","2026-05-14 22:14:50"
".venv\Lib\site-packages\packaging\_manylinux.py","9559","2026-05-14 22:14:50"
".venv\Lib\site-packages\packaging\_musllinux.py","2707","2026-05-14 22:14:50"
".venv\Lib\site-packages\packaging\_parser.py","11698","2026-05-14 22:14:50"
".venv\Lib\site-packages\packaging\_structures.py","1109","2026-05-14 22:14:50"
".venv\Lib\site-packages\packaging\_tokenizer.py","5391","2026-05-14 22:14:50"
".venv\Lib\site-packages\packaging\dependency_groups.py","10218","2026-05-14 22:14:50"
".venv\Lib\site-packages\packaging\direct_url.py","10917","2026-05-14 22:14:50"
".venv\Lib\site-packages\packaging\errors.py","2680","2026-05-14 22:14:50"
".venv\Lib\site-packages\packaging\licenses\__init__.py","7293","2026-05-14 22:14:50"
".venv\Lib\site-packages\packaging\licenses\_spdx.py","51122","2026-05-14 22:14:50"
".venv\Lib\site-packages\packaging\markers.py","17055","2026-05-14 22:14:50"
".venv\Lib\site-packages\packaging\metadata.py","38770","2026-05-14 22:14:50"
".venv\Lib\site-packages\packaging\py.typed","0","2026-05-14 22:14:50"
".venv\Lib\site-packages\packaging\pylock.py","33890","2026-05-14 22:14:50"
".venv\Lib\site-packages\packaging\requirements.py","4383","2026-05-14 22:14:50"
".venv\Lib\site-packages\packaging\specifiers.py","71514","2026-05-14 22:14:50"
".venv\Lib\site-packages\packaging\tags.py","34224","2026-05-14 22:14:50"
".venv\Lib\site-packages\packaging\utils.py","9848","2026-05-14 22:14:50"
".venv\Lib\site-packages\packaging\version.py","38369","2026-05-14 22:14:50"
".venv\Lib\site-packages\pandas-3.0.3.dist-info\DELVEWHEEL","399","2026-05-14 22:15:25"
".venv\Lib\site-packages\pandas-3.0.3.dist-info\entry_points.txt","69","2026-05-14 22:15:25"
".venv\Lib\site-packages\pandas-3.0.3.dist-info\INSTALLER","4","2026-05-14 22:15:44"
".venv\Lib\site-packages\pandas-3.0.3.dist-info\LICENSE","1634","2026-05-14 22:15:25"
".venv\Lib\site-packages\pandas-3.0.3.dist-info\METADATA","19723","2026-05-14 22:15:25"
".venv\Lib\site-packages\pandas-3.0.3.dist-info\RECORD","249414","2026-05-14 22:15:44"
".venv\Lib\site-packages\pandas-3.0.3.dist-info\REQUESTED","0","2026-05-14 22:15:44"
".venv\Lib\site-packages\pandas-3.0.3.dist-info\WHEEL","85","2026-05-14 22:15:25"
".venv\Lib\site-packages\pandas.libs\msvcp140-a4c2229bdc2a2a630acdc095b4d86008.dll","575056","2026-05-14 22:15:25"
".venv\Lib\site-packages\pandas\__init__.py","8534","2026-05-14 22:15:22"
".venv\Lib\site-packages\pandas\_config\__init__.py","1105","2026-05-14 22:15:25"
".venv\Lib\site-packages\pandas\_config\config.py","27125","2026-05-14 22:15:25"
".venv\Lib\site-packages\pandas\_config\dates.py","669","2026-05-14 22:15:25"
".venv\Lib\site-packages\pandas\_config\display.py","1804","2026-05-14 22:15:25"
".venv\Lib\site-packages\pandas\_config\localization.py","5210","2026-05-14 22:15:25"
".venv\Lib\site-packages\pandas\_libs\__init__.py","673","2026-05-14 22:15:25"
".venv\Lib\site-packages\pandas\_libs\_cyutility.cp312-win_amd64.lib","2068","2026-05-14 22:15:25"
".venv\Lib\site-packages\pandas\_libs\_cyutility.cp312-win_amd64.pyd","128000","2026-05-14 22:15:25"
".venv\Lib\site-packages\pandas\_libs\algos.cp312-win_amd64.lib","1976","2026-05-14 22:15:25"
".venv\Lib\site-packages\pandas\_libs\algos.cp312-win_amd64.pyd","1421312","2026-05-14 22:15:25"
".venv\Lib\site-packages\pandas\_libs\algos.pyi","16379","2026-05-14 22:15:25"
".venv\Lib\site-packages\pandas\_libs\arrays.cp312-win_amd64.lib","1996","2026-05-14 22:15:25"
".venv\Lib\site-packages\pandas\_libs\arrays.cp312-win_amd64.pyd","81408","2026-05-14 22:15:25"
".venv\Lib\site-packages\pandas\_libs\arrays.pyi","1208","2026-05-14 22:15:25"
".venv\Lib\site-packages\pandas\_libs\byteswap.cp312-win_amd64.lib","2032","2026-05-14 22:15:25"
".venv\Lib\site-packages\pandas\_libs\byteswap.cp312-win_amd64.pyd","38912","2026-05-14 22:15:25"
".venv\Lib\site-packages\pandas\_libs\byteswap.pyi","423","2026-05-14 22:15:25"
".venv\Lib\site-packages\pandas\_libs\groupby.cp312-win_amd64.lib","2012","2026-05-14 22:15:25"
".venv\Lib\site-packages\pandas\_libs\groupby.cp312-win_amd64.pyd","1721856","2026-05-14 22:15:25"
".venv\Lib\site-packages\pandas\_libs\groupby.pyi","7784","2026-05-14 22:15:25"
".venv\Lib\site-packages\pandas\_libs\hashing.cp312-win_amd64.lib","2012","2026-05-14 22:15:25"
".venv\Lib\site-packages\pandas\_libs\hashing.cp312-win_amd64.pyd","67584","2026-05-14 22:15:25"
".venv\Lib\site-packages\pandas\_libs\hashing.pyi","181","2026-05-14 22:15:25"
".venv\Lib\site-packages\pandas\_libs\hashtable.cp312-win_amd64.lib","2048","2026-05-14 22:15:25"
".venv\Lib\site-packages\pandas\_libs\hashtable.cp312-win_amd64.pyd","1555456","2026-05-14 22:15:25"
".venv\Lib\site-packages\pandas\_libs\hashtable.pyi","8197","2026-05-14 22:15:25"
".venv\Lib\site-packages\pandas\_libs\index.cp312-win_amd64.lib","1976","2026-05-14 22:15:25"
".venv\Lib\site-packages\pandas\_libs\index.cp312-win_amd64.pyd","521728","2026-05-14 22:15:25"
".venv\Lib\site-packages\pandas\_libs\index.pyi","3842","2026-05-14 22:15:25"
".venv\Lib\site-packages\pandas\_libs\indexing.cp312-win_amd64.lib","2032","2026-05-14 22:15:25"
".venv\Lib\site-packages\pandas\_libs\indexing.cp312-win_amd64.pyd","47104","2026-05-14 22:15:25"
".venv\Lib\site-packages\pandas\_libs\indexing.pyi","427","2026-05-14 22:15:25"
".venv\Lib\site-packages\pandas\_libs\internals.cp312-win_amd64.lib","2048","2026-05-14 22:15:25"
".venv\Lib\site-packages\pandas\_libs\internals.cp312-win_amd64.pyd","205312","2026-05-14 22:15:25"
".venv\Lib\site-packages\pandas\_libs\internals.pyi","2857","2026-05-14 22:15:25"
".venv\Lib\site-packages\pandas\_libs\interval.cp312-win_amd64.lib","2032","2026-05-14 22:15:25"
".venv\Lib\site-packages\pandas\_libs\interval.cp312-win_amd64.pyd","765952","2026-05-14 22:15:25"
".venv\Lib\site-packages\pandas\_libs\interval.pyi","5378","2026-05-14 22:15:25"
".venv\Lib\site-packages\pandas\_libs\join.cp312-win_amd64.lib","1960","2026-05-14 22:15:25"
".venv\Lib\site-packages\pandas\_libs\join.cp312-win_amd64.pyd","755200","2026-05-14 22:15:25"
".venv\Lib\site-packages\pandas\_libs\join.pyi","2780","2026-05-14 22:15:25"
".venv\Lib\site-packages\pandas\_libs\json.cp312-win_amd64.lib","2576","2026-05-14 22:15:25"
".venv\Lib\site-packages\pandas\_libs\json.cp312-win_amd64.pyd","52224","2026-05-14 22:15:25"
".venv\Lib\site-packages\pandas\_libs\json.pyi","519","2026-05-14 22:15:25"
".venv\Lib\site-packages\pandas\_libs\lib.cp312-win_amd64.lib","1940","2026-05-14 22:15:25"
".venv\Lib\site-packages\pandas\_libs\lib.cp312-win_amd64.pyd","440832","2026-05-14 22:15:25"
".venv\Lib\site-packages\pandas\_libs\lib.pyi","7424","2026-05-14 22:15:25"
".venv\Lib\site-packages\pandas\_libs\missing.cp312-win_amd64.lib","2012","2026-05-14 22:15:25"
".venv\Lib\site-packages\pandas\_libs\missing.cp312-win_amd64.pyd","138752","2026-05-14 22:15:25"
".venv\Lib\site-packages\pandas\_libs\missing.pyi","548","2026-05-14 22:15:25"
".venv\Lib\site-packages\pandas\_libs\ops_dispatch.cp312-win_amd64.lib","2104","2026-05-14 22:15:25"
".venv\Lib\site-packages\pandas\_libs\ops_dispatch.cp312-win_amd64.pyd","43520","2026-05-14 22:15:25"
".venv\Lib\site-packages\pandas\_libs\ops_dispatch.pyi","124","2026-05-14 22:15:25"
".venv\Lib\site-packages\pandas\_libs\ops.cp312-win_amd64.lib","1940","2026-05-14 22:15:25"
".venv\Lib\site-packages\pandas\_libs\ops.cp312-win_amd64.pyd","96256","2026-05-14 22:15:25"
".venv\Lib\site-packages\pandas\_libs\ops.pyi","1350","2026-05-14 22:15:25"
".venv\Lib\site-packages\pandas\_libs\pandas_datetime.cp312-win_amd64.lib","2156","2026-05-14 22:15:25"
".venv\Lib\site-packages\pandas\_libs\pandas_datetime.cp312-win_amd64.pyd","35840","2026-05-14 22:15:25"
".venv\Lib\site-packages\pandas\_libs\pandas_parser.cp312-win_amd64.lib","2120","2026-05-14 22:15:25"
".venv\Lib\site-packages\pandas\_libs\pandas_parser.cp312-win_amd64.pyd","30720","2026-05-14 22:15:25"
".venv\Lib\site-packages\pandas\_libs\parsers.cp312-win_amd64.lib","2012","2026-05-14 22:15:25"
".venv\Lib\site-packages\pandas\_libs\parsers.cp312-win_amd64.pyd","265728","2026-05-14 22:15:25"
".venv\Lib\site-packages\pandas\_libs\parsers.pyi","2401","2026-05-14 22:15:25"
".venv\Lib\site-packages\pandas\_libs\properties.cp312-win_amd64.lib","2068","2026-05-14 22:15:25"
".venv\Lib\site-packages\pandas\_libs\properties.cp312-win_amd64.pyd","56320","2026-05-14 22:15:25"
".venv\Lib\site-packages\pandas\_libs\properties.pyi","740","2026-05-14 22:15:25"
".venv\Lib\site-packages\pandas\_libs\reshape.cp312-win_amd64.lib","2012","2026-05-14 22:15:25"
".venv\Lib\site-packages\pandas\_libs\reshape.cp312-win_amd64.pyd","131584","2026-05-14 22:15:25"
".venv\Lib\site-packages\pandas\_libs\reshape.pyi","419","2026-05-14 22:15:25"
".venv\Lib\site-packages\pandas\_libs\sas.cp312-win_amd64.lib","1940","2026-05-14 22:15:25"
".venv\Lib\site-packages\pandas\_libs\sas.cp312-win_amd64.pyd","89600","2026-05-14 22:15:25"
".venv\Lib\site-packages\pandas\_libs\sas.pyi","224","2026-05-14 22:15:25"
".venv\Lib\site-packages\pandas\_libs\sparse.cp312-win_amd64.lib","1996","2026-05-14 22:15:25"
".venv\Lib\site-packages\pandas\_libs\sparse.cp312-win_amd64.pyd","604160","2026-05-14 22:15:25"
".venv\Lib\site-packages\pandas\_libs\sparse.pyi","1486","2026-05-14 22:15:25"
".venv\Lib\site-packages\pandas\_libs\testing.cp312-win_amd64.lib","2012","2026-05-14 22:15:25"
".venv\Lib\site-packages\pandas\_libs\testing.cp312-win_amd64.pyd","72192","2026-05-14 22:15:25"
".venv\Lib\site-packages\pandas\_libs\testing.pyi","314","2026-05-14 22:15:25"
".venv\Lib\site-packages\pandas\_libs\tslib.cp312-win_amd64.lib","1976","2026-05-14 22:15:25"
".venv\Lib\site-packages\pandas\_libs\tslib.cp312-win_amd64.pyd","107520","2026-05-14 22:15:25"
".venv\Lib\site-packages\pandas\_libs\tslib.pyi","859","2026-05-14 22:15:25"
".venv\Lib\site-packages\pandas\_libs\tslibs\__init__.py","2114","2026-05-14 22:15:25"
".venv\Lib\site-packages\pandas\_libs\tslibs\base.cp312-win_amd64.lib","1960","2026-05-14 22:15:25"
".venv\Lib\site-packages\pandas\_libs\tslibs\base.cp312-win_amd64.pyd","43008","2026-05-14 22:15:25"
".venv\Lib\site-packages\pandas\_libs\tslibs\ccalendar.cp312-win_amd64.lib","2048","2026-05-14 22:15:25"
".venv\Lib\site-packages\pandas\_libs\tslibs\ccalendar.cp312-win_amd64.pyd","58368","2026-05-14 22:15:25"
".venv\Lib\site-packages\pandas\_libs\tslibs\ccalendar.pyi","502","2026-05-14 22:15:25"
".venv\Lib\site-packages\pandas\_libs\tslibs\conversion.cp312-win_amd64.lib","2068","2026-05-14 22:15:25"
".venv\Lib\site-packages\pandas\_libs\tslibs\conversion.cp312-win_amd64.pyd","127488","2026-05-14 22:15:25"
".venv\Lib\site-packages\pandas\_libs\tslibs\conversion.pyi","300","2026-05-14 22:15:25"
".venv\Lib\site-packages\pandas\_libs\tslibs\dtypes.cp312-win_amd64.lib","1996","2026-05-14 22:15:25"
".venv\Lib\site-packages\pandas\_libs\tslibs\dtypes.cp312-win_amd64.pyd","114688","2026-05-14 22:15:25"
".venv\Lib\site-packages\pandas\_libs\tslibs\dtypes.pyi","2040","2026-05-14 22:15:25"
".venv\Lib\site-packages\pandas\_libs\tslibs\fields.cp312-win_amd64.lib","1996","2026-05-14 22:15:25"
".venv\Lib\site-packages\pandas\_libs\tslibs\fields.cp312-win_amd64.pyd","150528","2026-05-14 22:15:25"
".venv\Lib\site-packages\pandas\_libs\tslibs\fields.pyi","1862","2026-05-14 22:15:25"
".venv\Lib\site-packages\pandas\_libs\tslibs\nattype.cp312-win_amd64.lib","2012","2026-05-14 22:15:25"
".venv\Lib\site-packages\pandas\_libs\tslibs\nattype.cp312-win_amd64.pyd","148992","2026-05-14 22:15:25"
".venv\Lib\site-packages\pandas\_libs\tslibs\nattype.pyi","5745","2026-05-14 22:15:25"
".venv\Lib\site-packages\pandas\_libs\tslibs\np_datetime.cp312-win_amd64.lib","2084","2026-05-14 22:15:25"
".venv\Lib\site-packages\pandas\_libs\tslibs\np_datetime.cp312-win_amd64.pyd","95232","2026-05-14 22:15:25"
".venv\Lib\site-packages\pandas\_libs\tslibs\np_datetime.pyi","831","2026-05-14 22:15:25"
".venv\Lib\site-packages\pandas\_libs\tslibs\offsets.cp312-win_amd64.lib","2012","2026-05-14 22:15:25"
".venv\Lib\site-packages\pandas\_libs\tslibs\offsets.cp312-win_amd64.pyd","751104","2026-05-14 22:15:25"
".venv\Lib\site-packages\pandas\_libs\tslibs\offsets.pyi","8987","2026-05-14 22:15:25"
".venv\Lib\site-packages\pandas\_libs\tslibs\parsing.cp312-win_amd64.lib","2012","2026-05-14 22:15:25"
".venv\Lib\site-packages\pandas\_libs\tslibs\parsing.cp312-win_amd64.pyd","159744","2026-05-14 22:15:25"
".venv\Lib\site-packages\pandas\_libs\tslibs\parsing.pyi","836","2026-05-14 22:15:25"
".venv\Lib\site-packages\pandas\_libs\tslibs\period.cp312-win_amd64.lib","1996","2026-05-14 22:15:25"
".venv\Lib\site-packages\pandas\_libs\tslibs\period.cp312-win_amd64.pyd","272896","2026-05-14 22:15:25"
".venv\Lib\site-packages\pandas\_libs\tslibs\period.pyi","3907","2026-05-14 22:15:25"
".venv\Lib\site-packages\pandas\_libs\tslibs\strptime.cp312-win_amd64.lib","2032","2026-05-14 22:15:25"
".venv\Lib\site-packages\pandas\_libs\tslibs\strptime.cp312-win_amd64.pyd","160256","2026-05-14 22:15:25"
".venv\Lib\site-packages\pandas\_libs\tslibs\strptime.pyi","349","2026-05-14 22:15:25"
".venv\Lib\site-packages\pandas\_libs\tslibs\timedeltas.cp312-win_amd64.lib","2068","2026-05-14 22:15:25"
".venv\Lib\site-packages\pandas\_libs\tslibs\timedeltas.cp312-win_amd64.pyd","342016","2026-05-14 22:15:25"
".venv\Lib\site-packages\pandas\_libs\tslibs\timedeltas.pyi","4963","2026-05-14 22:15:25"
".venv\Lib\site-packages\pandas\_libs\tslibs\timestamps.cp312-win_amd64.lib","2068","2026-05-14 22:15:25"
".venv\Lib\site-packages\pandas\_libs\tslibs\timestamps.cp312-win_amd64.pyd","369664","2026-05-14 22:15:25"
".venv\Lib\site-packages\pandas\_libs\tslibs\timestamps.pyi","7858","2026-05-14 22:15:25"
".venv\Lib\site-packages\pandas\_libs\tslibs\timezones.cp312-win_amd64.lib","2048","2026-05-14 22:15:25"
".venv\Lib\site-packages\pandas\_libs\tslibs\timezones.cp312-win_amd64.pyd","112128","2026-05-14 22:15:25"
".venv\Lib\site-packages\pandas\_libs\tslibs\timezones.pyi","609","2026-05-14 22:15:25"
".venv\Lib\site-packages\pandas\_libs\tslibs\tzconversion.cp312-win_amd64.lib","2104","2026-05-14 22:15:25"
".venv\Lib\site-packages\pandas\_libs\tslibs\tzconversion.cp312-win_amd64.pyd","130048","2026-05-14 22:15:25"
".venv\Lib\site-packages\pandas\_libs\tslibs\tzconversion.pyi","569","2026-05-14 22:15:25"
".venv\Lib\site-packages\pandas\_libs\tslibs\vectorized.cp312-win_amd64.lib","2068","2026-05-14 22:15:25"
".venv\Lib\site-packages\pandas\_libs\tslibs\vectorized.cp312-win_amd64.pyd","77312","2026-05-14 22:15:25"
".venv\Lib\site-packages\pandas\_libs\tslibs\vectorized.pyi","1235","2026-05-14 22:15:25"
".venv\Lib\site-packages\pandas\_libs\window\__init__.py","0","2026-05-14 22:15:25"
".venv\Lib\site-packages\pandas\_libs\window\aggregations.cp312-win_amd64.lib","2104","2026-05-14 22:15:25"
".venv\Lib\site-packages\pandas\_libs\window\aggregations.cp312-win_amd64.pyd","334848","2026-05-14 22:15:25"
".venv\Lib\site-packages\pandas\_libs\window\aggregations.pyi","4761","2026-05-14 22:15:25"
".venv\Lib\site-packages\pandas\_libs\window\indexers.cp312-win_amd64.lib","2032","2026-05-14 22:15:25"
".venv\Lib\site-packages\pandas\_libs\window\indexers.cp312-win_amd64.pyd","145920","2026-05-14 22:15:25"
".venv\Lib\site-packages\pandas\_libs\window\indexers.pyi","319","2026-05-14 22:15:25"
".venv\Lib\site-packages\pandas\_libs\writers.cp312-win_amd64.lib","2012","2026-05-14 22:15:25"
".venv\Lib\site-packages\pandas\_libs\writers.cp312-win_amd64.pyd","89088","2026-05-14 22:15:25"
".venv\Lib\site-packages\pandas\_libs\writers.pyi","516","2026-05-14 22:15:25"
".venv\Lib\site-packages\pandas\_testing\__init__.py","17843","2026-05-14 22:15:25"
".venv\Lib\site-packages\pandas\_testing\_hypothesis.py","2325","2026-05-14 22:15:25"
".venv\Lib\site-packages\pandas\_testing\_io.py","3468","2026-05-14 22:15:25"
".venv\Lib\site-packages\pandas\_testing\_warnings.py","10121","2026-05-14 22:15:25"
".venv\Lib\site-packages\pandas\_testing\asserters.py","50070","2026-05-14 22:15:25"
".venv\Lib\site-packages\pandas\_testing\compat.py","659","2026-05-14 22:15:25"
".venv\Lib\site-packages\pandas\_testing\contexts.py","3616","2026-05-14 22:15:25"
".venv\Lib\site-packages\pandas\_typing.py","16692","2026-05-14 22:15:22"
".venv\Lib\site-packages\pandas\_version_meson.py","79","2026-05-14 22:15:22"
".venv\Lib\site-packages\pandas\_version.py","23695","2026-05-14 22:15:22"
".venv\Lib\site-packages\pandas\api\__init__.py","250","2026-05-14 22:15:22"
".venv\Lib\site-packages\pandas\api\executors\__init__.py","174","2026-05-14 22:15:22"
".venv\Lib\site-packages\pandas\api\extensions\__init__.py","685","2026-05-14 22:15:22"
".venv\Lib\site-packages\pandas\api\indexers\__init__.py","357","2026-05-14 22:15:22"
".venv\Lib\site-packages\pandas\api\interchange\__init__.py","230","2026-05-14 22:15:22"
".venv\Lib\site-packages\pandas\api\internals.py","2386","2026-05-14 22:15:22"
".venv\Lib\site-packages\pandas\api\types\__init__.py","447","2026-05-14 22:15:22"
".venv\Lib\site-packages\pandas\api\typing\__init__.py","1451","2026-05-14 22:15:22"
".venv\Lib\site-packages\pandas\api\typing\aliases.py","2808","2026-05-14 22:15:22"
".venv\Lib\site-packages\pandas\arrays\__init__.py","671","2026-05-14 22:15:22"
".venv\Lib\site-packages\pandas\compat\__init__.py","3603","2026-05-14 22:15:22"
".venv\Lib\site-packages\pandas\compat\_constants.py","751","2026-05-14 22:15:22"
".venv\Lib\site-packages\pandas\compat\_optional.py","5638","2026-05-14 22:15:22"
".venv\Lib\site-packages\pandas\compat\numpy\__init__.py","1120","2026-05-14 22:15:22"
".venv\Lib\site-packages\pandas\compat\numpy\function.py","11752","2026-05-14 22:15:22"
".venv\Lib\site-packages\pandas\compat\pickle_compat.py","4184","2026-05-14 22:15:22"
".venv\Lib\site-packages\pandas\compat\pyarrow.py","3291","2026-05-14 22:15:22"
".venv\Lib\site-packages\pandas\conftest.py","53450","2026-05-14 22:15:22"
".venv\Lib\site-packages\pandas\core\__init__.py","0","2026-05-14 22:15:22"
".venv\Lib\site-packages\pandas\core\_numba\__init__.py","0","2026-05-14 22:15:22"
".venv\Lib\site-packages\pandas\core\_numba\executor.py","8028","2026-05-14 22:15:22"
".venv\Lib\site-packages\pandas\core\_numba\extensions.py","18509","2026-05-14 22:15:22"
".venv\Lib\site-packages\pandas\core\_numba\kernels\__init__.py","520","2026-05-14 22:15:22"
".venv\Lib\site-packages\pandas\core\_numba\kernels\mean_.py","5663","2026-05-14 22:15:22"
".venv\Lib\site-packages\pandas\core\_numba\kernels\min_max_.py","5206","2026-05-14 22:15:22"
".venv\Lib\site-packages\pandas\core\_numba\kernels\shared.py","611","2026-05-14 22:15:22"
".venv\Lib\site-packages\pandas\core\_numba\kernels\sum_.py","6796","2026-05-14 22:15:22"
".venv\Lib\site-packages\pandas\core\_numba\kernels\var_.py","7120","2026-05-14 22:15:22"
".venv\Lib\site-packages\pandas\core\accessor.py","17375","2026-05-14 22:15:22"
".venv\Lib\site-packages\pandas\core\algorithms.py","54861","2026-05-14 22:15:22"
".venv\Lib\site-packages\pandas\core\api.py","2889","2026-05-14 22:15:22"
".venv\Lib\site-packages\pandas\core\apply.py","70029","2026-05-14 22:15:22"
".venv\Lib\site-packages\pandas\core\array_algos\__init__.py","408","2026-05-14 22:15:22"
".venv\Lib\site-packages\pandas\core\array_algos\datetimelike_accumulations.py","1854","2026-05-14 22:15:22"
".venv\Lib\site-packages\pandas\core\array_algos\masked_accumulations.py","2897","2026-05-14 22:15:22"
".venv\Lib\site-packages\pandas\core\array_algos\masked_reductions.py","5331","2026-05-14 22:15:22"
".venv\Lib\site-packages\pandas\core\array_algos\putmask.py","4594","2026-05-14 22:15:22"
".venv\Lib\site-packages\pandas\core\array_algos\quantile.py","6531","2026-05-14 22:15:22"
".venv\Lib\site-packages\pandas\core\array_algos\replace.py","4139","2026-05-14 22:15:22"
".venv\Lib\site-packages\pandas\core\array_algos\take.py","19529","2026-05-14 22:15:22"
".venv\Lib\site-packages\pandas\core\array_algos\transforms.py","1104","2026-05-14 22:15:22"
".venv\Lib\site-packages\pandas\core\arraylike.py","17836","2026-05-14 22:15:22"
".venv\Lib\site-packages\pandas\core\arrays\__init__.py","1314","2026-05-14 22:15:22"
".venv\Lib\site-packages\pandas\core\arrays\_arrow_string_mixins.py","16151","2026-05-14 22:15:22"
".venv\Lib\site-packages\pandas\core\arrays\_mixins.py","17243","2026-05-14 22:15:22"
".venv\Lib\site-packages\pandas\core\arrays\_ranges.py","6919","2026-05-14 22:15:22"
".venv\Lib\site-packages\pandas\core\arrays\_utils.py","2485","2026-05-14 22:15:22"
".venv\Lib\site-packages\pandas\core\arrays\arrow\__init__.py","221","2026-05-14 22:15:22"
".venv\Lib\site-packages\pandas\core\arrays\arrow\_arrow_utils.py","1586","2026-05-14 22:15:22"
".venv\Lib\site-packages\pandas\core\arrays\arrow\accessors.py","14748","2026-05-14 22:15:22"
".venv\Lib\site-packages\pandas\core\arrays\arrow\array.py","119936","2026-05-14 22:15:22"
".venv\Lib\site-packages\pandas\core\arrays\arrow\extension_types.py","5476","2026-05-14 22:15:22"
".venv\Lib\site-packages\pandas\core\arrays\base.py","101659","2026-05-14 22:15:22"
".venv\Lib\site-packages\pandas\core\arrays\boolean.py","13414","2026-05-14 22:15:22"
".venv\Lib\site-packages\pandas\core\arrays\categorical.py","103012","2026-05-14 22:15:22"
".venv\Lib\site-packages\pandas\core\arrays\datetimelike.py","97469","2026-05-14 22:15:22"
".venv\Lib\site-packages\pandas\core\arrays\datetimes.py","100672","2026-05-14 22:15:22"
".venv\Lib\site-packages\pandas\core\arrays\floating.py","4765","2026-05-14 22:15:22"
".venv\Lib\site-packages\pandas\core\arrays\integer.py","6965","2026-05-14 22:15:22"
".venv\Lib\site-packages\pandas\core\arrays\interval.py","73770","2026-05-14 22:15:22"
".venv\Lib\site-packages\pandas\core\arrays\masked.py","67620","2026-05-14 22:15:22"
".venv\Lib\site-packages\pandas\core\arrays\numeric.py","9896","2026-05-14 22:15:22"
".venv\Lib\site-packages\pandas\core\arrays\numpy_.py","20247","2026-05-14 22:15:22"
".venv\Lib\site-packages\pandas\core\arrays\period.py","47767","2026-05-14 22:15:22"
".venv\Lib\site-packages\pandas\core\arrays\sparse\__init__.py","356","2026-05-14 22:15:22"
".venv\Lib\site-packages\pandas\core\arrays\sparse\accessor.py","15178","2026-05-14 22:15:22"
".venv\Lib\site-packages\pandas\core\arrays\sparse\array.py","65955","2026-05-14 22:15:22"
".venv\Lib\site-packages\pandas\core\arrays\sparse\scipy_sparse.py","6508","2026-05-14 22:15:22"
".venv\Lib\site-packages\pandas\core\arrays\string_.py","41818","2026-05-14 22:15:22"
".venv\Lib\site-packages\pandas\core\arrays\string_arrow.py","21464","2026-05-14 22:15:22"
".venv\Lib\site-packages\pandas\core\arrays\timedeltas.py","42201","2026-05-14 22:15:22"
".venv\Lib\site-packages\pandas\core\base.py","50102","2026-05-14 22:15:22"
".venv\Lib\site-packages\pandas\core\col.py","15221","2026-05-14 22:15:22"
".venv\Lib\site-packages\pandas\core\common.py","18014","2026-05-14 22:15:22"
".venv\Lib\site-packages\pandas\core\computation\__init__.py","0","2026-05-14 22:15:22"
".venv\Lib\site-packages\pandas\core\computation\align.py","6762","2026-05-14 22:15:22"
".venv\Lib\site-packages\pandas\core\computation\api.py","65","2026-05-14 22:15:22"
".venv\Lib\site-packages\pandas\core\computation\check.py","226","2026-05-14 22:15:22"
".venv\Lib\site-packages\pandas\core\computation\common.py","1442","2026-05-14 22:15:22"
".venv\Lib\site-packages\pandas\core\computation\engines.py","3462","2026-05-14 22:15:22"
".venv\Lib\site-packages\pandas\core\computation\eval.py","15403","2026-05-14 22:15:22"
".venv\Lib\site-packages\pandas\core\computation\expr.py","25611","2026-05-14 22:15:22"
".venv\Lib\site-packages\pandas\core\computation\expressions.py","8368","2026-05-14 22:15:22"
".venv\Lib\site-packages\pandas\core\computation\ops.py","14487","2026-05-14 22:15:22"
".venv\Lib\site-packages\pandas\core\computation\parsing.py","7711","2026-05-14 22:15:22"
".venv\Lib\site-packages\pandas\core\computation\pytables.py","21556","2026-05-14 22:15:22"
".venv\Lib\site-packages\pandas\core\computation\scope.py","10204","2026-05-14 22:15:22"
".venv\Lib\site-packages\pandas\core\config_init.py","26657","2026-05-14 22:15:22"
".venv\Lib\site-packages\pandas\core\construction.py","28016","2026-05-14 22:15:22"
".venv\Lib\site-packages\pandas\core\dtypes\__init__.py","0","2026-05-14 22:15:22"
".venv\Lib\site-packages\pandas\core\dtypes\api.py","1783","2026-05-14 22:15:22"
".venv\Lib\site-packages\pandas\core\dtypes\astype.py","10217","2026-05-14 22:15:22"
".venv\Lib\site-packages\pandas\core\dtypes\base.py","17700","2026-05-14 22:15:22"
".venv\Lib\site-packages\pandas\core\dtypes\cast.py","60017","2026-05-14 22:15:22"
".venv\Lib\site-packages\pandas\core\dtypes\common.py","56234","2026-05-14 22:15:22"
".venv\Lib\site-packages\pandas\core\dtypes\concat.py","12224","2026-05-14 22:15:22"
".venv\Lib\site-packages\pandas\core\dtypes\dtypes.py","80669","2026-05-14 22:15:22"
".venv\Lib\site-packages\pandas\core\dtypes\generic.py","4129","2026-05-14 22:15:22"
".venv\Lib\site-packages\pandas\core\dtypes\inference.py","12641","2026-05-14 22:15:22"
".venv\Lib\site-packages\pandas\core\dtypes\missing.py","21406","2026-05-14 22:15:22"
".venv\Lib\site-packages\pandas\core\flags.py","4219","2026-05-14 22:15:22"
".venv\Lib\site-packages\pandas\core\frame.py","574516","2026-05-14 22:15:22"
".venv\Lib\site-packages\pandas\core\generic.py","463158","2026-05-14 22:15:22"
".venv\Lib\site-packages\pandas\core\groupby\__init__.py","301","2026-05-14 22:15:22"
".venv\Lib\site-packages\pandas\core\groupby\base.py","2721","2026-05-14 22:15:22"
".venv\Lib\site-packages\pandas\core\groupby\categorical.py","2853","2026-05-14 22:15:22"
".venv\Lib\site-packages\pandas\core\groupby\generic.py","139394","2026-05-14 22:15:22"
".venv\Lib\site-packages\pandas\core\groupby\groupby.py","202185","2026-05-14 22:15:22"
".venv\Lib\site-packages\pandas\core\groupby\grouper.py","32642","2026-05-14 22:15:22"
".venv\Lib\site-packages\pandas\core\groupby\indexing.py","9453","2026-05-14 22:15:22"
".venv\Lib\site-packages\pandas\core\groupby\numba_.py","4923","2026-05-14 22:15:22"
".venv\Lib\site-packages\pandas\core\groupby\ops.py","42144","2026-05-14 22:15:22"
".venv\Lib\site-packages\pandas\core\indexers\__init__.py","790","2026-05-14 22:15:22"
".venv\Lib\site-packages\pandas\core\indexers\objects.py","23382","2026-05-14 22:15:22"
".venv\Lib\site-packages\pandas\core\indexers\utils.py","17035","2026-05-14 22:15:22"
".venv\Lib\site-packages\pandas\core\indexes\__init__.py","0","2026-05-14 22:15:22"
".venv\Lib\site-packages\pandas\core\indexes\accessors.py","20342","2026-05-14 22:15:22"
".venv\Lib\site-packages\pandas\core\indexes\api.py","9519","2026-05-14 22:15:22"
".venv\Lib\site-packages\pandas\core\indexes\base.py","277653","2026-05-14 22:15:22"
".venv\Lib\site-packages\pandas\core\indexes\category.py","17079","2026-05-14 22:15:22"
".venv\Lib\site-packages\pandas\core\indexes\datetimelike.py","38256","2026-05-14 22:15:22"
".venv\Lib\site-packages\pandas\core\indexes\datetimes.py","57595","2026-05-14 22:15:22"
".venv\Lib\site-packages\pandas\core\indexes\extension.py","5389","2026-05-14 22:15:22"
".venv\Lib\site-packages\pandas\core\indexes\frozen.py","3342","2026-05-14 22:15:22"
".venv\Lib\site-packages\pandas\core\indexes\interval.py","50445","2026-05-14 22:15:22"
".venv\Lib\site-packages\pandas\core\indexes\multi.py","166907","2026-05-14 22:15:22"
".venv\Lib\site-packages\pandas\core\indexes\period.py","19368","2026-05-14 22:15:22"
".venv\Lib\site-packages\pandas\core\indexes\range.py","53786","2026-05-14 22:15:22"
".venv\Lib\site-packages\pandas\core\indexes\timedeltas.py","13219","2026-05-14 22:15:22"
".venv\Lib\site-packages\pandas\core\indexing.py","96287","2026-05-14 22:15:22"
".venv\Lib\site-packages\pandas\core\interchange\__init__.py","0","2026-05-14 22:15:22"
".venv\Lib\site-packages\pandas\core\interchange\buffer.py","3428","2026-05-14 22:15:22"
".venv\Lib\site-packages\pandas\core\interchange\column.py","18062","2026-05-14 22:15:22"
".venv\Lib\site-packages\pandas\core\interchange\dataframe_protocol.py","16263","2026-05-14 22:15:22"
".venv\Lib\site-packages\pandas\core\interchange\dataframe.py","3867","2026-05-14 22:15:22"
".venv\Lib\site-packages\pandas\core\interchange\from_dataframe.py","19788","2026-05-14 22:15:22"
".venv\Lib\site-packages\pandas\core\interchange\utils.py","5051","2026-05-14 22:15:22"
".venv\Lib\site-packages\pandas\core\internals\__init__.py","2116","2026-05-14 22:15:22"
".venv\Lib\site-packages\pandas\core\internals\api.py","5615","2026-05-14 22:15:22"
".venv\Lib\site-packages\pandas\core\internals\blocks.py","80959","2026-05-14 22:15:22"
".venv\Lib\site-packages\pandas\core\internals\concat.py","15180","2026-05-14 22:15:22"
".venv\Lib\site-packages\pandas\core\internals\construction.py","33744","2026-05-14 22:15:22"
".venv\Lib\site-packages\pandas\core\internals\managers.py","88265","2026-05-14 22:15:22"
".venv\Lib\site-packages\pandas\core\internals\ops.py","5175","2026-05-14 22:15:22"
".venv\Lib\site-packages\pandas\core\methods\__init__.py","0","2026-05-14 22:15:22"
".venv\Lib\site-packages\pandas\core\methods\describe.py","10554","2026-05-14 22:15:22"
".venv\Lib\site-packages\pandas\core\methods\selectn.py","8712","2026-05-14 22:15:22"
".venv\Lib\site-packages\pandas\core\methods\to_dict.py","9417","2026-05-14 22:15:22"
".venv\Lib\site-packages\pandas\core\missing.py","33972","2026-05-14 22:15:22"
".venv\Lib\site-packages\pandas\core\nanops.py","53534","2026-05-14 22:15:22"
".venv\Lib\site-packages\pandas\core\ops\__init__.py","1621","2026-05-14 22:15:22"
".venv\Lib\site-packages\pandas\core\ops\array_ops.py","19686","2026-05-14 22:15:22"
".venv\Lib\site-packages\pandas\core\ops\common.py","3802","2026-05-14 22:15:22"
".venv\Lib\site-packages\pandas\core\ops\dispatch.py","636","2026-05-14 22:15:22"
".venv\Lib\site-packages\pandas\core\ops\docstrings.py","18779","2026-05-14 22:15:22"
".venv\Lib\site-packages\pandas\core\ops\invalid.py","1706","2026-05-14 22:15:22"
".venv\Lib\site-packages\pandas\core\ops\mask_ops.py","5638","2026-05-14 22:15:22"
".venv\Lib\site-packages\pandas\core\ops\missing.py","5069","2026-05-14 22:15:22"
".venv\Lib\site-packages\pandas\core\resample.py","101425","2026-05-14 22:15:22"
".venv\Lib\site-packages\pandas\core\reshape\__init__.py","0","2026-05-14 22:15:22"
".venv\Lib\site-packages\pandas\core\reshape\api.py","680","2026-05-14 22:15:22"
".venv\Lib\site-packages\pandas\core\reshape\concat.py","31009","2026-05-14 22:15:22"
".venv\Lib\site-packages\pandas\core\reshape\encoding.py","19750","2026-05-14 22:15:22"
".venv\Lib\site-packages\pandas\core\reshape\melt.py","22076","2026-05-14 22:15:22"
".venv\Lib\site-packages\pandas\core\reshape\merge.py","114541","2026-05-14 22:15:22"
".venv\Lib\site-packages\pandas\core\reshape\pivot.py","39698","2026-05-14 22:15:22"
".venv\Lib\site-packages\pandas\core\reshape\reshape.py","40378","2026-05-14 22:15:22"
".venv\Lib\site-packages\pandas\core\reshape\tile.py","23408","2026-05-14 22:15:22"
".venv\Lib\site-packages\pandas\core\roperator.py","1115","2026-05-14 22:15:22"
".venv\Lib\site-packages\pandas\core\sample.py","4975","2026-05-14 22:15:22"
".venv\Lib\site-packages\pandas\core\series.py","280462","2026-05-14 22:15:22"
".venv\Lib\site-packages\pandas\core\shared_docs.py","21933","2026-05-14 22:15:22"
".venv\Lib\site-packages\pandas\core\sorting.py","22507","2026-05-14 22:15:22"
".venv\Lib\site-packages\pandas\core\sparse\__init__.py","0","2026-05-14 22:15:22"
".venv\Lib\site-packages\pandas\core\sparse\api.py","143","2026-05-14 22:15:22"
".venv\Lib\site-packages\pandas\core\strings\__init__.py","807","2026-05-14 22:15:22"
".venv\Lib\site-packages\pandas\core\strings\accessor.py","163190","2026-05-14 22:15:22"
".venv\Lib\site-packages\pandas\core\strings\object_array.py","16499","2026-05-14 22:15:22"
".venv\Lib\site-packages\pandas\core\tools\__init__.py","0","2026-05-14 22:15:22"
".venv\Lib\site-packages\pandas\core\tools\datetimes.py","41948","2026-05-14 22:15:22"
".venv\Lib\site-packages\pandas\core\tools\numeric.py","10859","2026-05-14 22:15:22"
".venv\Lib\site-packages\pandas\core\tools\timedeltas.py","7296","2026-05-14 22:15:22"
".venv\Lib\site-packages\pandas\core\tools\times.py","4825","2026-05-14 22:15:22"
".venv\Lib\site-packages\pandas\core\util\__init__.py","0","2026-05-14 22:15:22"
".venv\Lib\site-packages\pandas\core\util\hashing.py","10487","2026-05-14 22:15:22"
".venv\Lib\site-packages\pandas\core\util\numba_.py","4251","2026-05-14 22:15:22"
".venv\Lib\site-packages\pandas\core\window\__init__.py","450","2026-05-14 22:15:22"
".venv\Lib\site-packages\pandas\core\window\common.py","6785","2026-05-14 22:15:22"
".venv\Lib\site-packages\pandas\core\window\doc.py","5764","2026-05-14 22:15:22"
".venv\Lib\site-packages\pandas\core\window\ewm.py","39714","2026-05-14 22:15:22"
".venv\Lib\site-packages\pandas\core\window\expanding.py","44917","2026-05-14 22:15:22"
".venv\Lib\site-packages\pandas\core\window\numba_.py","10935","2026-05-14 22:15:22"
".venv\Lib\site-packages\pandas\core\window\online.py","3682","2026-05-14 22:15:22"
".venv\Lib\site-packages\pandas\core\window\rolling.py","115918","2026-05-14 22:15:22"
".venv\Lib\site-packages\pandas\errors\__init__.py","34630","2026-05-14 22:15:22"
".venv\Lib\site-packages\pandas\errors\cow.py","2153","2026-05-14 22:15:22"
".venv\Lib\site-packages\pandas\io\__init__.py","292","2026-05-14 22:15:22"
".venv\Lib\site-packages\pandas\io\_util.py","10227","2026-05-14 22:15:22"
".venv\Lib\site-packages\pandas\io\api.py","1277","2026-05-14 22:15:22"
".venv\Lib\site-packages\pandas\io\clipboard\__init__.py","24235","2026-05-14 22:15:22"
".venv\Lib\site-packages\pandas\io\clipboards.py","6391","2026-05-14 22:15:22"
".venv\Lib\site-packages\pandas\io\common.py","44681","2026-05-14 22:15:22"
".venv\Lib\site-packages\pandas\io\excel\__init__.py","486","2026-05-14 22:15:22"
".venv\Lib\site-packages\pandas\io\excel\_base.py","70410","2026-05-14 22:15:22"
".venv\Lib\site-packages\pandas\io\excel\_calamine.py","4180","2026-05-14 22:15:22"
".venv\Lib\site-packages\pandas\io\excel\_odfreader.py","8232","2026-05-14 22:15:22"
".venv\Lib\site-packages\pandas\io\excel\_odswriter.py","11519","2026-05-14 22:15:22"
".venv\Lib\site-packages\pandas\io\excel\_openpyxl.py","20115","2026-05-14 22:15:22"
".venv\Lib\site-packages\pandas\io\excel\_pyxlsb.py","4861","2026-05-14 22:15:22"
".venv\Lib\site-packages\pandas\io\excel\_util.py","8081","2026-05-14 22:15:22"
".venv\Lib\site-packages\pandas\io\excel\_xlrd.py","5093","2026-05-14 22:15:22"
".venv\Lib\site-packages\pandas\io\excel\_xlsxwriter.py","9380","2026-05-14 22:15:22"
".venv\Lib\site-packages\pandas\io\feather_format.py","6817","2026-05-14 22:15:22"
".venv\Lib\site-packages\pandas\io\formats\__init__.py","237","2026-05-14 22:15:22"
".venv\Lib\site-packages\pandas\io\formats\_color_data.py","4332","2026-05-14 22:15:22"
".venv\Lib\site-packages\pandas\io\formats\console.py","2757","2026-05-14 22:15:22"
".venv\Lib\site-packages\pandas\io\formats\css.py","12891","2026-05-14 22:15:22"
".venv\Lib\site-packages\pandas\io\formats\csvs.py","10809","2026-05-14 22:15:22"
".venv\Lib\site-packages\pandas\io\formats\excel.py","35621","2026-05-14 22:15:22"
".venv\Lib\site-packages\pandas\io\formats\format.py","66886","2026-05-14 22:15:22"
".venv\Lib\site-packages\pandas\io\formats\html.py","24553","2026-05-14 22:15:22"
".venv\Lib\site-packages\pandas\io\formats\info.py","27360","2026-05-14 22:15:22"
".venv\Lib\site-packages\pandas\io\formats\printing.py","18768","2026-05-14 22:15:22"
".venv\Lib\site-packages\pandas\io\formats\string.py","6708","2026-05-14 22:15:22"
".venv\Lib\site-packages\pandas\io\formats\style_render.py","98616","2026-05-14 22:15:22"
".venv\Lib\site-packages\pandas\io\formats\style.py","177431","2026-05-14 22:15:22"
".venv\Lib\site-packages\pandas\io\formats\templates\html_style.tpl","694","2026-05-14 22:15:22"
".venv\Lib\site-packages\pandas\io\formats\templates\html_table.tpl","1811","2026-05-14 22:15:22"
".venv\Lib\site-packages\pandas\io\formats\templates\html.tpl","412","2026-05-14 22:15:22"
".venv\Lib\site-packages\pandas\io\formats\templates\latex_longtable.tpl","2877","2026-05-14 22:15:22"
".venv\Lib\site-packages\pandas\io\formats\templates\latex_table.tpl","2221","2026-05-14 22:15:22"
".venv\Lib\site-packages\pandas\io\formats\templates\latex.tpl","127","2026-05-14 22:15:22"
".venv\Lib\site-packages\pandas\io\formats\templates\string.tpl","344","2026-05-14 22:15:22"
".venv\Lib\site-packages\pandas\io\formats\templates\typst.tpl","366","2026-05-14 22:15:22"
".venv\Lib\site-packages\pandas\io\formats\xml.py","17159","2026-05-14 22:15:22"
".venv\Lib\site-packages\pandas\io\html.py","39806","2026-05-14 22:15:22"
".venv\Lib\site-packages\pandas\io\iceberg.py","5157","2026-05-14 22:15:22"
".venv\Lib\site-packages\pandas\io\json\__init__.py","270","2026-05-14 22:15:22"
".venv\Lib\site-packages\pandas\io\json\_json.py","49807","2026-05-14 22:15:22"
".venv\Lib\site-packages\pandas\io\json\_normalize.py","20797","2026-05-14 22:15:22"
".venv\Lib\site-packages\pandas\io\json\_table_schema.py","12100","2026-05-14 22:15:22"
".venv\Lib\site-packages\pandas\io\orc.py","8635","2026-05-14 22:15:22"
".venv\Lib\site-packages\pandas\io\parquet.py","24453","2026-05-14 22:15:22"
".venv\Lib\site-packages\pandas\io\parsers\__init__.py","204","2026-05-14 22:15:22"
".venv\Lib\site-packages\pandas\io\parsers\arrow_parser_wrapper.py","11952","2026-05-14 22:15:22"
".venv\Lib\site-packages\pandas\io\parsers\base_parser.py","32912","2026-05-14 22:15:22"
".venv\Lib\site-packages\pandas\io\parsers\c_parser_wrapper.py","12915","2026-05-14 22:15:22"
".venv\Lib\site-packages\pandas\io\parsers\python_parser.py","55162","2026-05-14 22:15:22"
".venv\Lib\site-packages\pandas\io\parsers\readers.py","92966","2026-05-14 22:15:22"
".venv\Lib\site-packages\pandas\io\pickle.py","9145","2026-05-14 22:15:22"
".venv\Lib\site-packages\pandas\io\pytables.py","185357","2026-05-14 22:15:22"
".venv\Lib\site-packages\pandas\io\sas\__init__.py","69","2026-05-14 22:15:22"
".venv\Lib\site-packages\pandas\io\sas\sas_constants.py","8719","2026-05-14 22:15:22"
".venv\Lib\site-packages\pandas\io\sas\sas_xport.py","15064","2026-05-14 22:15:22"
".venv\Lib\site-packages\pandas\io\sas\sas7bdat.py","27023","2026-05-14 22:15:22"
".venv\Lib\site-packages\pandas\io\sas\sasreader.py","6190","2026-05-14 22:15:22"
".venv\Lib\site-packages\pandas\io\spss.py","2923","2026-05-14 22:15:22"
".venv\Lib\site-packages\pandas\io\sql.py","104641","2026-05-14 22:15:22"
".venv\Lib\site-packages\pandas\io\stata.py","143720","2026-05-14 22:15:22"
".venv\Lib\site-packages\pandas\io\xml.py","39819","2026-05-14 22:15:22"
".venv\Lib\site-packages\pandas\plotting\__init__.py","2827","2026-05-14 22:15:22"
".venv\Lib\site-packages\pandas\plotting\_core.py","78431","2026-05-14 22:15:22"
".venv\Lib\site-packages\pandas\plotting\_matplotlib\__init__.py","2054","2026-05-14 22:15:22"
".venv\Lib\site-packages\pandas\plotting\_matplotlib\boxplot.py","18084","2026-05-14 22:15:22"
".venv\Lib\site-packages\pandas\plotting\_matplotlib\converter.py","37479","2026-05-14 22:15:22"
".venv\Lib\site-packages\pandas\plotting\_matplotlib\core.py","75322","2026-05-14 22:15:22"
".venv\Lib\site-packages\pandas\plotting\_matplotlib\groupby.py","4326","2026-05-14 22:15:22"
".venv\Lib\site-packages\pandas\plotting\_matplotlib\hist.py","16789","2026-05-14 22:15:22"
".venv\Lib\site-packages\pandas\plotting\_matplotlib\misc.py","13369","2026-05-14 22:15:22"
".venv\Lib\site-packages\pandas\plotting\_matplotlib\style.py","8525","2026-05-14 22:15:22"
".venv\Lib\site-packages\pandas\plotting\_matplotlib\timeseries.py","11252","2026-05-14 22:15:22"
".venv\Lib\site-packages\pandas\plotting\_matplotlib\tools.py","15597","2026-05-14 22:15:22"
".venv\Lib\site-packages\pandas\plotting\_misc.py","24868","2026-05-14 22:15:22"
".venv\Lib\site-packages\pandas\pyproject.toml","27432","2026-05-14 22:15:22"
".venv\Lib\site-packages\pandas\testing.py","312","2026-05-14 22:15:22"
".venv\Lib\site-packages\pandas\tests\__init__.py","0","2026-05-14 22:15:22"
".venv\Lib\site-packages\pandas\tests\api\__init__.py","0","2026-05-14 22:15:23"
".venv\Lib\site-packages\pandas\tests\api\test_api.py","14786","2026-05-14 22:15:22"
".venv\Lib\site-packages\pandas\tests\api\test_types.py","1688","2026-05-14 22:15:23"
".venv\Lib\site-packages\pandas\tests\apply\__init__.py","0","2026-05-14 22:15:23"
".venv\Lib\site-packages\pandas\tests\apply\common.py","298","2026-05-14 22:15:23"
".venv\Lib\site-packages\pandas\tests\apply\conftest.py","2045","2026-05-14 22:15:23"
".venv\Lib\site-packages\pandas\tests\apply\test_frame_apply_relabeling.py","3377","2026-05-14 22:15:23"
".venv\Lib\site-packages\pandas\tests\apply\test_frame_apply.py","58466","2026-05-14 22:15:23"
".venv\Lib\site-packages\pandas\tests\apply\test_frame_transform.py","8020","2026-05-14 22:15:23"
".venv\Lib\site-packages\pandas\tests\apply\test_invalid_arg.py","11625","2026-05-14 22:15:23"
".venv\Lib\site-packages\pandas\tests\apply\test_numba.py","4191","2026-05-14 22:15:23"
".venv\Lib\site-packages\pandas\tests\apply\test_series_apply_relabeling.py","1202","2026-05-14 22:15:23"
".venv\Lib\site-packages\pandas\tests\apply\test_series_apply.py","20997","2026-05-14 22:15:23"
".venv\Lib\site-packages\pandas\tests\apply\test_series_transform.py","2404","2026-05-14 22:15:23"
".venv\Lib\site-packages\pandas\tests\apply\test_str.py","10120","2026-05-14 22:15:23"
".venv\Lib\site-packages\pandas\tests\arithmetic\__init__.py","0","2026-05-14 22:15:23"
".venv\Lib\site-packages\pandas\tests\arithmetic\common.py","4429","2026-05-14 22:15:23"
".venv\Lib\site-packages\pandas\tests\arithmetic\conftest.py","3477","2026-05-14 22:15:23"
".venv\Lib\site-packages\pandas\tests\arithmetic\test_array_ops.py","2639","2026-05-14 22:15:23"
".venv\Lib\site-packages\pandas\tests\arithmetic\test_bool.py","781","2026-05-14 22:15:23"
".venv\Lib\site-packages\pandas\tests\arithmetic\test_categorical.py","742","2026-05-14 22:15:23"
".venv\Lib\site-packages\pandas\tests\arithmetic\test_datetime64.py","91306","2026-05-14 22:15:23"
".venv\Lib\site-packages\pandas\tests\arithmetic\test_interval.py","10986","2026-05-14 22:15:23"
".venv\Lib\site-packages\pandas\tests\arithmetic\test_numeric.py","56528","2026-05-14 22:15:23"
".venv\Lib\site-packages\pandas\tests\arithmetic\test_object.py","13218","2026-05-14 22:15:23"
".venv\Lib\site-packages\pandas\tests\arithmetic\test_period.py","59777","2026-05-14 22:15:23"
".venv\Lib\site-packages\pandas\tests\arithmetic\test_string.py","16669","2026-05-14 22:15:23"
".venv\Lib\site-packages\pandas\tests\arithmetic\test_timedelta64.py","84749","2026-05-14 22:15:23"
".venv\Lib\site-packages\pandas\tests\arrays\__init__.py","0","2026-05-14 22:15:23"
".venv\Lib\site-packages\pandas\tests\arrays\boolean\__init__.py","0","2026-05-14 22:15:23"
".venv\Lib\site-packages\pandas\tests\arrays\boolean\test_arithmetic.py","4172","2026-05-14 22:15:23"
".venv\Lib\site-packages\pandas\tests\arrays\boolean\test_astype.py","1849","2026-05-14 22:15:23"
".venv\Lib\site-packages\pandas\tests\arrays\boolean\test_comparison.py","1971","2026-05-14 22:15:23"
".venv\Lib\site-packages\pandas\tests\arrays\boolean\test_construction.py","12614","2026-05-14 22:15:23"
".venv\Lib\site-packages\pandas\tests\arrays\boolean\test_function.py","4061","2026-05-14 22:15:23"
".venv\Lib\site-packages\pandas\tests\arrays\boolean\test_indexing.py","361","2026-05-14 22:15:23"
".venv\Lib\site-packages\pandas\tests\arrays\boolean\test_logical.py","9408","2026-05-14 22:15:23"
".venv\Lib\site-packages\pandas\tests\arrays\boolean\test_ops.py","975","2026-05-14 22:15:23"
".venv\Lib\site-packages\pandas\tests\arrays\boolean\test_reduction.py","2232","2026-05-14 22:15:23"
".venv\Lib\site-packages\pandas\tests\arrays\boolean\test_repr.py","437","2026-05-14 22:15:23"
".venv\Lib\site-packages\pandas\tests\arrays\categorical\__init__.py","0","2026-05-14 22:15:23"
".venv\Lib\site-packages\pandas\tests\arrays\categorical\test_algos.py","2915","2026-05-14 22:15:23"
".venv\Lib\site-packages\pandas\tests\arrays\categorical\test_analytics.py","13378","2026-05-14 22:15:23"
".venv\Lib\site-packages\pandas\tests\arrays\categorical\test_api.py","19778","2026-05-14 22:15:23"
".venv\Lib\site-packages\pandas\tests\arrays\categorical\test_astype.py","6018","2026-05-14 22:15:23"
".venv\Lib\site-packages\pandas\tests\arrays\categorical\test_constructors.py","33281","2026-05-14 22:15:23"
".venv\Lib\site-packages\pandas\tests\arrays\categorical\test_dtypes.py","6210","2026-05-14 22:15:23"
".venv\Lib\site-packages\pandas\tests\arrays\categorical\test_indexing.py","12967","2026-05-14 22:15:23"
".venv\Lib\site-packages\pandas\tests\arrays\categorical\test_map.py","4595","2026-05-14 22:15:23"
".venv\Lib\site-packages\pandas\tests\arrays\categorical\test_missing.py","4840","2026-05-14 22:15:23"
".venv\Lib\site-packages\pandas\tests\arrays\categorical\test_operators.py","15909","2026-05-14 22:15:23"
".venv\Lib\site-packages\pandas\tests\arrays\categorical\test_replace.py","2051","2026-05-14 22:15:23"
".venv\Lib\site-packages\pandas\tests\arrays\categorical\test_repr.py","27595","2026-05-14 22:15:23"
".venv\Lib\site-packages\pandas\tests\arrays\categorical\test_sorting.py","5052","2026-05-14 22:15:23"
".venv\Lib\site-packages\pandas\tests\arrays\categorical\test_subclass.py","903","2026-05-14 22:15:23"
".venv\Lib\site-packages\pandas\tests\arrays\categorical\test_take.py","3501","2026-05-14 22:15:23"
".venv\Lib\site-packages\pandas\tests\arrays\categorical\test_warnings.py","682","2026-05-14 22:15:23"
".venv\Lib\site-packages\pandas\tests\arrays\datetimes\__init__.py","0","2026-05-14 22:15:23"
".venv\Lib\site-packages\pandas\tests\arrays\datetimes\test_constructors.py","6526","2026-05-14 22:15:23"
".venv\Lib\site-packages\pandas\tests\arrays\datetimes\test_cumulative.py","1307","2026-05-14 22:15:23"
".venv\Lib\site-packages\pandas\tests\arrays\datetimes\test_reductions.py","5525","2026-05-14 22:15:23"
".venv\Lib\site-packages\pandas\tests\arrays\floating\__init__.py","0","2026-05-14 22:15:23"
".venv\Lib\site-packages\pandas\tests\arrays\floating\conftest.py","1069","2026-05-14 22:15:23"
".venv\Lib\site-packages\pandas\tests\arrays\floating\test_arithmetic.py","8651","2026-05-14 22:15:23"
".venv\Lib\site-packages\pandas\tests\arrays\floating\test_astype.py","4337","2026-05-14 22:15:23"
".venv\Lib\site-packages\pandas\tests\arrays\floating\test_comparison.py","2395","2026-05-14 22:15:23"
".venv\Lib\site-packages\pandas\tests\arrays\floating\test_concat.py","573","2026-05-14 22:15:23"
".venv\Lib\site-packages\pandas\tests\arrays\floating\test_construction.py","6730","2026-05-14 22:15:23"
".venv\Lib\site-packages\pandas\tests\arrays\floating\test_contains.py","286","2026-05-14 22:15:23"
".venv\Lib\site-packages\pandas\tests\arrays\floating\test_function.py","7097","2026-05-14 22:15:23"
".venv\Lib\site-packages\pandas\tests\arrays\floating\test_repr.py","1157","2026-05-14 22:15:23"
".venv\Lib\site-packages\pandas\tests\arrays\floating\test_to_numpy.py","6414","2026-05-14 22:15:23"
".venv\Lib\site-packages\pandas\tests\arrays\integer\__init__.py","0","2026-05-14 22:15:23"
".venv\Lib\site-packages\pandas\tests\arrays\integer\conftest.py","1508","2026-05-14 22:15:23"
".venv\Lib\site-packages\pandas\tests\arrays\integer\test_arithmetic.py","11126","2026-05-14 22:15:23"
".venv\Lib\site-packages\pandas\tests\arrays\integer\test_comparison.py","1212","2026-05-14 22:15:23"
".venv\Lib\site-packages\pandas\tests\arrays\integer\test_concat.py","2351","2026-05-14 22:15:23"
".venv\Lib\site-packages\pandas\tests\arrays\integer\test_construction.py","9006","2026-05-14 22:15:23"
".venv\Lib\site-packages\pandas\tests\arrays\integer\test_dtypes.py","9396","2026-05-14 22:15:23"
".venv\Lib\site-packages\pandas\tests\arrays\integer\test_function.py","7444","2026-05-14 22:15:23"
".venv\Lib\site-packages\pandas\tests\arrays\integer\test_indexing.py","491","2026-05-14 22:15:23"
".venv\Lib\site-packages\pandas\tests\arrays\integer\test_reduction.py","4102","2026-05-14 22:15:23"
".venv\Lib\site-packages\pandas\tests\arrays\integer\test_repr.py","1652","2026-05-14 22:15:23"
".venv\Lib\site-packages\pandas\tests\arrays\interval\__init__.py","0","2026-05-14 22:15:23"
".venv\Lib\site-packages\pandas\tests\arrays\interval\test_astype.py","776","2026-05-14 22:15:23"
".venv\Lib\site-packages\pandas\tests\arrays\interval\test_formats.py","295","2026-05-14 22:15:23"
".venv\Lib\site-packages\pandas\tests\arrays\interval\test_interval_pyarrow.py","5217","2026-05-14 22:15:23"
".venv\Lib\site-packages\pandas\tests\arrays\interval\test_interval.py","9259","2026-05-14 22:15:23"
".venv\Lib\site-packages\pandas\tests\arrays\interval\test_overlaps.py","3280","2026-05-14 22:15:23"
".venv\Lib\site-packages\pandas\tests\arrays\masked_shared.py","5195","2026-05-14 22:15:23"
".venv\Lib\site-packages\pandas\tests\arrays\masked\__init__.py","0","2026-05-14 22:15:23"
".venv\Lib\site-packages\pandas\tests\arrays\masked\test_arithmetic.py","8921","2026-05-14 22:15:23"
".venv\Lib\site-packages\pandas\tests\arrays\masked\test_arrow_compat.py","7194","2026-05-14 22:15:23"
".venv\Lib\site-packages\pandas\tests\arrays\masked\test_function.py","2101","2026-05-14 22:15:23"
".venv\Lib\site-packages\pandas\tests\arrays\masked\test_indexing.py","3210","2026-05-14 22:15:23"
".venv\Lib\site-packages\pandas\tests\arrays\numpy_\__init__.py","0","2026-05-14 22:15:23"
".venv\Lib\site-packages\pandas\tests\arrays\numpy_\test_indexing.py","1452","2026-05-14 22:15:23"
".venv\Lib\site-packages\pandas\tests\arrays\numpy_\test_numpy.py","11424","2026-05-14 22:15:23"
".venv\Lib\site-packages\pandas\tests\arrays\period\__init__.py","0","2026-05-14 22:15:23"
".venv\Lib\site-packages\pandas\tests\arrays\period\test_arrow_compat.py","3452","2026-05-14 22:15:23"
".venv\Lib\site-packages\pandas\tests\arrays\period\test_astype.py","2344","2026-05-14 22:15:23"
".venv\Lib\site-packages\pandas\tests\arrays\period\test_constructors.py","4734","2026-05-14 22:15:23"
".venv\Lib\site-packages\pandas\tests\arrays\period\test_reductions.py","981","2026-05-14 22:15:23"
".venv\Lib\site-packages\pandas\tests\arrays\sparse\__init__.py","0","2026-05-14 22:15:23"
".venv\Lib\site-packages\pandas\tests\arrays\sparse\test_accessor.py","9233","2026-05-14 22:15:23"
".venv\Lib\site-packages\pandas\tests\arrays\sparse\test_arithmetics.py","20316","2026-05-14 22:15:23"
".venv\Lib\site-packages\pandas\tests\arrays\sparse\test_array.py","18719","2026-05-14 22:15:23"
".venv\Lib\site-packages\pandas\tests\arrays\sparse\test_astype.py","4771","2026-05-14 22:15:23"
".venv\Lib\site-packages\pandas\tests\arrays\sparse\test_combine_concat.py","2651","2026-05-14 22:15:23"
".venv\Lib\site-packages\pandas\tests\arrays\sparse\test_constructors.py","10573","2026-05-14 22:15:23"
".venv\Lib\site-packages\pandas\tests\arrays\sparse\test_dtype.py","6154","2026-05-14 22:15:23"
".venv\Lib\site-packages\pandas\tests\arrays\sparse\test_indexing.py","10425","2026-05-14 22:15:23"
".venv\Lib\site-packages\pandas\tests\arrays\sparse\test_libsparse.py","19043","2026-05-14 22:15:23"
".venv\Lib\site-packages\pandas\tests\arrays\sparse\test_reductions.py","9641","2026-05-14 22:15:23"
".venv\Lib\site-packages\pandas\tests\arrays\sparse\test_unary.py","2864","2026-05-14 22:15:23"
".venv\Lib\site-packages\pandas\tests\arrays\string_\__init__.py","0","2026-05-14 22:15:23"
".venv\Lib\site-packages\pandas\tests\arrays\string_\test_concat.py","2744","2026-05-14 22:15:23"
".venv\Lib\site-packages\pandas\tests\arrays\string_\test_string_arrow.py","9364","2026-05-14 22:15:23"
".venv\Lib\site-packages\pandas\tests\arrays\string_\test_string.py","22168","2026-05-14 22:15:23"
".venv\Lib\site-packages\pandas\tests\arrays\test_array.py","17755","2026-05-14 22:15:23"
".venv\Lib\site-packages\pandas\tests\arrays\test_datetimelike.py","47055","2026-05-14 22:15:23"
".venv\Lib\site-packages\pandas\tests\arrays\test_datetimes.py","29809","2026-05-14 22:15:23"
".venv\Lib\site-packages\pandas\tests\arrays\test_ndarray_backed.py","2332","2026-05-14 22:15:23"
".venv\Lib\site-packages\pandas\tests\arrays\test_period.py","5572","2026-05-14 22:15:23"
".venv\Lib\site-packages\pandas\tests\arrays\test_timedeltas.py","10723","2026-05-14 22:15:23"
".venv\Lib\site-packages\pandas\tests\arrays\timedeltas\__init__.py","0","2026-05-14 22:15:23"
".venv\Lib\site-packages\pandas\tests\arrays\timedeltas\test_constructors.py","2268","2026-05-14 22:15:23"
".venv\Lib\site-packages\pandas\tests\arrays\timedeltas\test_cumulative.py","692","2026-05-14 22:15:23"
".venv\Lib\site-packages\pandas\tests\arrays\timedeltas\test_reductions.py","6521","2026-05-14 22:15:23"
".venv\Lib\site-packages\pandas\tests\base\__init__.py","0","2026-05-14 22:15:23"
".venv\Lib\site-packages\pandas\tests\base\common.py","266","2026-05-14 22:15:23"
".venv\Lib\site-packages\pandas\tests\base\test_constructors.py","5893","2026-05-14 22:15:23"
".venv\Lib\site-packages\pandas\tests\base\test_conversion.py","19335","2026-05-14 22:15:23"
".venv\Lib\site-packages\pandas\tests\base\test_fillna.py","1554","2026-05-14 22:15:23"
".venv\Lib\site-packages\pandas\tests\base\test_misc.py","5918","2026-05-14 22:15:23"
".venv\Lib\site-packages\pandas\tests\base\test_transpose.py","1694","2026-05-14 22:15:23"
".venv\Lib\site-packages\pandas\tests\base\test_unique.py","4478","2026-05-14 22:15:23"
".venv\Lib\site-packages\pandas\tests\base\test_value_counts.py","13896","2026-05-14 22:15:23"
".venv\Lib\site-packages\pandas\tests\computation\__init__.py","0","2026-05-14 22:15:23"
".venv\Lib\site-packages\pandas\tests\computation\test_compat.py","872","2026-05-14 22:15:23"
".venv\Lib\site-packages\pandas\tests\computation\test_eval.py","73144","2026-05-14 22:15:23"
".venv\Lib\site-packages\pandas\tests\config\__init__.py","0","2026-05-14 22:15:23"
".venv\Lib\site-packages\pandas\tests\config\test_config.py","17864","2026-05-14 22:15:23"
".venv\Lib\site-packages\pandas\tests\config\test_localization.py","4389","2026-05-14 22:15:23"
".venv\Lib\site-packages\pandas\tests\construction\__init__.py","0","2026-05-14 22:15:23"
".venv\Lib\site-packages\pandas\tests\construction\test_extract_array.py","637","2026-05-14 22:15:23"
".venv\Lib\site-packages\pandas\tests\copy_view\__init__.py","0","2026-05-14 22:15:23"
".venv\Lib\site-packages\pandas\tests\copy_view\index\__init__.py","0","2026-05-14 22:15:23"
".venv\Lib\site-packages\pandas\tests\copy_view\index\test_datetimeindex.py","2603","2026-05-14 22:15:23"
".venv\Lib\site-packages\pandas\tests\copy_view\index\test_index.py","4575","2026-05-14 22:15:23"
".venv\Lib\site-packages\pandas\tests\copy_view\index\test_intervalindex.py","848","2026-05-14 22:15:23"
".venv\Lib\site-packages\pandas\tests\copy_view\index\test_periodindex.py","1328","2026-05-14 22:15:23"
".venv\Lib\site-packages\pandas\tests\copy_view\index\test_timedeltaindex.py","1542","2026-05-14 22:15:23"
".venv\Lib\site-packages\pandas\tests\copy_view\test_array.py","6985","2026-05-14 22:15:23"
".venv\Lib\site-packages\pandas\tests\copy_view\test_astype.py","7894","2026-05-14 22:15:23"
".venv\Lib\site-packages\pandas\tests\copy_view\test_chained_assignment_deprecation.py","2790","2026-05-14 22:15:23"
".venv\Lib\site-packages\pandas\tests\copy_view\test_clip.py","1928","2026-05-14 22:15:23"
".venv\Lib\site-packages\pandas\tests\copy_view\test_constructors.py","13225","2026-05-14 22:15:23"
".venv\Lib\site-packages\pandas\tests\copy_view\test_copy_deprecation.py","3132","2026-05-14 22:15:23"
".venv\Lib\site-packages\pandas\tests\copy_view\test_core_functionalities.py","2899","2026-05-14 22:15:23"
".venv\Lib\site-packages\pandas\tests\copy_view\test_functions.py","12231","2026-05-14 22:15:23"
".venv\Lib\site-packages\pandas\tests\copy_view\test_indexing.py","28574","2026-05-14 22:15:23"
".venv\Lib\site-packages\pandas\tests\copy_view\test_internals.py","3588","2026-05-14 22:15:23"
".venv\Lib\site-packages\pandas\tests\copy_view\test_interp_fillna.py","9726","2026-05-14 22:15:23"
".venv\Lib\site-packages\pandas\tests\copy_view\test_methods.py","51839","2026-05-14 22:15:23"
".venv\Lib\site-packages\pandas\tests\copy_view\test_replace.py","11799","2026-05-14 22:15:23"
".venv\Lib\site-packages\pandas\tests\copy_view\test_setitem.py","4167","2026-05-14 22:15:23"
".venv\Lib\site-packages\pandas\tests\copy_view\test_util.py","385","2026-05-14 22:15:23"
".venv\Lib\site-packages\pandas\tests\copy_view\util.py","899","2026-05-14 22:15:23"
".venv\Lib\site-packages\pandas\tests\dtypes\__init__.py","0","2026-05-14 22:15:23"
".venv\Lib\site-packages\pandas\tests\dtypes\cast\__init__.py","0","2026-05-14 22:15:23"
".venv\Lib\site-packages\pandas\tests\dtypes\cast\test_box_unbox.py","2930","2026-05-14 22:15:23"
".venv\Lib\site-packages\pandas\tests\dtypes\cast\test_can_hold_element.py","3260","2026-05-14 22:15:23"
".venv\Lib\site-packages\pandas\tests\dtypes\cast\test_construct_from_scalar.py","1780","2026-05-14 22:15:23"
".venv\Lib\site-packages\pandas\tests\dtypes\cast\test_construct_ndarray.py","1316","2026-05-14 22:15:23"
".venv\Lib\site-packages\pandas\tests\dtypes\cast\test_construct_object_arr.py","717","2026-05-14 22:15:23"
".venv\Lib\site-packages\pandas\tests\dtypes\cast\test_dict_compat.py","476","2026-05-14 22:15:23"
".venv\Lib\site-packages\pandas\tests\dtypes\cast\test_downcast.py","1560","2026-05-14 22:15:23"
".venv\Lib\site-packages\pandas\tests\dtypes\cast\test_find_common_type.py","5226","2026-05-14 22:15:23"
".venv\Lib\site-packages\pandas\tests\dtypes\cast\test_infer_datetimelike.py","603","2026-05-14 22:15:23"
".venv\Lib\site-packages\pandas\tests\dtypes\cast\test_infer_dtype.py","6060","2026-05-14 22:15:23"
".venv\Lib\site-packages\pandas\tests\dtypes\cast\test_promote.py","20755","2026-05-14 22:15:23"
".venv\Lib\site-packages\pandas\tests\dtypes\test_common.py","29340","2026-05-14 22:15:23"
".venv\Lib\site-packages\pandas\tests\dtypes\test_concat.py","2086","2026-05-14 22:15:23"
".venv\Lib\site-packages\pandas\tests\dtypes\test_dtypes.py","44513","2026-05-14 22:15:23"
".venv\Lib\site-packages\pandas\tests\dtypes\test_generic.py","4794","2026-05-14 22:15:23"
".venv\Lib\site-packages\pandas\tests\dtypes\test_inference.py","74885","2026-05-14 22:15:23"
".venv\Lib\site-packages\pandas\tests\dtypes\test_missing.py","28677","2026-05-14 22:15:23"
".venv\Lib\site-packages\pandas\tests\extension\__init__.py","0","2026-05-14 22:15:23"
".venv\Lib\site-packages\pandas\tests\extension\array_with_attr\__init__.py","149","2026-05-14 22:15:23"
".venv\Lib\site-packages\pandas\tests\extension\array_with_attr\array.py","2481","2026-05-14 22:15:23"
".venv\Lib\site-packages\pandas\tests\extension\array_with_attr\test_array_with_attr.py","1373","2026-05-14 22:15:23"
".venv\Lib\site-packages\pandas\tests\extension\base\__init__.py","2870","2026-05-14 22:15:23"
".venv\Lib\site-packages\pandas\tests\extension\base\accumulate.py","1501","2026-05-14 22:15:23"
".venv\Lib\site-packages\pandas\tests\extension\base\base.py","35","2026-05-14 22:15:23"
".venv\Lib\site-packages\pandas\tests\extension\base\casting.py","3254","2026-05-14 22:15:23"
".venv\Lib\site-packages\pandas\tests\extension\base\constructors.py","5623","2026-05-14 22:15:23"
".venv\Lib\site-packages\pandas\tests\extension\base\dim2.py","12454","2026-05-14 22:15:23"
".venv\Lib\site-packages\pandas\tests\extension\base\dtype.py","4005","2026-05-14 22:15:23"
".venv\Lib\site-packages\pandas\tests\extension\base\getitem.py","16534","2026-05-14 22:15:23"
".venv\Lib\site-packages\pandas\tests\extension\base\groupby.py","6247","2026-05-14 22:15:23"
".venv\Lib\site-packages\pandas\tests\extension\base\index.py","518","2026-05-14 22:15:23"
".venv\Lib\site-packages\pandas\tests\extension\base\interface.py","5955","2026-05-14 22:15:23"
".venv\Lib\site-packages\pandas\tests\extension\base\io.py","1474","2026-05-14 22:15:23"
".venv\Lib\site-packages\pandas\tests\extension\base\methods.py","29502","2026-05-14 22:15:23"
".venv\Lib\site-packages\pandas\tests\extension\base\missing.py","6774","2026-05-14 22:15:23"
".venv\Lib\site-packages\pandas\tests\extension\base\ops.py","10631","2026-05-14 22:15:23"
".venv\Lib\site-packages\pandas\tests\extension\base\printing.py","1110","2026-05-14 22:15:23"
".venv\Lib\site-packages\pandas\tests\extension\base\reduce.py","4975","2026-05-14 22:15:23"
".venv\Lib\site-packages\pandas\tests\extension\base\reshaping.py","14477","2026-05-14 22:15:23"
".venv\Lib\site-packages\pandas\tests\extension\base\setitem.py","17820","2026-05-14 22:15:23"
".venv\Lib\site-packages\pandas\tests\extension\conftest.py","4725","2026-05-14 22:15:23"
".venv\Lib\site-packages\pandas\tests\extension\date\__init__.py","118","2026-05-14 22:15:23"
".venv\Lib\site-packages\pandas\tests\extension\date\array.py","6182","2026-05-14 22:15:23"
".venv\Lib\site-packages\pandas\tests\extension\decimal\__init__.py","191","2026-05-14 22:15:23"
".venv\Lib\site-packages\pandas\tests\extension\decimal\array.py","9966","2026-05-14 22:15:23"
".venv\Lib\site-packages\pandas\tests\extension\decimal\test_decimal.py","14691","2026-05-14 22:15:23"
".venv\Lib\site-packages\pandas\tests\extension\json\__init__.py","146","2026-05-14 22:15:23"
".venv\Lib\site-packages\pandas\tests\extension\json\array.py","9302","2026-05-14 22:15:23"
".venv\Lib\site-packages\pandas\tests\extension\json\test_json.py","18221","2026-05-14 22:15:23"
".venv\Lib\site-packages\pandas\tests\extension\list\__init__.py","146","2026-05-14 22:15:23"
".venv\Lib\site-packages\pandas\tests\extension\list\array.py","3973","2026-05-14 22:15:23"
".venv\Lib\site-packages\pandas\tests\extension\list\test_list.py","674","2026-05-14 22:15:23"
".venv\Lib\site-packages\pandas\tests\extension\test_arrow.py","136152","2026-05-14 22:15:23"
".venv\Lib\site-packages\pandas\tests\extension\test_categorical.py","6481","2026-05-14 22:15:23"
".venv\Lib\site-packages\pandas\tests\extension\test_common.py","3071","2026-05-14 22:15:23"
".venv\Lib\site-packages\pandas\tests\extension\test_datetime.py","4678","2026-05-14 22:15:23"
".venv\Lib\site-packages\pandas\tests\extension\test_extension.py","560","2026-05-14 22:15:23"
".venv\Lib\site-packages\pandas\tests\extension\test_interval.py","4511","2026-05-14 22:15:23"
".venv\Lib\site-packages\pandas\tests\extension\test_masked.py","12722","2026-05-14 22:15:23"
".venv\Lib\site-packages\pandas\tests\extension\test_numpy.py","15893","2026-05-14 22:15:23"
".venv\Lib\site-packages\pandas\tests\extension\test_period.py","3355","2026-05-14 22:15:23"
".venv\Lib\site-packages\pandas\tests\extension\test_sparse.py","18633","2026-05-14 22:15:23"
".venv\Lib\site-packages\pandas\tests\extension\test_string.py","11021","2026-05-14 22:15:23"
".venv\Lib\site-packages\pandas\tests\extension\uuid\__init__.py","0","2026-05-14 22:15:23"
".venv\Lib\site-packages\pandas\tests\extension\uuid\test_uuid.py","2354","2026-05-14 22:15:23"
".venv\Lib\site-packages\pandas\tests\frame\__init__.py","0","2026-05-14 22:15:23"
".venv\Lib\site-packages\pandas\tests\frame\common.py","1873","2026-05-14 22:15:23"
".venv\Lib\site-packages\pandas\tests\frame\conftest.py","2647","2026-05-14 22:15:23"
".venv\Lib\site-packages\pandas\tests\frame\constructors\__init__.py","0","2026-05-14 22:15:23"
".venv\Lib\site-packages\pandas\tests\frame\constructors\test_from_dict.py","7988","2026-05-14 22:15:23"
".venv\Lib\site-packages\pandas\tests\frame\constructors\test_from_records.py","19533","2026-05-14 22:15:23"
".venv\Lib\site-packages\pandas\tests\frame\indexing\__init__.py","0","2026-05-14 22:15:23"
".venv\Lib\site-packages\pandas\tests\frame\indexing\test_coercion.py","5125","2026-05-14 22:15:23"
".venv\Lib\site-packages\pandas\tests\frame\indexing\test_delitem.py","1832","2026-05-14 22:15:23"
".venv\Lib\site-packages\pandas\tests\frame\indexing\test_get_value.py","679","2026-05-14 22:15:23"
".venv\Lib\site-packages\pandas\tests\frame\indexing\test_get.py","690","2026-05-14 22:15:23"
".venv\Lib\site-packages\pandas\tests\frame\indexing\test_getitem.py","14844","2026-05-14 22:15:23"
".venv\Lib\site-packages\pandas\tests\frame\indexing\test_indexing.py","67195","2026-05-14 22:15:23"
".venv\Lib\site-packages\pandas\tests\frame\indexing\test_insert.py","3882","2026-05-14 22:15:23"
".venv\Lib\site-packages\pandas\tests\frame\indexing\test_mask.py","4941","2026-05-14 22:15:23"
".venv\Lib\site-packages\pandas\tests\frame\indexing\test_set_value.py","2492","2026-05-14 22:15:23"
".venv\Lib\site-packages\pandas\tests\frame\indexing\test_setitem.py","53289","2026-05-14 22:15:23"
".venv\Lib\site-packages\pandas\tests\frame\indexing\test_take.py","3229","2026-05-14 22:15:23"
".venv\Lib\site-packages\pandas\tests\frame\indexing\test_where.py","36531","2026-05-14 22:15:23"
".venv\Lib\site-packages\pandas\tests\frame\indexing\test_xs.py","13520","2026-05-14 22:15:23"
".venv\Lib\site-packages\pandas\tests\frame\methods\__init__.py","229","2026-05-14 22:15:23"
".venv\Lib\site-packages\pandas\tests\frame\methods\test_add_prefix_suffix.py","1910","2026-05-14 22:15:23"
".venv\Lib\site-packages\pandas\tests\frame\methods\test_align.py","12243","2026-05-14 22:15:23"
".venv\Lib\site-packages\pandas\tests\frame\methods\test_asfreq.py","10283","2026-05-14 22:15:23"
".venv\Lib\site-packages\pandas\tests\frame\methods\test_asof.py","6248","2026-05-14 22:15:23"
".venv\Lib\site-packages\pandas\tests\frame\methods\test_assign.py","2982","2026-05-14 22:15:23"
".venv\Lib\site-packages\pandas\tests\frame\methods\test_astype.py","32567","2026-05-14 22:15:23"
".venv\Lib\site-packages\pandas\tests\frame\methods\test_at_time.py","5521","2026-05-14 22:15:23"
".venv\Lib\site-packages\pandas\tests\frame\methods\test_between_time.py","8083","2026-05-14 22:15:23"
".venv\Lib\site-packages\pandas\tests\frame\methods\test_clip.py","7355","2026-05-14 22:15:23"
".venv\Lib\site-packages\pandas\tests\frame\methods\test_combine_first.py","21491","2026-05-14 22:15:23"
".venv\Lib\site-packages\pandas\tests\frame\methods\test_combine.py","1759","2026-05-14 22:15:23"
".venv\Lib\site-packages\pandas\tests\frame\methods\test_compare.py","9526","2026-05-14 22:15:23"
".venv\Lib\site-packages\pandas\tests\frame\methods\test_convert_dtypes.py","9793","2026-05-14 22:15:23"
".venv\Lib\site-packages\pandas\tests\frame\methods\test_copy.py","1266","2026-05-14 22:15:23"
".venv\Lib\site-packages\pandas\tests\frame\methods\test_count.py","1083","2026-05-14 22:15:23"
".venv\Lib\site-packages\pandas\tests\frame\methods\test_cov_corr.py","18910","2026-05-14 22:15:23"
".venv\Lib\site-packages\pandas\tests\frame\methods\test_describe.py","16010","2026-05-14 22:15:23"
".venv\Lib\site-packages\pandas\tests\frame\methods\test_diff.py","10218","2026-05-14 22:15:23"
".venv\Lib\site-packages\pandas\tests\frame\methods\test_dot.py","5116","2026-05-14 22:15:23"
".venv\Lib\site-packages\pandas\tests\frame\methods\test_drop_duplicates.py","15723","2026-05-14 22:15:23"
".venv\Lib\site-packages\pandas\tests\frame\methods\test_drop.py","20740","2026-05-14 22:15:23"
".venv\Lib\site-packages\pandas\tests\frame\methods\test_droplevel.py","1253","2026-05-14 22:15:23"
".venv\Lib\site-packages\pandas\tests\frame\methods\test_dropna.py","10331","2026-05-14 22:15:23"
".venv\Lib\site-packages\pandas\tests\frame\methods\test_dtypes.py","4672","2026-05-14 22:15:23"
".venv\Lib\site-packages\pandas\tests\frame\methods\test_duplicated.py","3305","2026-05-14 22:15:23"
".venv\Lib\site-packages\pandas\tests\frame\methods\test_equals.py","3407","2026-05-14 22:15:23"
".venv\Lib\site-packages\pandas\tests\frame\methods\test_explode.py","8952","2026-05-14 22:15:23"
".venv\Lib\site-packages\pandas\tests\frame\methods\test_fillna.py","29085","2026-05-14 22:15:23"
".venv\Lib\site-packages\pandas\tests\frame\methods\test_filter.py","5373","2026-05-14 22:15:23"
".venv\Lib\site-packages\pandas\tests\frame\methods\test_first_valid_index.py","2575","2026-05-14 22:15:23"
".venv\Lib\site-packages\pandas\tests\frame\methods\test_get_numeric_data.py","3379","2026-05-14 22:15:23"
".venv\Lib\site-packages\pandas\tests\frame\methods\test_head_tail.py","1935","2026-05-14 22:15:23"
".venv\Lib\site-packages\pandas\tests\frame\methods\test_infer_objects.py","1241","2026-05-14 22:15:23"
".venv\Lib\site-packages\pandas\tests\frame\methods\test_info.py","17773","2026-05-14 22:15:23"
".venv\Lib\site-packages\pandas\tests\frame\methods\test_interpolate.py","15299","2026-05-14 22:15:23"
".venv\Lib\site-packages\pandas\tests\frame\methods\test_is_homogeneous_dtype.py","1303","2026-05-14 22:15:23"
".venv\Lib\site-packages\pandas\tests\frame\methods\test_isetitem.py","1428","2026-05-14 22:15:23"
".venv\Lib\site-packages\pandas\tests\frame\methods\test_isin.py","7599","2026-05-14 22:15:23"
".venv\Lib\site-packages\pandas\tests\frame\methods\test_iterrows.py","338","2026-05-14 22:15:23"
".venv\Lib\site-packages\pandas\tests\frame\methods\test_join.py","18110","2026-05-14 22:15:23"
".venv\Lib\site-packages\pandas\tests\frame\methods\test_map.py","5718","2026-05-14 22:15:23"
".venv\Lib\site-packages\pandas\tests\frame\methods\test_matmul.py","3137","2026-05-14 22:15:23"
".venv\Lib\site-packages\pandas\tests\frame\methods\test_nlargest.py","8058","2026-05-14 22:15:23"
".venv\Lib\site-packages\pandas\tests\frame\methods\test_pct_change.py","3632","2026-05-14 22:15:23"
".venv\Lib\site-packages\pandas\tests\frame\methods\test_pipe.py","1023","2026-05-14 22:15:23"
".venv\Lib\site-packages\pandas\tests\frame\methods\test_pop.py","2143","2026-05-14 22:15:23"
".venv\Lib\site-packages\pandas\tests\frame\methods\test_quantile.py","33875","2026-05-14 22:15:23"
".venv\Lib\site-packages\pandas\tests\frame\methods\test_rank.py","17407","2026-05-14 22:15:23"
".venv\Lib\site-packages\pandas\tests\frame\methods\test_reindex_like.py","1351","2026-05-14 22:15:23"
".venv\Lib\site-packages\pandas\tests\frame\methods\test_reindex.py","47624","2026-05-14 22:15:23"
".venv\Lib\site-packages\pandas\tests\frame\methods\test_rename_axis.py","4539","2026-05-14 22:15:23"
".venv\Lib\site-packages\pandas\tests\frame\methods\test_rename.py","16329","2026-05-14 22:15:23"
".venv\Lib\site-packages\pandas\tests\frame\methods\test_reorder_levels.py","2729","2026-05-14 22:15:23"
".venv\Lib\site-packages\pandas\tests\frame\methods\test_replace.py","57703","2026-05-14 22:15:23"
".venv\Lib\site-packages\pandas\tests\frame\methods\test_reset_index.py","29136","2026-05-14 22:15:23"
".venv\Lib\site-packages\pandas\tests\frame\methods\test_round.py","8268","2026-05-14 22:15:23"
".venv\Lib\site-packages\pandas\tests\frame\methods\test_sample.py","14228","2026-05-14 22:15:23"
".venv\Lib\site-packages\pandas\tests\frame\methods\test_select_dtypes.py","18889","2026-05-14 22:15:23"
".venv\Lib\site-packages\pandas\tests\frame\methods\test_set_axis.py","4118","2026-05-14 22:15:23"
".venv\Lib\site-packages\pandas\tests\frame\methods\test_set_index.py","26833","2026-05-14 22:15:23"
".venv\Lib\site-packages\pandas\tests\frame\methods\test_shift.py","29601","2026-05-14 22:15:23"
".venv\Lib\site-packages\pandas\tests\frame\methods\test_size.py","571","2026-05-14 22:15:23"
".venv\Lib\site-packages\pandas\tests\frame\methods\test_sort_index.py","35057","2026-05-14 22:15:23"
".venv\Lib\site-packages\pandas\tests\frame\methods\test_sort_values.py","32000","2026-05-14 22:15:23"
".venv\Lib\site-packages\pandas\tests\frame\methods\test_swaplevel.py","1277","2026-05-14 22:15:23"
".venv\Lib\site-packages\pandas\tests\frame\methods\test_to_csv.py","52039","2026-05-14 22:15:23"
".venv\Lib\site-packages\pandas\tests\frame\methods\test_to_dict_of_blocks.py","1109","2026-05-14 22:15:23"
".venv\Lib\site-packages\pandas\tests\frame\methods\test_to_dict.py","18815","2026-05-14 22:15:23"
".venv\Lib\site-packages\pandas\tests\frame\methods\test_to_numpy.py","2782","2026-05-14 22:15:23"
".venv\Lib\site-packages\pandas\tests\frame\methods\test_to_period.py","2863","2026-05-14 22:15:23"
".venv\Lib\site-packages\pandas\tests\frame\methods\test_to_records.py","18597","2026-05-14 22:15:23"
".venv\Lib\site-packages\pandas\tests\frame\methods\test_to_timestamp.py","5866","2026-05-14 22:15:23"
".venv\Lib\site-packages\pandas\tests\frame\methods\test_transpose.py","6438","2026-05-14 22:15:23"
".venv\Lib\site-packages\pandas\tests\frame\methods\test_truncate.py","5216","2026-05-14 22:15:23"
".venv\Lib\site-packages\pandas\tests\frame\methods\test_tz_convert.py","4984","2026-05-14 22:15:23"
".venv\Lib\site-packages\pandas\tests\frame\methods\test_tz_localize.py","2015","2026-05-14 22:15:23"
".venv\Lib\site-packages\pandas\tests\frame\methods\test_update.py","8642","2026-05-14 22:15:23"
".venv\Lib\site-packages\pandas\tests\frame\methods\test_value_counts.py","5556","2026-05-14 22:15:23"
".venv\Lib\site-packages\pandas\tests\frame\methods\test_values.py","8722","2026-05-14 22:15:23"
".venv\Lib\site-packages\pandas\tests\frame\test_alter_axes.py","887","2026-05-14 22:15:23"
".venv\Lib\site-packages\pandas\tests\frame\test_api.py","13088","2026-05-14 22:15:23"
".venv\Lib\site-packages\pandas\tests\frame\test_arithmetic.py","75915","2026-05-14 22:15:23"
".venv\Lib\site-packages\pandas\tests\frame\test_arrow_interface.py","3094","2026-05-14 22:15:23"
".venv\Lib\site-packages\pandas\tests\frame\test_block_internals.py","16514","2026-05-14 22:15:23"
".venv\Lib\site-packages\pandas\tests\frame\test_constructors.py","124423","2026-05-14 22:15:23"
".venv\Lib\site-packages\pandas\tests\frame\test_cumulative.py","3278","2026-05-14 22:15:23"
".venv\Lib\site-packages\pandas\tests\frame\test_iteration.py","5077","2026-05-14 22:15:23"
".venv\Lib\site-packages\pandas\tests\frame\test_logical_ops.py","7066","2026-05-14 22:15:23"
".venv\Lib\site-packages\pandas\tests\frame\test_nonunique_indexes.py","11872","2026-05-14 22:15:23"
".venv\Lib\site-packages\pandas\tests\frame\test_npfuncs.py","2477","2026-05-14 22:15:23"
".venv\Lib\site-packages\pandas\tests\frame\test_query_eval.py","62027","2026-05-14 22:15:23"
".venv\Lib\site-packages\pandas\tests\frame\test_reductions.py","79781","2026-05-14 22:15:23"
".venv\Lib\site-packages\pandas\tests\frame\test_repr.py","15930","2026-05-14 22:15:23"
".venv\Lib\site-packages\pandas\tests\frame\test_stack_unstack.py","100501","2026-05-14 22:15:23"
".venv\Lib\site-packages\pandas\tests\frame\test_subclass.py","27401","2026-05-14 22:15:23"
".venv\Lib\site-packages\pandas\tests\frame\test_ufunc.py","10580","2026-05-14 22:15:23"
".venv\Lib\site-packages\pandas\tests\frame\test_unary.py","5744","2026-05-14 22:15:23"
".venv\Lib\site-packages\pandas\tests\frame\test_validate.py","1057","2026-05-14 22:15:23"
".venv\Lib\site-packages\pandas\tests\generic\__init__.py","0","2026-05-14 22:15:23"
".venv\Lib\site-packages\pandas\tests\generic\test_duplicate_labels.py","13611","2026-05-14 22:15:23"
".venv\Lib\site-packages\pandas\tests\generic\test_finalize.py","28550","2026-05-14 22:15:23"
".venv\Lib\site-packages\pandas\tests\generic\test_frame.py","6966","2026-05-14 22:15:23"
".venv\Lib\site-packages\pandas\tests\generic\test_generic.py","17027","2026-05-14 22:15:23"
".venv\Lib\site-packages\pandas\tests\generic\test_label_or_level_utils.py","10122","2026-05-14 22:15:23"
".venv\Lib\site-packages\pandas\tests\generic\test_series.py","3994","2026-05-14 22:15:23"
".venv\Lib\site-packages\pandas\tests\generic\test_to_xarray.py","4515","2026-05-14 22:15:23"
".venv\Lib\site-packages\pandas\tests\groupby\__init__.py","639","2026-05-14 22:15:23"
".venv\Lib\site-packages\pandas\tests\groupby\aggregate\__init__.py","0","2026-05-14 22:15:23"
".venv\Lib\site-packages\pandas\tests\groupby\aggregate\test_aggregate.py","64608","2026-05-14 22:15:23"
".venv\Lib\site-packages\pandas\tests\groupby\aggregate\test_cython.py","11913","2026-05-14 22:15:23"
".venv\Lib\site-packages\pandas\tests\groupby\aggregate\test_numba.py","14930","2026-05-14 22:15:23"
".venv\Lib\site-packages\pandas\tests\groupby\aggregate\test_other.py","19899","2026-05-14 22:15:23"
".venv\Lib\site-packages\pandas\tests\groupby\conftest.py","3893","2026-05-14 22:15:23"
".venv\Lib\site-packages\pandas\tests\groupby\methods\__init__.py","0","2026-05-14 22:15:23"
".venv\Lib\site-packages\pandas\tests\groupby\methods\test_describe.py","8851","2026-05-14 22:15:23"
".venv\Lib\site-packages\pandas\tests\groupby\methods\test_groupby_shift_diff.py","8366","2026-05-14 22:15:23"
".venv\Lib\site-packages\pandas\tests\groupby\methods\test_is_monotonic.py","2566","2026-05-14 22:15:23"
".venv\Lib\site-packages\pandas\tests\groupby\methods\test_kurt.py","2391","2026-05-14 22:15:23"
".venv\Lib\site-packages\pandas\tests\groupby\methods\test_nlargest_nsmallest.py","3363","2026-05-14 22:15:23"
".venv\Lib\site-packages\pandas\tests\groupby\methods\test_nth.py","25872","2026-05-14 22:15:23"
".venv\Lib\site-packages\pandas\tests\groupby\methods\test_quantile.py","15402","2026-05-14 22:15:23"
".venv\Lib\site-packages\pandas\tests\groupby\methods\test_rank.py","21504","2026-05-14 22:15:23"
".venv\Lib\site-packages\pandas\tests\groupby\methods\test_sample.py","5155","2026-05-14 22:15:23"
".venv\Lib\site-packages\pandas\tests\groupby\methods\test_size.py","3011","2026-05-14 22:15:23"
".venv\Lib\site-packages\pandas\tests\groupby\methods\test_skew.py","841","2026-05-14 22:15:23"
".venv\Lib\site-packages\pandas\tests\groupby\methods\test_value_counts.py","39563","2026-05-14 22:15:23"
".venv\Lib\site-packages\pandas\tests\groupby\test_all_methods.py","3564","2026-05-14 22:15:23"
".venv\Lib\site-packages\pandas\tests\groupby\test_api.py","8554","2026-05-14 22:15:23"
".venv\Lib\site-packages\pandas\tests\groupby\test_apply.py","46178","2026-05-14 22:15:23"
".venv\Lib\site-packages\pandas\tests\groupby\test_bin_groupby.py","1553","2026-05-14 22:15:23"
".venv\Lib\site-packages\pandas\tests\groupby\test_categorical.py","73638","2026-05-14 22:15:23"
".venv\Lib\site-packages\pandas\tests\groupby\test_counting.py","13495","2026-05-14 22:15:23"
".venv\Lib\site-packages\pandas\tests\groupby\test_cumulative.py","10997","2026-05-14 22:15:23"
".venv\Lib\site-packages\pandas\tests\groupby\test_filters.py","21270","2026-05-14 22:15:23"
".venv\Lib\site-packages\pandas\tests\groupby\test_groupby_dropna.py","22715","2026-05-14 22:15:23"
".venv\Lib\site-packages\pandas\tests\groupby\test_groupby_subclass.py","5188","2026-05-14 22:15:23"
".venv\Lib\site-packages\pandas\tests\groupby\test_groupby.py","95083","2026-05-14 22:15:23"
".venv\Lib\site-packages\pandas\tests\groupby\test_grouping.py","44362","2026-05-14 22:15:23"
".venv\Lib\site-packages\pandas\tests\groupby\test_index_as_string.py","2162","2026-05-14 22:15:23"
".venv\Lib\site-packages\pandas\tests\groupby\test_indexing.py","8970","2026-05-14 22:15:23"
".venv\Lib\site-packages\pandas\tests\groupby\test_libgroupby.py","11156","2026-05-14 22:15:23"
".venv\Lib\site-packages\pandas\tests\groupby\test_missing.py","3234","2026-05-14 22:15:23"
".venv\Lib\site-packages\pandas\tests\groupby\test_numba.py","3205","2026-05-14 22:15:23"
".venv\Lib\site-packages\pandas\tests\groupby\test_numeric_only.py","15298","2026-05-14 22:15:23"
".venv\Lib\site-packages\pandas\tests\groupby\test_pipe.py","2082","2026-05-14 22:15:23"
".venv\Lib\site-packages\pandas\tests\groupby\test_raises.py","23159","2026-05-14 22:15:23"
".venv\Lib\site-packages\pandas\tests\groupby\test_reductions.py","49320","2026-05-14 22:15:23"
".venv\Lib\site-packages\pandas\tests\groupby\test_timegrouper.py","35157","2026-05-14 22:15:23"
".venv\Lib\site-packages\pandas\tests\groupby\transform\__init__.py","0","2026-05-14 22:15:23"
".venv\Lib\site-packages\pandas\tests\groupby\transform\test_numba.py","11454","2026-05-14 22:15:23"
".venv\Lib\site-packages\pandas\tests\groupby\transform\test_transform.py","51735","2026-05-14 22:15:23"
".venv\Lib\site-packages\pandas\tests\indexes\__init__.py","0","2026-05-14 22:15:23"
".venv\Lib\site-packages\pandas\tests\indexes\base_class\__init__.py","0","2026-05-14 22:15:23"
".venv\Lib\site-packages\pandas\tests\indexes\base_class\test_constructors.py","2397","2026-05-14 22:15:23"
".venv\Lib\site-packages\pandas\tests\indexes\base_class\test_formats.py","5862","2026-05-14 22:15:23"
".venv\Lib\site-packages\pandas\tests\indexes\base_class\test_indexing.py","3687","2026-05-14 22:15:23"
".venv\Lib\site-packages\pandas\tests\indexes\base_class\test_pickle.py","329","2026-05-14 22:15:23"
".venv\Lib\site-packages\pandas\tests\indexes\base_class\test_reshape.py","3138","2026-05-14 22:15:23"
".venv\Lib\site-packages\pandas\tests\indexes\base_class\test_setops.py","9131","2026-05-14 22:15:23"
".venv\Lib\site-packages\pandas\tests\indexes\base_class\test_where.py","341","2026-05-14 22:15:23"
".venv\Lib\site-packages\pandas\tests\indexes\categorical\__init__.py","0","2026-05-14 22:15:23"
".venv\Lib\site-packages\pandas\tests\indexes\categorical\test_append.py","2245","2026-05-14 22:15:23"
".venv\Lib\site-packages\pandas\tests\indexes\categorical\test_astype.py","3124","2026-05-14 22:15:23"
".venv\Lib\site-packages\pandas\tests\indexes\categorical\test_category.py","15160","2026-05-14 22:15:23"
".venv\Lib\site-packages\pandas\tests\indexes\categorical\test_constructors.py","5952","2026-05-14 22:15:23"
".venv\Lib\site-packages\pandas\tests\indexes\categorical\test_equals.py","3570","2026-05-14 22:15:23"
".venv\Lib\site-packages\pandas\tests\indexes\categorical\test_fillna.py","1850","2026-05-14 22:15:23"
".venv\Lib\site-packages\pandas\tests\indexes\categorical\test_formats.py","6601","2026-05-14 22:15:23"
".venv\Lib\site-packages\pandas\tests\indexes\categorical\test_indexing.py","14984","2026-05-14 22:15:23"
".venv\Lib\site-packages\pandas\tests\indexes\categorical\test_map.py","4664","2026-05-14 22:15:23"
".venv\Lib\site-packages\pandas\tests\indexes\categorical\test_reindex.py","2938","2026-05-14 22:15:23"
".venv\Lib\site-packages\pandas\tests\indexes\categorical\test_setops.py","462","2026-05-14 22:15:23"
".venv\Lib\site-packages\pandas\tests\indexes\conftest.py","959","2026-05-14 22:15:23"
".venv\Lib\site-packages\pandas\tests\indexes\datetimelike_\__init__.py","0","2026-05-14 22:15:23"
".venv\Lib\site-packages\pandas\tests\indexes\datetimelike_\test_drop_duplicates.py","2999","2026-05-14 22:15:23"
".venv\Lib\site-packages\pandas\tests\indexes\datetimelike_\test_equals.py","6582","2026-05-14 22:15:23"
".venv\Lib\site-packages\pandas\tests\indexes\datetimelike_\test_indexing.py","1310","2026-05-14 22:15:23"
".venv\Lib\site-packages\pandas\tests\indexes\datetimelike_\test_is_monotonic.py","1522","2026-05-14 22:15:23"
".venv\Lib\site-packages\pandas\tests\indexes\datetimelike_\test_nat.py","1040","2026-05-14 22:15:23"
".venv\Lib\site-packages\pandas\tests\indexes\datetimelike_\test_sort_values.py","11258","2026-05-14 22:15:23"
".venv\Lib\site-packages\pandas\tests\indexes\datetimelike_\test_value_counts.py","3150","2026-05-14 22:15:23"
".venv\Lib\site-packages\pandas\tests\indexes\datetimes\__init__.py","0","2026-05-14 22:15:23"
".venv\Lib\site-packages\pandas\tests\indexes\datetimes\methods\__init__.py","0","2026-05-14 22:15:24"
".venv\Lib\site-packages\pandas\tests\indexes\datetimes\methods\test_asof.py","1155","2026-05-14 22:15:23"
".venv\Lib\site-packages\pandas\tests\indexes\datetimes\methods\test_astype.py","12429","2026-05-14 22:15:23"
".venv\Lib\site-packages\pandas\tests\indexes\datetimes\methods\test_delete.py","4441","2026-05-14 22:15:23"
".venv\Lib\site-packages\pandas\tests\indexes\datetimes\methods\test_factorize.py","4468","2026-05-14 22:15:23"
".venv\Lib\site-packages\pandas\tests\indexes\datetimes\methods\test_fillna.py","2004","2026-05-14 22:15:23"
".venv\Lib\site-packages\pandas\tests\indexes\datetimes\methods\test_insert.py","9625","2026-05-14 22:15:24"
".venv\Lib\site-packages\pandas\tests\indexes\datetimes\methods\test_isocalendar.py","908","2026-05-14 22:15:24"
".venv\Lib\site-packages\pandas\tests\indexes\datetimes\methods\test_map.py","1358","2026-05-14 22:15:24"
".venv\Lib\site-packages\pandas\tests\indexes\datetimes\methods\test_normalize.py","3181","2026-05-14 22:15:24"
".venv\Lib\site-packages\pandas\tests\indexes\datetimes\methods\test_repeat.py","2740","2026-05-14 22:15:24"
".venv\Lib\site-packages\pandas\tests\indexes\datetimes\methods\test_resolution.py","883","2026-05-14 22:15:24"
".venv\Lib\site-packages\pandas\tests\indexes\datetimes\methods\test_round.py","7846","2026-05-14 22:15:24"
".venv\Lib\site-packages\pandas\tests\indexes\datetimes\methods\test_shift.py","6188","2026-05-14 22:15:24"
".venv\Lib\site-packages\pandas\tests\indexes\datetimes\methods\test_snap.py","1729","2026-05-14 22:15:24"
".venv\Lib\site-packages\pandas\tests\indexes\datetimes\methods\test_to_frame.py","998","2026-05-14 22:15:24"
".venv\Lib\site-packages\pandas\tests\indexes\datetimes\methods\test_to_julian_date.py","1608","2026-05-14 22:15:24"
".venv\Lib\site-packages\pandas\tests\indexes\datetimes\methods\test_to_period.py","7782","2026-05-14 22:15:24"
".venv\Lib\site-packages\pandas\tests\indexes\datetimes\methods\test_to_pydatetime.py","1345","2026-05-14 22:15:24"
".venv\Lib\site-packages\pandas\tests\indexes\datetimes\methods\test_to_series.py","495","2026-05-14 22:15:24"
".venv\Lib\site-packages\pandas\tests\indexes\datetimes\methods\test_tz_convert.py","11704","2026-05-14 22:15:24"
".venv\Lib\site-packages\pandas\tests\indexes\datetimes\methods\test_tz_localize.py","14251","2026-05-14 22:15:24"
".venv\Lib\site-packages\pandas\tests\indexes\datetimes\methods\test_unique.py","2096","2026-05-14 22:15:24"
".venv\Lib\site-packages\pandas\tests\indexes\datetimes\test_arithmetic.py","2565","2026-05-14 22:15:23"
".venv\Lib\site-packages\pandas\tests\indexes\datetimes\test_constructors.py","44095","2026-05-14 22:15:23"
".venv\Lib\site-packages\pandas\tests\indexes\datetimes\test_date_range.py","66657","2026-05-14 22:15:23"
".venv\Lib\site-packages\pandas\tests\indexes\datetimes\test_datetime.py","5378","2026-05-14 22:15:23"
".venv\Lib\site-packages\pandas\tests\indexes\datetimes\test_formats.py","9859","2026-05-14 22:15:23"
".venv\Lib\site-packages\pandas\tests\indexes\datetimes\test_freq_attr.py","1732","2026-05-14 22:15:23"
".venv\Lib\site-packages\pandas\tests\indexes\datetimes\test_indexing.py","27587","2026-05-14 22:15:23"
".venv\Lib\site-packages\pandas\tests\indexes\datetimes\test_iter.py","2590","2026-05-14 22:15:23"
".venv\Lib\site-packages\pandas\tests\indexes\datetimes\test_join.py","4915","2026-05-14 22:15:23"
".venv\Lib\site-packages\pandas\tests\indexes\datetimes\test_npfuncs.py","384","2026-05-14 22:15:23"
".venv\Lib\site-packages\pandas\tests\indexes\datetimes\test_ops.py","1351","2026-05-14 22:15:23"
".venv\Lib\site-packages\pandas\tests\indexes\datetimes\test_partial_slicing.py","16489","2026-05-14 22:15:23"
".venv\Lib\site-packages\pandas\tests\indexes\datetimes\test_pickle.py","1468","2026-05-14 22:15:23"
".venv\Lib\site-packages\pandas\tests\indexes\datetimes\test_reindex.py","2178","2026-05-14 22:15:23"
".venv\Lib\site-packages\pandas\tests\indexes\datetimes\test_scalar_compat.py","16357","2026-05-14 22:15:23"
".venv\Lib\site-packages\pandas\tests\indexes\datetimes\test_setops.py","28054","2026-05-14 22:15:23"
".venv\Lib\site-packages\pandas\tests\indexes\datetimes\test_timezones.py","8076","2026-05-14 22:15:23"
".venv\Lib\site-packages\pandas\tests\indexes\interval\__init__.py","0","2026-05-14 22:15:24"
".venv\Lib\site-packages\pandas\tests\indexes\interval\test_astype.py","9335","2026-05-14 22:15:24"
".venv\Lib\site-packages\pandas\tests\indexes\interval\test_constructors.py","19915","2026-05-14 22:15:24"
".venv\Lib\site-packages\pandas\tests\indexes\interval\test_equals.py","1226","2026-05-14 22:15:24"
".venv\Lib\site-packages\pandas\tests\indexes\interval\test_formats.py","3773","2026-05-14 22:15:24"
".venv\Lib\site-packages\pandas\tests\indexes\interval\test_indexing.py","26022","2026-05-14 22:15:24"
".venv\Lib\site-packages\pandas\tests\indexes\interval\test_interval_range.py","14507","2026-05-14 22:15:24"
".venv\Lib\site-packages\pandas\tests\indexes\interval\test_interval_tree.py","7595","2026-05-14 22:15:24"
".venv\Lib\site-packages\pandas\tests\indexes\interval\test_interval.py","34876","2026-05-14 22:15:24"
".venv\Lib\site-packages\pandas\tests\indexes\interval\test_join.py","1148","2026-05-14 22:15:24"
".venv\Lib\site-packages\pandas\tests\indexes\interval\test_pickle.py","376","2026-05-14 22:15:24"
".venv\Lib\site-packages\pandas\tests\indexes\interval\test_setops.py","8346","2026-05-14 22:15:24"
".venv\Lib\site-packages\pandas\tests\indexes\multi\__init__.py","0","2026-05-14 22:15:24"
".venv\Lib\site-packages\pandas\tests\indexes\multi\conftest.py","698","2026-05-14 22:15:24"
".venv\Lib\site-packages\pandas\tests\indexes\multi\test_analytics.py","6723","2026-05-14 22:15:24"
".venv\Lib\site-packages\pandas\tests\indexes\multi\test_astype.py","924","2026-05-14 22:15:24"
".venv\Lib\site-packages\pandas\tests\indexes\multi\test_compat.py","3918","2026-05-14 22:15:24"
".venv\Lib\site-packages\pandas\tests\indexes\multi\test_constructors.py","27185","2026-05-14 22:15:24"
".venv\Lib\site-packages\pandas\tests\indexes\multi\test_conversion.py","6337","2026-05-14 22:15:24"
".venv\Lib\site-packages\pandas\tests\indexes\multi\test_copy.py","2405","2026-05-14 22:15:24"
".venv\Lib\site-packages\pandas\tests\indexes\multi\test_drop.py","6063","2026-05-14 22:15:24"
".venv\Lib\site-packages\pandas\tests\indexes\multi\test_duplicates.py","11480","2026-05-14 22:15:24"
".venv\Lib\site-packages\pandas\tests\indexes\multi\test_equivalence.py","8549","2026-05-14 22:15:24"
".venv\Lib\site-packages\pandas\tests\indexes\multi\test_formats.py","8312","2026-05-14 22:15:24"
".venv\Lib\site-packages\pandas\tests\indexes\multi\test_get_level_values.py","4308","2026-05-14 22:15:24"
".venv\Lib\site-packages\pandas\tests\indexes\multi\test_get_set.py","12800","2026-05-14 22:15:24"
".venv\Lib\site-packages\pandas\tests\indexes\multi\test_indexing.py","37656","2026-05-14 22:15:24"
".venv\Lib\site-packages\pandas\tests\indexes\multi\test_integrity.py","8997","2026-05-14 22:15:24"
".venv\Lib\site-packages\pandas\tests\indexes\multi\test_isin.py","3430","2026-05-14 22:15:24"
".venv\Lib\site-packages\pandas\tests\indexes\multi\test_join.py","8507","2026-05-14 22:15:24"
".venv\Lib\site-packages\pandas\tests\indexes\multi\test_lexsort.py","1358","2026-05-14 22:15:24"
".venv\Lib\site-packages\pandas\tests\indexes\multi\test_missing.py","3350","2026-05-14 22:15:24"
".venv\Lib\site-packages\pandas\tests\indexes\multi\test_monotonic.py","7007","2026-05-14 22:15:24"
".venv\Lib\site-packages\pandas\tests\indexes\multi\test_names.py","6601","2026-05-14 22:15:24"
".venv\Lib\site-packages\pandas\tests\indexes\multi\test_partial_indexing.py","4765","2026-05-14 22:15:24"
".venv\Lib\site-packages\pandas\tests\indexes\multi\test_pickle.py","259","2026-05-14 22:15:24"
".venv\Lib\site-packages\pandas\tests\indexes\multi\test_reindex.py","5856","2026-05-14 22:15:24"
".venv\Lib\site-packages\pandas\tests\indexes\multi\test_reshape.py","6711","2026-05-14 22:15:24"
".venv\Lib\site-packages\pandas\tests\indexes\multi\test_setops.py","25827","2026-05-14 22:15:24"
".venv\Lib\site-packages\pandas\tests\indexes\multi\test_sorting.py","10736","2026-05-14 22:15:24"
".venv\Lib\site-packages\pandas\tests\indexes\multi\test_take.py","2487","2026-05-14 22:15:24"
".venv\Lib\site-packages\pandas\tests\indexes\multi\test_util.py","2323","2026-05-14 22:15:24"
".venv\Lib\site-packages\pandas\tests\indexes\numeric\__init__.py","0","2026-05-14 22:15:24"
".venv\Lib\site-packages\pandas\tests\indexes\numeric\test_astype.py","3618","2026-05-14 22:15:24"
".venv\Lib\site-packages\pandas\tests\indexes\numeric\test_indexing.py","23316","2026-05-14 22:15:24"
".venv\Lib\site-packages\pandas\tests\indexes\numeric\test_join.py","14997","2026-05-14 22:15:24"
".venv\Lib\site-packages\pandas\tests\indexes\numeric\test_numeric.py","18506","2026-05-14 22:15:24"
".venv\Lib\site-packages\pandas\tests\indexes\numeric\test_setops.py","5968","2026-05-14 22:15:24"
".venv\Lib\site-packages\pandas\tests\indexes\object\__init__.py","0","2026-05-14 22:15:24"
".venv\Lib\site-packages\pandas\tests\indexes\object\test_astype.py","368","2026-05-14 22:15:24"
".venv\Lib\site-packages\pandas\tests\indexes\object\test_indexing.py","6392","2026-05-14 22:15:24"
".venv\Lib\site-packages\pandas\tests\indexes\period\__init__.py","0","2026-05-14 22:15:24"
".venv\Lib\site-packages\pandas\tests\indexes\period\methods\__init__.py","0","2026-05-14 22:15:24"
".venv\Lib\site-packages\pandas\tests\indexes\period\methods\test_asfreq.py","6897","2026-05-14 22:15:24"
".venv\Lib\site-packages\pandas\tests\indexes\period\methods\test_astype.py","5671","2026-05-14 22:15:24"
".venv\Lib\site-packages\pandas\tests\indexes\period\methods\test_factorize.py","1425","2026-05-14 22:15:24"
".venv\Lib\site-packages\pandas\tests\indexes\period\methods\test_fillna.py","1125","2026-05-14 22:15:24"
".venv\Lib\site-packages\pandas\tests\indexes\period\methods\test_insert.py","482","2026-05-14 22:15:24"
".venv\Lib\site-packages\pandas\tests\indexes\period\methods\test_is_full.py","570","2026-05-14 22:15:24"
".venv\Lib\site-packages\pandas\tests\indexes\period\methods\test_repeat.py","772","2026-05-14 22:15:24"
".venv\Lib\site-packages\pandas\tests\indexes\period\methods\test_shift.py","4405","2026-05-14 22:15:24"
".venv\Lib\site-packages\pandas\tests\indexes\period\methods\test_to_timestamp.py","5276","2026-05-14 22:15:24"
".venv\Lib\site-packages\pandas\tests\indexes\period\test_constructors.py","25997","2026-05-14 22:15:24"
".venv\Lib\site-packages\pandas\tests\indexes\period\test_formats.py","6370","2026-05-14 22:15:24"
".venv\Lib\site-packages\pandas\tests\indexes\period\test_freq_attr.py","529","2026-05-14 22:15:24"
".venv\Lib\site-packages\pandas\tests\indexes\period\test_indexing.py","27905","2026-05-14 22:15:24"
".venv\Lib\site-packages\pandas\tests\indexes\period\test_join.py","1813","2026-05-14 22:15:24"
".venv\Lib\site-packages\pandas\tests\indexes\period\test_monotonic.py","1258","2026-05-14 22:15:24"
".venv\Lib\site-packages\pandas\tests\indexes\period\test_partial_slicing.py","7228","2026-05-14 22:15:24"
".venv\Lib\site-packages\pandas\tests\indexes\period\test_period_range.py","8946","2026-05-14 22:15:24"
".venv\Lib\site-packages\pandas\tests\indexes\period\test_period.py","7921","2026-05-14 22:15:24"
".venv\Lib\site-packages\pandas\tests\indexes\period\test_pickle.py","736","2026-05-14 22:15:24"
".venv\Lib\site-packages\pandas\tests\indexes\period\test_resolution.py","571","2026-05-14 22:15:24"
".venv\Lib\site-packages\pandas\tests\indexes\period\test_scalar_compat.py","1355","2026-05-14 22:15:24"
".venv\Lib\site-packages\pandas\tests\indexes\period\test_searchsorted.py","2610","2026-05-14 22:15:24"
".venv\Lib\site-packages\pandas\tests\indexes\period\test_setops.py","12547","2026-05-14 22:15:24"
".venv\Lib\site-packages\pandas\tests\indexes\period\test_tools.py","1361","2026-05-14 22:15:24"
".venv\Lib\site-packages\pandas\tests\indexes\ranges\__init__.py","0","2026-05-14 22:15:24"
".venv\Lib\site-packages\pandas\tests\indexes\ranges\test_constructors.py","5328","2026-05-14 22:15:24"
".venv\Lib\site-packages\pandas\tests\indexes\ranges\test_indexing.py","5593","2026-05-14 22:15:24"
".venv\Lib\site-packages\pandas\tests\indexes\ranges\test_join.py","8573","2026-05-14 22:15:24"
".venv\Lib\site-packages\pandas\tests\indexes\ranges\test_range.py","29733","2026-05-14 22:15:24"
".venv\Lib\site-packages\pandas\tests\indexes\ranges\test_setops.py","17505","2026-05-14 22:15:24"
".venv\Lib\site-packages\pandas\tests\indexes\string\__init__.py","0","2026-05-14 22:15:24"
".venv\Lib\site-packages\pandas\tests\indexes\string\test_astype.py","722","2026-05-14 22:15:24"
".venv\Lib\site-packages\pandas\tests\indexes\string\test_indexing.py","7850","2026-05-14 22:15:24"
".venv\Lib\site-packages\pandas\tests\indexes\test_any_index.py","5563","2026-05-14 22:15:23"
".venv\Lib\site-packages\pandas\tests\indexes\test_base.py","61124","2026-05-14 22:15:23"
".venv\Lib\site-packages\pandas\tests\indexes\test_common.py","18365","2026-05-14 22:15:23"
".venv\Lib\site-packages\pandas\tests\indexes\test_datetimelike.py","5469","2026-05-14 22:15:23"
".venv\Lib\site-packages\pandas\tests\indexes\test_engines.py","6699","2026-05-14 22:15:23"
".venv\Lib\site-packages\pandas\tests\indexes\test_frozen.py","3221","2026-05-14 22:15:23"
".venv\Lib\site-packages\pandas\tests\indexes\test_index_new.py","14725","2026-05-14 22:15:23"
".venv\Lib\site-packages\pandas\tests\indexes\test_indexing.py","11434","2026-05-14 22:15:23"
".venv\Lib\site-packages\pandas\tests\indexes\test_numpy_compat.py","5756","2026-05-14 22:15:23"
".venv\Lib\site-packages\pandas\tests\indexes\test_old_base.py","36962","2026-05-14 22:15:23"
".venv\Lib\site-packages\pandas\tests\indexes\test_setops.py","35680","2026-05-14 22:15:23"
".venv\Lib\site-packages\pandas\tests\indexes\test_subclass.py","1059","2026-05-14 22:15:23"
".venv\Lib\site-packages\pandas\tests\indexes\timedeltas\__init__.py","0","2026-05-14 22:15:24"
".venv\Lib\site-packages\pandas\tests\indexes\timedeltas\methods\__init__.py","0","2026-05-14 22:15:24"
".venv\Lib\site-packages\pandas\tests\indexes\timedeltas\methods\test_astype.py","6331","2026-05-14 22:15:24"
".venv\Lib\site-packages\pandas\tests\indexes\timedeltas\methods\test_factorize.py","1292","2026-05-14 22:15:24"
".venv\Lib\site-packages\pandas\tests\indexes\timedeltas\methods\test_fillna.py","597","2026-05-14 22:15:24"
".venv\Lib\site-packages\pandas\tests\indexes\timedeltas\methods\test_insert.py","4731","2026-05-14 22:15:24"
".venv\Lib\site-packages\pandas\tests\indexes\timedeltas\methods\test_repeat.py","926","2026-05-14 22:15:24"
".venv\Lib\site-packages\pandas\tests\indexes\timedeltas\methods\test_shift.py","2810","2026-05-14 22:15:24"
".venv\Lib\site-packages\pandas\tests\indexes\timedeltas\test_arithmetic.py","1561","2026-05-14 22:15:24"
".venv\Lib\site-packages\pandas\tests\indexes\timedeltas\test_constructors.py","9449","2026-05-14 22:15:24"
".venv\Lib\site-packages\pandas\tests\indexes\timedeltas\test_delete.py","2398","2026-05-14 22:15:24"
".venv\Lib\site-packages\pandas\tests\indexes\timedeltas\test_formats.py","3855","2026-05-14 22:15:24"
".venv\Lib\site-packages\pandas\tests\indexes\timedeltas\test_freq_attr.py","2176","2026-05-14 22:15:24"
".venv\Lib\site-packages\pandas\tests\indexes\timedeltas\test_indexing.py","12507","2026-05-14 22:15:24"
".venv\Lib\site-packages\pandas\tests\indexes\timedeltas\test_join.py","1396","2026-05-14 22:15:24"
".venv\Lib\site-packages\pandas\tests\indexes\timedeltas\test_ops.py","393","2026-05-14 22:15:24"
".venv\Lib\site-packages\pandas\tests\indexes\timedeltas\test_pickle.py","324","2026-05-14 22:15:24"
".venv\Lib\site-packages\pandas\tests\indexes\timedeltas\test_scalar_compat.py","4851","2026-05-14 22:15:24"
".venv\Lib\site-packages\pandas\tests\indexes\timedeltas\test_searchsorted.py","967","2026-05-14 22:15:24"
".venv\Lib\site-packages\pandas\tests\indexes\timedeltas\test_setops.py","9780","2026-05-14 22:15:24"
".venv\Lib\site-packages\pandas\tests\indexes\timedeltas\test_timedelta_range.py","6631","2026-05-14 22:15:24"
".venv\Lib\site-packages\pandas\tests\indexes\timedeltas\test_timedelta.py","1938","2026-05-14 22:15:24"
".venv\Lib\site-packages\pandas\tests\indexing\__init__.py","0","2026-05-14 22:15:24"
".venv\Lib\site-packages\pandas\tests\indexing\common.py","1020","2026-05-14 22:15:24"
".venv\Lib\site-packages\pandas\tests\indexing\interval\__init__.py","0","2026-05-14 22:15:24"
".venv\Lib\site-packages\pandas\tests\indexing\interval\test_interval_new.py","8134","2026-05-14 22:15:24"
".venv\Lib\site-packages\pandas\tests\indexing\interval\test_interval.py","8054","2026-05-14 22:15:24"
".venv\Lib\site-packages\pandas\tests\indexing\multiindex\__init__.py","0","2026-05-14 22:15:24"
".venv\Lib\site-packages\pandas\tests\indexing\multiindex\test_chaining_and_caching.py","2757","2026-05-14 22:15:24"
".venv\Lib\site-packages\pandas\tests\indexing\multiindex\test_datetime.py","1234","2026-05-14 22:15:24"
".venv\Lib\site-packages\pandas\tests\indexing\multiindex\test_getitem.py","13283","2026-05-14 22:15:24"
".venv\Lib\site-packages\pandas\tests\indexing\multiindex\test_iloc.py","4918","2026-05-14 22:15:24"
".venv\Lib\site-packages\pandas\tests\indexing\multiindex\test_indexing_slow.py","3353","2026-05-14 22:15:24"
".venv\Lib\site-packages\pandas\tests\indexing\multiindex\test_loc.py","33452","2026-05-14 22:15:24"
".venv\Lib\site-packages\pandas\tests\indexing\multiindex\test_multiindex.py","10038","2026-05-14 22:15:24"
".venv\Lib\site-packages\pandas\tests\indexing\multiindex\test_partial.py","8358","2026-05-14 22:15:24"
".venv\Lib\site-packages\pandas\tests\indexing\multiindex\test_setitem.py","18434","2026-05-14 22:15:24"
".venv\Lib\site-packages\pandas\tests\indexing\multiindex\test_slice.py","27152","2026-05-14 22:15:24"
".venv\Lib\site-packages\pandas\tests\indexing\multiindex\test_sorted.py","5192","2026-05-14 22:15:24"
".venv\Lib\site-packages\pandas\tests\indexing\test_at.py","7213","2026-05-14 22:15:24"
".venv\Lib\site-packages\pandas\tests\indexing\test_categorical.py","20439","2026-05-14 22:15:24"
".venv\Lib\site-packages\pandas\tests\indexing\test_chaining_and_caching.py","12571","2026-05-14 22:15:24"
".venv\Lib\site-packages\pandas\tests\indexing\test_check_indexer.py","3159","2026-05-14 22:15:24"
".venv\Lib\site-packages\pandas\tests\indexing\test_coercion.py","31063","2026-05-14 22:15:24"
".venv\Lib\site-packages\pandas\tests\indexing\test_datetime.py","5714","2026-05-14 22:15:24"
".venv\Lib\site-packages\pandas\tests\indexing\test_floats.py","19937","2026-05-14 22:15:24"
".venv\Lib\site-packages\pandas\tests\indexing\test_iat.py","817","2026-05-14 22:15:24"
".venv\Lib\site-packages\pandas\tests\indexing\test_iloc.py","54110","2026-05-14 22:15:24"
".venv\Lib\site-packages\pandas\tests\indexing\test_indexers.py","1661","2026-05-14 22:15:24"
".venv\Lib\site-packages\pandas\tests\indexing\test_indexing.py","39339","2026-05-14 22:15:24"
".venv\Lib\site-packages\pandas\tests\indexing\test_loc.py","122941","2026-05-14 22:15:24"
".venv\Lib\site-packages\pandas\tests\indexing\test_na_indexing.py","2276","2026-05-14 22:15:24"
".venv\Lib\site-packages\pandas\tests\indexing\test_partial.py","25040","2026-05-14 22:15:24"
".venv\Lib\site-packages\pandas\tests\indexing\test_scalar.py","9929","2026-05-14 22:15:24"
".venv\Lib\site-packages\pandas\tests\interchange\__init__.py","0","2026-05-14 22:15:24"
".venv\Lib\site-packages\pandas\tests\interchange\test_impl.py","24540","2026-05-14 22:15:24"
".venv\Lib\site-packages\pandas\tests\interchange\test_spec_conformance.py","6243","2026-05-14 22:15:24"
".venv\Lib\site-packages\pandas\tests\interchange\test_utils.py","2965","2026-05-14 22:15:24"
".venv\Lib\site-packages\pandas\tests\internals\__init__.py","0","2026-05-14 22:15:24"
".venv\Lib\site-packages\pandas\tests\internals\test_api.py","5461","2026-05-14 22:15:24"
".venv\Lib\site-packages\pandas\tests\internals\test_internals.py","50027","2026-05-14 22:15:24"
".venv\Lib\site-packages\pandas\tests\io\__init__.py","0","2026-05-14 22:15:24"
".venv\Lib\site-packages\pandas\tests\io\conftest.py","5023","2026-05-14 22:15:24"
".venv\Lib\site-packages\pandas\tests\io\excel\__init__.py","0","2026-05-14 22:15:24"
".venv\Lib\site-packages\pandas\tests\io\excel\test_odf.py","1884","2026-05-14 22:15:24"
".venv\Lib\site-packages\pandas\tests\io\excel\test_odswriter.py","3075","2026-05-14 22:15:24"
".venv\Lib\site-packages\pandas\tests\io\excel\test_openpyxl.py","14688","2026-05-14 22:15:24"
".venv\Lib\site-packages\pandas\tests\io\excel\test_readers.py","62945","2026-05-14 22:15:24"
".venv\Lib\site-packages\pandas\tests\io\excel\test_style.py","13614","2026-05-14 22:15:24"
".venv\Lib\site-packages\pandas\tests\io\excel\test_writers.py","63699","2026-05-14 22:15:24"
".venv\Lib\site-packages\pandas\tests\io\excel\test_xlrd.py","1832","2026-05-14 22:15:24"
".venv\Lib\site-packages\pandas\tests\io\excel\test_xlsxwriter.py","2559","2026-05-14 22:15:24"
".venv\Lib\site-packages\pandas\tests\io\formats\__init__.py","0","2026-05-14 22:15:24"
".venv\Lib\site-packages\pandas\tests\io\formats\style\__init__.py","0","2026-05-14 22:15:24"
".venv\Lib\site-packages\pandas\tests\io\formats\style\test_bar.py","12058","2026-05-14 22:15:24"
".venv\Lib\site-packages\pandas\tests\io\formats\style\test_exceptions.py","1002","2026-05-14 22:15:24"
".venv\Lib\site-packages\pandas\tests\io\formats\style\test_format.py","24534","2026-05-14 22:15:24"
".venv\Lib\site-packages\pandas\tests\io\formats\style\test_highlight.py","6947","2026-05-14 22:15:24"
".venv\Lib\site-packages\pandas\tests\io\formats\style\test_html.py","33821","2026-05-14 22:15:24"
".venv\Lib\site-packages\pandas\tests\io\formats\style\test_matplotlib.py","10838","2026-05-14 22:15:24"
".venv\Lib\site-packages\pandas\tests\io\formats\style\test_non_unique.py","4366","2026-05-14 22:15:24"
".venv\Lib\site-packages\pandas\tests\io\formats\style\test_style.py","58667","2026-05-14 22:15:24"
".venv\Lib\site-packages\pandas\tests\io\formats\style\test_to_latex.py","33017","2026-05-14 22:15:24"
".venv\Lib\site-packages\pandas\tests\io\formats\style\test_to_string.py","1910","2026-05-14 22:15:24"
".venv\Lib\site-packages\pandas\tests\io\formats\style\test_to_typst.py","2064","2026-05-14 22:15:24"
".venv\Lib\site-packages\pandas\tests\io\formats\style\test_tooltip.py","7328","2026-05-14 22:15:24"
".venv\Lib\site-packages\pandas\tests\io\formats\test_console.py","2435","2026-05-14 22:15:24"
".venv\Lib\site-packages\pandas\tests\io\formats\test_css.py","8882","2026-05-14 22:15:24"
".venv\Lib\site-packages\pandas\tests\io\formats\test_eng_formatting.py","8454","2026-05-14 22:15:24"
".venv\Lib\site-packages\pandas\tests\io\formats\test_format.py","84932","2026-05-14 22:15:24"
".venv\Lib\site-packages\pandas\tests\io\formats\test_ipython_compat.py","3162","2026-05-14 22:15:24"
".venv\Lib\site-packages\pandas\tests\io\formats\test_printing.py","5742","2026-05-14 22:15:24"
".venv\Lib\site-packages\pandas\tests\io\formats\test_to_csv.py","31259","2026-05-14 22:15:24"
".venv\Lib\site-packages\pandas\tests\io\formats\test_to_excel.py","16811","2026-05-14 22:15:24"
".venv\Lib\site-packages\pandas\tests\io\formats\test_to_html.py","38419","2026-05-14 22:15:24"
".venv\Lib\site-packages\pandas\tests\io\formats\test_to_latex.py","44718","2026-05-14 22:15:24"
".venv\Lib\site-packages\pandas\tests\io\formats\test_to_markdown.py","2690","2026-05-14 22:15:24"
".venv\Lib\site-packages\pandas\tests\io\formats\test_to_string.py","39956","2026-05-14 22:15:24"
".venv\Lib\site-packages\pandas\tests\io\generate_legacy_storage_files.py","13016","2026-05-14 22:15:24"
".venv\Lib\site-packages\pandas\tests\io\json\__init__.py","0","2026-05-14 22:15:24"
".venv\Lib\site-packages\pandas\tests\io\json\conftest.py","205","2026-05-14 22:15:24"
".venv\Lib\site-packages\pandas\tests\io\json\test_compression.py","4331","2026-05-14 22:15:24"
".venv\Lib\site-packages\pandas\tests\io\json\test_deprecated_kwargs.py","691","2026-05-14 22:15:24"
".venv\Lib\site-packages\pandas\tests\io\json\test_json_table_schema_ext_dtype.py","9338","2026-05-14 22:15:24"
".venv\Lib\site-packages\pandas\tests\io\json\test_json_table_schema.py","31470","2026-05-14 22:15:24"
".venv\Lib\site-packages\pandas\tests\io\json\test_normalize.py","32565","2026-05-14 22:15:24"
".venv\Lib\site-packages\pandas\tests\io\json\test_pandas.py","86522","2026-05-14 22:15:24"
".venv\Lib\site-packages\pandas\tests\io\json\test_readlines.py","18639","2026-05-14 22:15:24"
".venv\Lib\site-packages\pandas\tests\io\json\test_ujson.py","35235","2026-05-14 22:15:24"
".venv\Lib\site-packages\pandas\tests\io\parser\__init__.py","0","2026-05-14 22:15:24"
".venv\Lib\site-packages\pandas\tests\io\parser\common\__init__.py","0","2026-05-14 22:15:24"
".venv\Lib\site-packages\pandas\tests\io\parser\common\test_chunksize.py","10730","2026-05-14 22:15:24"
".venv\Lib\site-packages\pandas\tests\io\parser\common\test_common_basic.py","26623","2026-05-14 22:15:24"
".venv\Lib\site-packages\pandas\tests\io\parser\common\test_data_list.py","2229","2026-05-14 22:15:24"
".venv\Lib\site-packages\pandas\tests\io\parser\common\test_decimal.py","1933","2026-05-14 22:15:24"
".venv\Lib\site-packages\pandas\tests\io\parser\common\test_file_buffer_url.py","13643","2026-05-14 22:15:24"
".venv\Lib\site-packages\pandas\tests\io\parser\common\test_float.py","3414","2026-05-14 22:15:24"
".venv\Lib\site-packages\pandas\tests\io\parser\common\test_index.py","8301","2026-05-14 22:15:24"
".venv\Lib\site-packages\pandas\tests\io\parser\common\test_inf.py","1462","2026-05-14 22:15:24"
".venv\Lib\site-packages\pandas\tests\io\parser\common\test_ints.py","7504","2026-05-14 22:15:24"
".venv\Lib\site-packages\pandas\tests\io\parser\common\test_iterator.py","4339","2026-05-14 22:15:24"
".venv\Lib\site-packages\pandas\tests\io\parser\common\test_read_errors.py","9216","2026-05-14 22:15:24"
".venv\Lib\site-packages\pandas\tests\io\parser\conftest.py","9144","2026-05-14 22:15:24"
".venv\Lib\site-packages\pandas\tests\io\parser\dtypes\__init__.py","0","2026-05-14 22:15:24"
".venv\Lib\site-packages\pandas\tests\io\parser\dtypes\test_categorical.py","10053","2026-05-14 22:15:24"
".venv\Lib\site-packages\pandas\tests\io\parser\dtypes\test_dtypes_basic.py","18580","2026-05-14 22:15:24"
".venv\Lib\site-packages\pandas\tests\io\parser\dtypes\test_empty.py","5239","2026-05-14 22:15:24"
".venv\Lib\site-packages\pandas\tests\io\parser\test_c_parser_only.py","20515","2026-05-14 22:15:24"
".venv\Lib\site-packages\pandas\tests\io\parser\test_comment.py","7061","2026-05-14 22:15:24"
".venv\Lib\site-packages\pandas\tests\io\parser\test_compression.py","6251","2026-05-14 22:15:24"
".venv\Lib\site-packages\pandas\tests\io\parser\test_concatenate_chunks.py","1220","2026-05-14 22:15:24"
".venv\Lib\site-packages\pandas\tests\io\parser\test_converters.py","7445","2026-05-14 22:15:24"
".venv\Lib\site-packages\pandas\tests\io\parser\test_dialect.py","5844","2026-05-14 22:15:24"
".venv\Lib\site-packages\pandas\tests\io\parser\test_encoding.py","10457","2026-05-14 22:15:24"
".venv\Lib\site-packages\pandas\tests\io\parser\test_header.py","20797","2026-05-14 22:15:24"
".venv\Lib\site-packages\pandas\tests\io\parser\test_index_col.py","11461","2026-05-14 22:15:24"
".venv\Lib\site-packages\pandas\tests\io\parser\test_mangle_dupes.py","5443","2026-05-14 22:15:24"
".venv\Lib\site-packages\pandas\tests\io\parser\test_multi_thread.py","4346","2026-05-14 22:15:24"
".venv\Lib\site-packages\pandas\tests\io\parser\test_na_values.py","24211","2026-05-14 22:15:24"
".venv\Lib\site-packages\pandas\tests\io\parser\test_network.py","8150","2026-05-14 22:15:24"
".venv\Lib\site-packages\pandas\tests\io\parser\test_parse_dates.py","25455","2026-05-14 22:15:24"
".venv\Lib\site-packages\pandas\tests\io\parser\test_python_parser_only.py","17794","2026-05-14 22:15:24"
".venv\Lib\site-packages\pandas\tests\io\parser\test_quoting.py","6488","2026-05-14 22:15:24"
".venv\Lib\site-packages\pandas\tests\io\parser\test_read_fwf.py","28959","2026-05-14 22:15:24"
".venv\Lib\site-packages\pandas\tests\io\parser\test_skiprows.py","9321","2026-05-14 22:15:24"
".venv\Lib\site-packages\pandas\tests\io\parser\test_textreader.py","12091","2026-05-14 22:15:24"
".venv\Lib\site-packages\pandas\tests\io\parser\test_unsupported.py","6985","2026-05-14 22:15:24"
".venv\Lib\site-packages\pandas\tests\io\parser\test_upcast.py","3117","2026-05-14 22:15:24"
".venv\Lib\site-packages\pandas\tests\io\parser\usecols\__init__.py","0","2026-05-14 22:15:24"
".venv\Lib\site-packages\pandas\tests\io\parser\usecols\test_parse_dates.py","2103","2026-05-14 22:15:24"
".venv\Lib\site-packages\pandas\tests\io\parser\usecols\test_strings.py","2508","2026-05-14 22:15:24"
".venv\Lib\site-packages\pandas\tests\io\parser\usecols\test_usecols_basic.py","17033","2026-05-14 22:15:24"
".venv\Lib\site-packages\pandas\tests\io\pytables\__init__.py","0","2026-05-14 22:15:24"
".venv\Lib\site-packages\pandas\tests\io\pytables\common.py","0","2026-05-14 22:15:24"
".venv\Lib\site-packages\pandas\tests\io\pytables\conftest.py","569","2026-05-14 22:15:24"
".venv\Lib\site-packages\pandas\tests\io\pytables\test_append.py","34592","2026-05-14 22:15:24"
".venv\Lib\site-packages\pandas\tests\io\pytables\test_categorical.py","6206","2026-05-14 22:15:24"
".venv\Lib\site-packages\pandas\tests\io\pytables\test_compat.py","6218","2026-05-14 22:15:24"
".venv\Lib\site-packages\pandas\tests\io\pytables\test_complex.py","6262","2026-05-14 22:15:24"
".venv\Lib\site-packages\pandas\tests\io\pytables\test_errors.py","8120","2026-05-14 22:15:24"
".venv\Lib\site-packages\pandas\tests\io\pytables\test_file_handling.py","15043","2026-05-14 22:15:24"
".venv\Lib\site-packages\pandas\tests\io\pytables\test_keys.py","2454","2026-05-14 22:15:24"
".venv\Lib\site-packages\pandas\tests\io\pytables\test_put.py","13376","2026-05-14 22:15:24"
".venv\Lib\site-packages\pandas\tests\io\pytables\test_pytables_missing.py","284","2026-05-14 22:15:24"
".venv\Lib\site-packages\pandas\tests\io\pytables\test_read.py","10005","2026-05-14 22:15:24"
".venv\Lib\site-packages\pandas\tests\io\pytables\test_retain_attributes.py","3084","2026-05-14 22:15:24"
".venv\Lib\site-packages\pandas\tests\io\pytables\test_round_trip.py","18344","2026-05-14 22:15:24"
".venv\Lib\site-packages\pandas\tests\io\pytables\test_select.py","35636","2026-05-14 22:15:24"
".venv\Lib\site-packages\pandas\tests\io\pytables\test_store.py","35032","2026-05-14 22:15:24"
".venv\Lib\site-packages\pandas\tests\io\pytables\test_subclass.py","1297","2026-05-14 22:15:24"
".venv\Lib\site-packages\pandas\tests\io\pytables\test_time_series.py","2215","2026-05-14 22:15:24"
".venv\Lib\site-packages\pandas\tests\io\pytables\test_timezones.py","10232","2026-05-14 22:15:24"
".venv\Lib\site-packages\pandas\tests\io\sas\__init__.py","0","2026-05-14 22:15:24"
".venv\Lib\site-packages\pandas\tests\io\sas\test_byteswap.py","2023","2026-05-14 22:15:24"
".venv\Lib\site-packages\pandas\tests\io\sas\test_sas.py","1001","2026-05-14 22:15:24"
".venv\Lib\site-packages\pandas\tests\io\sas\test_sas7bdat.py","14830","2026-05-14 22:15:24"
".venv\Lib\site-packages\pandas\tests\io\sas\test_xport.py","5649","2026-05-14 22:15:24"
".venv\Lib\site-packages\pandas\tests\io\test_clipboard.py","12580","2026-05-14 22:15:24"
".venv\Lib\site-packages\pandas\tests\io\test_common.py","25197","2026-05-14 22:15:24"
".venv\Lib\site-packages\pandas\tests\io\test_compression.py","12025","2026-05-14 22:15:24"
".venv\Lib\site-packages\pandas\tests\io\test_feather.py","10351","2026-05-14 22:15:24"
".venv\Lib\site-packages\pandas\tests\io\test_fsspec.py","10739","2026-05-14 22:15:24"
".venv\Lib\site-packages\pandas\tests\io\test_gcs.py","7491","2026-05-14 22:15:24"
".venv\Lib\site-packages\pandas\tests\io\test_html.py","56905","2026-05-14 22:15:24"
".venv\Lib\site-packages\pandas\tests\io\test_http_headers.py","4782","2026-05-14 22:15:24"
".venv\Lib\site-packages\pandas\tests\io\test_iceberg.py","6424","2026-05-14 22:15:24"
".venv\Lib\site-packages\pandas\tests\io\test_orc.py","13932","2026-05-14 22:15:24"
".venv\Lib\site-packages\pandas\tests\io\test_parquet.py","50664","2026-05-14 22:15:24"
".venv\Lib\site-packages\pandas\tests\io\test_pickle.py","20500","2026-05-14 22:15:24"
".venv\Lib\site-packages\pandas\tests\io\test_s3.py","908","2026-05-14 22:15:24"
".venv\Lib\site-packages\pandas\tests\io\test_spss.py","6448","2026-05-14 22:15:24"
".venv\Lib\site-packages\pandas\tests\io\test_sql.py","145243","2026-05-14 22:15:24"
".venv\Lib\site-packages\pandas\tests\io\test_stata.py","100596","2026-05-14 22:15:24"
".venv\Lib\site-packages\pandas\tests\io\test_util.py","2039","2026-05-14 22:15:24"
".venv\Lib\site-packages\pandas\tests\io\xml\__init__.py","0","2026-05-14 22:15:24"
".venv\Lib\site-packages\pandas\tests\io\xml\conftest.py","2668","2026-05-14 22:15:24"
".venv\Lib\site-packages\pandas\tests\io\xml\test_to_xml.py","35127","2026-05-14 22:15:24"
".venv\Lib\site-packages\pandas\tests\io\xml\test_xml_dtypes.py","12392","2026-05-14 22:15:24"
".venv\Lib\site-packages\pandas\tests\io\xml\test_xml.py","60443","2026-05-14 22:15:24"
".venv\Lib\site-packages\pandas\tests\libs\__init__.py","0","2026-05-14 22:15:24"
".venv\Lib\site-packages\pandas\tests\libs\test_hashtable.py","27212","2026-05-14 22:15:24"
".venv\Lib\site-packages\pandas\tests\libs\test_join.py","10736","2026-05-14 22:15:24"
".venv\Lib\site-packages\pandas\tests\libs\test_lib.py","13071","2026-05-14 22:15:24"
".venv\Lib\site-packages\pandas\tests\libs\test_libalgos.py","5322","2026-05-14 22:15:24"
".venv\Lib\site-packages\pandas\tests\plotting\__init__.py","0","2026-05-14 22:15:24"
".venv\Lib\site-packages\pandas\tests\plotting\common.py","17614","2026-05-14 22:15:24"
".venv\Lib\site-packages\pandas\tests\plotting\conftest.py","882","2026-05-14 22:15:24"
".venv\Lib\site-packages\pandas\tests\plotting\frame\__init__.py","0","2026-05-14 22:15:24"
".venv\Lib\site-packages\pandas\tests\plotting\frame\test_frame_color.py","30621","2026-05-14 22:15:24"
".venv\Lib\site-packages\pandas\tests\plotting\frame\test_frame_groupby.py","2571","2026-05-14 22:15:24"
".venv\Lib\site-packages\pandas\tests\plotting\frame\test_frame_legend.py","10089","2026-05-14 22:15:24"
".venv\Lib\site-packages\pandas\tests\plotting\frame\test_frame_subplots.py","28961","2026-05-14 22:15:24"
".venv\Lib\site-packages\pandas\tests\plotting\frame\test_frame.py","101332","2026-05-14 22:15:24"
".venv\Lib\site-packages\pandas\tests\plotting\frame\test_hist_box_by.py","10969","2026-05-14 22:15:24"
".venv\Lib\site-packages\pandas\tests\plotting\test_backend.py","3419","2026-05-14 22:15:24"
".venv\Lib\site-packages\pandas\tests\plotting\test_boxplot_method.py","29925","2026-05-14 22:15:24"
".venv\Lib\site-packages\pandas\tests\plotting\test_common.py","1869","2026-05-14 22:15:24"
".venv\Lib\site-packages\pandas\tests\plotting\test_converter.py","12695","2026-05-14 22:15:24"
".venv\Lib\site-packages\pandas\tests\plotting\test_datetimelike.py","65153","2026-05-14 22:15:24"
".venv\Lib\site-packages\pandas\tests\plotting\test_groupby.py","5745","2026-05-14 22:15:24"
".venv\Lib\site-packages\pandas\tests\plotting\test_hist_method.py","34607","2026-05-14 22:15:24"
".venv\Lib\site-packages\pandas\tests\plotting\test_misc.py","30692","2026-05-14 22:15:24"
".venv\Lib\site-packages\pandas\tests\plotting\test_series.py","35833","2026-05-14 22:15:24"
".venv\Lib\site-packages\pandas\tests\plotting\test_style.py","5000","2026-05-14 22:15:24"
".venv\Lib\site-packages\pandas\tests\reductions\__init__.py","125","2026-05-14 22:15:24"
".venv\Lib\site-packages\pandas\tests\reductions\test_reductions.py","57024","2026-05-14 22:15:24"
".venv\Lib\site-packages\pandas\tests\reductions\test_stat_reductions.py","9952","2026-05-14 22:15:24"
".venv\Lib\site-packages\pandas\tests\resample\__init__.py","0","2026-05-14 22:15:24"
".venv\Lib\site-packages\pandas\tests\resample\conftest.py","706","2026-05-14 22:15:24"
".venv\Lib\site-packages\pandas\tests\resample\test_base.py","18141","2026-05-14 22:15:24"
".venv\Lib\site-packages\pandas\tests\resample\test_datetime_index.py","73695","2026-05-14 22:15:24"
".venv\Lib\site-packages\pandas\tests\resample\test_period_index.py","39512","2026-05-14 22:15:24"
".venv\Lib\site-packages\pandas\tests\resample\test_resample_api.py","31396","2026-05-14 22:15:24"
".venv\Lib\site-packages\pandas\tests\resample\test_resampler_grouper.py","20606","2026-05-14 22:15:24"
".venv\Lib\site-packages\pandas\tests\resample\test_time_grouper.py","13529","2026-05-14 22:15:24"
".venv\Lib\site-packages\pandas\tests\resample\test_timedelta.py","7426","2026-05-14 22:15:24"
".venv\Lib\site-packages\pandas\tests\reshape\__init__.py","0","2026-05-14 22:15:24"
".venv\Lib\site-packages\pandas\tests\reshape\concat\__init__.py","0","2026-05-14 22:15:24"
".venv\Lib\site-packages\pandas\tests\reshape\concat\test_append_common.py","25913","2026-05-14 22:15:24"
".venv\Lib\site-packages\pandas\tests\reshape\concat\test_append.py","12744","2026-05-14 22:15:24"
".venv\Lib\site-packages\pandas\tests\reshape\concat\test_categorical.py","9572","2026-05-14 22:15:24"
".venv\Lib\site-packages\pandas\tests\reshape\concat\test_concat.py","35135","2026-05-14 22:15:24"
".venv\Lib\site-packages\pandas\tests\reshape\concat\test_dataframe.py","9154","2026-05-14 22:15:24"
".venv\Lib\site-packages\pandas\tests\reshape\concat\test_datetimes.py","21521","2026-05-14 22:15:24"
".venv\Lib\site-packages\pandas\tests\reshape\concat\test_empty.py","10082","2026-05-14 22:15:24"
".venv\Lib\site-packages\pandas\tests\reshape\concat\test_index.py","16860","2026-05-14 22:15:24"
".venv\Lib\site-packages\pandas\tests\reshape\concat\test_invalid.py","1609","2026-05-14 22:15:24"
".venv\Lib\site-packages\pandas\tests\reshape\concat\test_series.py","6513","2026-05-14 22:15:24"
".venv\Lib\site-packages\pandas\tests\reshape\concat\test_sort.py","4350","2026-05-14 22:15:24"
".venv\Lib\site-packages\pandas\tests\reshape\merge\__init__.py","0","2026-05-14 22:15:24"
".venv\Lib\site-packages\pandas\tests\reshape\merge\test_join.py","40938","2026-05-14 22:15:24"
".venv\Lib\site-packages\pandas\tests\reshape\merge\test_merge_antijoin.py","8673","2026-05-14 22:15:24"
".venv\Lib\site-packages\pandas\tests\reshape\merge\test_merge_asof.py","121009","2026-05-14 22:15:24"
".venv\Lib\site-packages\pandas\tests\reshape\merge\test_merge_cross.py","3124","2026-05-14 22:15:24"
".venv\Lib\site-packages\pandas\tests\reshape\merge\test_merge_index_as_string.py","5357","2026-05-14 22:15:24"
".venv\Lib\site-packages\pandas\tests\reshape\merge\test_merge_ordered.py","7561","2026-05-14 22:15:24"
".venv\Lib\site-packages\pandas\tests\reshape\merge\test_merge.py","114210","2026-05-14 22:15:24"
".venv\Lib\site-packages\pandas\tests\reshape\merge\test_multi.py","31000","2026-05-14 22:15:24"
".venv\Lib\site-packages\pandas\tests\reshape\test_crosstab.py","32141","2026-05-14 22:15:24"
".venv\Lib\site-packages\pandas\tests\reshape\test_cut.py","25764","2026-05-14 22:15:24"
".venv\Lib\site-packages\pandas\tests\reshape\test_from_dummies.py","14068","2026-05-14 22:15:24"
".venv\Lib\site-packages\pandas\tests\reshape\test_get_dummies.py","27570","2026-05-14 22:15:24"
".venv\Lib\site-packages\pandas\tests\reshape\test_melt.py","43351","2026-05-14 22:15:24"
".venv\Lib\site-packages\pandas\tests\reshape\test_pivot_multilevel.py","8910","2026-05-14 22:15:24"
".venv\Lib\site-packages\pandas\tests\reshape\test_pivot.py","100397","2026-05-14 22:15:24"
".venv\Lib\site-packages\pandas\tests\reshape\test_qcut.py","8734","2026-05-14 22:15:24"
".venv\Lib\site-packages\pandas\tests\reshape\test_union_categoricals.py","15301","2026-05-14 22:15:24"
".venv\Lib\site-packages\pandas\tests\scalar\__init__.py","0","2026-05-14 22:15:24"
".venv\Lib\site-packages\pandas\tests\scalar\interval\__init__.py","0","2026-05-14 22:15:24"
".venv\Lib\site-packages\pandas\tests\scalar\interval\test_arithmetic.py","6062","2026-05-14 22:15:24"
".venv\Lib\site-packages\pandas\tests\scalar\interval\test_constructors.py","1599","2026-05-14 22:15:24"
".venv\Lib\site-packages\pandas\tests\scalar\interval\test_contains.py","2354","2026-05-14 22:15:24"
".venv\Lib\site-packages\pandas\tests\scalar\interval\test_formats.py","344","2026-05-14 22:15:24"
".venv\Lib\site-packages\pandas\tests\scalar\interval\test_interval.py","2656","2026-05-14 22:15:24"
".venv\Lib\site-packages\pandas\tests\scalar\interval\test_overlaps.py","2274","2026-05-14 22:15:24"
".venv\Lib\site-packages\pandas\tests\scalar\period\__init__.py","0","2026-05-14 22:15:24"
".venv\Lib\site-packages\pandas\tests\scalar\period\test_arithmetic.py","16784","2026-05-14 22:15:24"
".venv\Lib\site-packages\pandas\tests\scalar\period\test_asfreq.py","37719","2026-05-14 22:15:24"
".venv\Lib\site-packages\pandas\tests\scalar\period\test_period.py","42434","2026-05-14 22:15:24"
".venv\Lib\site-packages\pandas\tests\scalar\test_na_scalar.py","7777","2026-05-14 22:15:24"
".venv\Lib\site-packages\pandas\tests\scalar\test_nat.py","19056","2026-05-14 22:15:24"
".venv\Lib\site-packages\pandas\tests\scalar\timedelta\__init__.py","0","2026-05-14 22:15:24"
".venv\Lib\site-packages\pandas\tests\scalar\timedelta\methods\__init__.py","0","2026-05-14 22:15:24"
".venv\Lib\site-packages\pandas\tests\scalar\timedelta\methods\test_as_unit.py","2509","2026-05-14 22:15:24"
".venv\Lib\site-packages\pandas\tests\scalar\timedelta\methods\test_round.py","6427","2026-05-14 22:15:24"
".venv\Lib\site-packages\pandas\tests\scalar\timedelta\test_arithmetic.py","40365","2026-05-14 22:15:24"
".venv\Lib\site-packages\pandas\tests\scalar\timedelta\test_constructors.py","25346","2026-05-14 22:15:24"
".venv\Lib\site-packages\pandas\tests\scalar\timedelta\test_formats.py","4161","2026-05-14 22:15:24"
".venv\Lib\site-packages\pandas\tests\scalar\timedelta\test_timedelta.py","25809","2026-05-14 22:15:24"
".venv\Lib\site-packages\pandas\tests\scalar\timestamp\__init__.py","0","2026-05-14 22:15:24"
".venv\Lib\site-packages\pandas\tests\scalar\timestamp\methods\__init__.py","0","2026-05-14 22:15:24"
".venv\Lib\site-packages\pandas\tests\scalar\timestamp\methods\test_as_unit.py","2706","2026-05-14 22:15:24"
".venv\Lib\site-packages\pandas\tests\scalar\timestamp\methods\test_normalize.py","1009","2026-05-14 22:15:24"
".venv\Lib\site-packages\pandas\tests\scalar\timestamp\methods\test_replace.py","7803","2026-05-14 22:15:24"
".venv\Lib\site-packages\pandas\tests\scalar\timestamp\methods\test_round.py","12705","2026-05-14 22:15:24"
".venv\Lib\site-packages\pandas\tests\scalar\timestamp\methods\test_timestamp_method.py","1151","2026-05-14 22:15:24"
".venv\Lib\site-packages\pandas\tests\scalar\timestamp\methods\test_to_julian_date.py","810","2026-05-14 22:15:24"
".venv\Lib\site-packages\pandas\tests\scalar\timestamp\methods\test_to_pydatetime.py","2988","2026-05-14 22:15:24"
".venv\Lib\site-packages\pandas\tests\scalar\timestamp\methods\test_tz_convert.py","1710","2026-05-14 22:15:24"
".venv\Lib\site-packages\pandas\tests\scalar\timestamp\methods\test_tz_localize.py","12485","2026-05-14 22:15:24"
".venv\Lib\site-packages\pandas\tests\scalar\timestamp\test_arithmetic.py","11286","2026-05-14 22:15:24"
".venv\Lib\site-packages\pandas\tests\scalar\timestamp\test_comparisons.py","10027","2026-05-14 22:15:24"
".venv\Lib\site-packages\pandas\tests\scalar\timestamp\test_constructors.py","41052","2026-05-14 22:15:24"
".venv\Lib\site-packages\pandas\tests\scalar\timestamp\test_formats.py","6914","2026-05-14 22:15:24"
".venv\Lib\site-packages\pandas\tests\scalar\timestamp\test_timestamp.py","31562","2026-05-14 22:15:24"
".venv\Lib\site-packages\pandas\tests\scalar\timestamp\test_timezones.py","667","2026-05-14 22:15:24"
".venv\Lib\site-packages\pandas\tests\series\__init__.py","0","2026-05-14 22:15:24"
".venv\Lib\site-packages\pandas\tests\series\accessors\__init__.py","0","2026-05-14 22:15:24"
".venv\Lib\site-packages\pandas\tests\series\accessors\test_cat_accessor.py","9646","2026-05-14 22:15:24"
".venv\Lib\site-packages\pandas\tests\series\accessors\test_dt_accessor.py","29014","2026-05-14 22:15:24"
".venv\Lib\site-packages\pandas\tests\series\accessors\test_list_accessor.py","3552","2026-05-14 22:15:24"
".venv\Lib\site-packages\pandas\tests\series\accessors\test_sparse_accessor.py","296","2026-05-14 22:15:24"
".venv\Lib\site-packages\pandas\tests\series\accessors\test_str_accessor.py","907","2026-05-14 22:15:24"
".venv\Lib\site-packages\pandas\tests\series\accessors\test_struct_accessor.py","5121","2026-05-14 22:15:24"
".venv\Lib\site-packages\pandas\tests\series\indexing\__init__.py","0","2026-05-14 22:15:24"
".venv\Lib\site-packages\pandas\tests\series\indexing\test_datetime.py","14447","2026-05-14 22:15:24"
".venv\Lib\site-packages\pandas\tests\series\indexing\test_delitem.py","1969","2026-05-14 22:15:24"
".venv\Lib\site-packages\pandas\tests\series\indexing\test_get.py","5141","2026-05-14 22:15:24"
".venv\Lib\site-packages\pandas\tests\series\indexing\test_getitem.py","23328","2026-05-14 22:15:24"
".venv\Lib\site-packages\pandas\tests\series\indexing\test_indexing.py","15734","2026-05-14 22:15:24"
".venv\Lib\site-packages\pandas\tests\series\indexing\test_mask.py","1711","2026-05-14 22:15:24"
".venv\Lib\site-packages\pandas\tests\series\indexing\test_set_value.py","1163","2026-05-14 22:15:24"
".venv\Lib\site-packages\pandas\tests\series\indexing\test_setitem.py","57345","2026-05-14 22:15:24"
".venv\Lib\site-packages\pandas\tests\series\indexing\test_take.py","1353","2026-05-14 22:15:24"
".venv\Lib\site-packages\pandas\tests\series\indexing\test_where.py","12309","2026-05-14 22:15:24"
".venv\Lib\site-packages\pandas\tests\series\indexing\test_xs.py","2760","2026-05-14 22:15:24"
".venv\Lib\site-packages\pandas\tests\series\methods\__init__.py","225","2026-05-14 22:15:24"
".venv\Lib\site-packages\pandas\tests\series\methods\test_add_prefix_suffix.py","1556","2026-05-14 22:15:24"
".venv\Lib\site-packages\pandas\tests\series\methods\test_align.py","6023","2026-05-14 22:15:24"
".venv\Lib\site-packages\pandas\tests\series\methods\test_argsort.py","2539","2026-05-14 22:15:24"
".venv\Lib\site-packages\pandas\tests\series\methods\test_asof.py","6324","2026-05-14 22:15:24"
".venv\Lib\site-packages\pandas\tests\series\methods\test_astype.py","25801","2026-05-14 22:15:24"
".venv\Lib\site-packages\pandas\tests\series\methods\test_autocorr.py","1015","2026-05-14 22:15:24"
".venv\Lib\site-packages\pandas\tests\series\methods\test_between.py","2565","2026-05-14 22:15:24"
".venv\Lib\site-packages\pandas\tests\series\methods\test_case_when.py","6376","2026-05-14 22:15:24"
".venv\Lib\site-packages\pandas\tests\series\methods\test_clip.py","5350","2026-05-14 22:15:24"
".venv\Lib\site-packages\pandas\tests\series\methods\test_combine_first.py","5962","2026-05-14 22:15:24"
".venv\Lib\site-packages\pandas\tests\series\methods\test_combine.py","862","2026-05-14 22:15:24"
".venv\Lib\site-packages\pandas\tests\series\methods\test_compare.py","4514","2026-05-14 22:15:24"
".venv\Lib\site-packages\pandas\tests\series\methods\test_convert_dtypes.py","11489","2026-05-14 22:15:24"
".venv\Lib\site-packages\pandas\tests\series\methods\test_copy.py","2451","2026-05-14 22:15:24"
".venv\Lib\site-packages\pandas\tests\series\methods\test_count.py","567","2026-05-14 22:15:24"
".venv\Lib\site-packages\pandas\tests\series\methods\test_cov_corr.py","5770","2026-05-14 22:15:24"
".venv\Lib\site-packages\pandas\tests\series\methods\test_describe.py","6571","2026-05-14 22:15:24"
".venv\Lib\site-packages\pandas\tests\series\methods\test_diff.py","2703","2026-05-14 22:15:24"
".venv\Lib\site-packages\pandas\tests\series\methods\test_drop_duplicates.py","9468","2026-05-14 22:15:24"
".venv\Lib\site-packages\pandas\tests\series\methods\test_drop.py","3309","2026-05-14 22:15:24"
".venv\Lib\site-packages\pandas\tests\series\methods\test_dropna.py","3577","2026-05-14 22:15:24"
".venv\Lib\site-packages\pandas\tests\series\methods\test_dtypes.py","209","2026-05-14 22:15:24"
".venv\Lib\site-packages\pandas\tests\series\methods\test_duplicated.py","2049","2026-05-14 22:15:24"
".venv\Lib\site-packages\pandas\tests\series\methods\test_equals.py","3734","2026-05-14 22:15:24"
".venv\Lib\site-packages\pandas\tests\series\methods\test_explode.py","5438","2026-05-14 22:15:24"
".venv\Lib\site-packages\pandas\tests\series\methods\test_fillna.py","35525","2026-05-14 22:15:24"
".venv\Lib\site-packages\pandas\tests\series\methods\test_get_numeric_data.py","915","2026-05-14 22:15:24"
".venv\Lib\site-packages\pandas\tests\series\methods\test_head_tail.py","343","2026-05-14 22:15:24"
".venv\Lib\site-packages\pandas\tests\series\methods\test_infer_objects.py","1883","2026-05-14 22:15:24"
".venv\Lib\site-packages\pandas\tests\series\methods\test_info.py","5644","2026-05-14 22:15:24"
".venv\Lib\site-packages\pandas\tests\series\methods\test_interpolate.py","31826","2026-05-14 22:15:24"
".venv\Lib\site-packages\pandas\tests\series\methods\test_is_monotonic.py","838","2026-05-14 22:15:24"
".venv\Lib\site-packages\pandas\tests\series\methods\test_is_unique.py","953","2026-05-14 22:15:24"
".venv\Lib\site-packages\pandas\tests\series\methods\test_isin.py","9236","2026-05-14 22:15:24"
".venv\Lib\site-packages\pandas\tests\series\methods\test_isna.py","941","2026-05-14 22:15:24"
".venv\Lib\site-packages\pandas\tests\series\methods\test_item.py","1624","2026-05-14 22:15:24"
".venv\Lib\site-packages\pandas\tests\series\methods\test_map.py","20816","2026-05-14 22:15:24"
".venv\Lib\site-packages\pandas\tests\series\methods\test_matmul.py","2767","2026-05-14 22:15:24"
".venv\Lib\site-packages\pandas\tests\series\methods\test_nlargest.py","8020","2026-05-14 22:15:24"
".venv\Lib\site-packages\pandas\tests\series\methods\test_nunique.py","481","2026-05-14 22:15:24"
".venv\Lib\site-packages\pandas\tests\series\methods\test_pct_change.py","2602","2026-05-14 22:15:24"
".venv\Lib\site-packages\pandas\tests\series\methods\test_pop.py","295","2026-05-14 22:15:24"
".venv\Lib\site-packages\pandas\tests\series\methods\test_quantile.py","8505","2026-05-14 22:15:24"
".venv\Lib\site-packages\pandas\tests\series\methods\test_rank.py","21833","2026-05-14 22:15:24"
".venv\Lib\site-packages\pandas\tests\series\methods\test_reindex_like.py","1515","2026-05-14 22:15:24"
".venv\Lib\site-packages\pandas\tests\series\methods\test_reindex.py","15085","2026-05-14 22:15:24"
".venv\Lib\site-packages\pandas\tests\series\methods\test_rename_axis.py","1520","2026-05-14 22:15:24"
".venv\Lib\site-packages\pandas\tests\series\methods\test_rename.py","6059","2026-05-14 22:15:24"
".venv\Lib\site-packages\pandas\tests\series\methods\test_repeat.py","1274","2026-05-14 22:15:24"
".venv\Lib\site-packages\pandas\tests\series\methods\test_replace.py","27914","2026-05-14 22:15:24"
".venv\Lib\site-packages\pandas\tests\series\methods\test_reset_index.py","7874","2026-05-14 22:15:24"
".venv\Lib\site-packages\pandas\tests\series\methods\test_round.py","3976","2026-05-14 22:15:24"
".venv\Lib\site-packages\pandas\tests\series\methods\test_searchsorted.py","2493","2026-05-14 22:15:24"
".venv\Lib\site-packages\pandas\tests\series\methods\test_set_name.py","595","2026-05-14 22:15:24"
".venv\Lib\site-packages\pandas\tests\series\methods\test_size.py","495","2026-05-14 22:15:24"
".venv\Lib\site-packages\pandas\tests\series\methods\test_sort_index.py","12647","2026-05-14 22:15:24"
".venv\Lib\site-packages\pandas\tests\series\methods\test_sort_values.py","8975","2026-05-14 22:15:24"
".venv\Lib\site-packages\pandas\tests\series\methods\test_to_csv.py","6011","2026-05-14 22:15:24"
".venv\Lib\site-packages\pandas\tests\series\methods\test_to_dict.py","1178","2026-05-14 22:15:24"
".venv\Lib\site-packages\pandas\tests\series\methods\test_to_frame.py","1992","2026-05-14 22:15:24"
".venv\Lib\site-packages\pandas\tests\series\methods\test_to_numpy.py","1321","2026-05-14 22:15:24"
".venv\Lib\site-packages\pandas\tests\series\methods\test_tolist.py","1115","2026-05-14 22:15:24"
".venv\Lib\site-packages\pandas\tests\series\methods\test_truncate.py","2307","2026-05-14 22:15:24"
".venv\Lib\site-packages\pandas\tests\series\methods\test_tz_localize.py","4266","2026-05-14 22:15:24"
".venv\Lib\site-packages\pandas\tests\series\methods\test_unique.py","2219","2026-05-14 22:15:24"
".venv\Lib\site-packages\pandas\tests\series\methods\test_unstack.py","5057","2026-05-14 22:15:24"
".venv\Lib\site-packages\pandas\tests\series\methods\test_update.py","4991","2026-05-14 22:15:24"
".venv\Lib\site-packages\pandas\tests\series\methods\test_value_counts.py","9723","2026-05-14 22:15:24"
".venv\Lib\site-packages\pandas\tests\series\methods\test_values.py","747","2026-05-14 22:15:24"
".venv\Lib\site-packages\pandas\tests\series\test_api.py","9452","2026-05-14 22:15:24"
".venv\Lib\site-packages\pandas\tests\series\test_arithmetic.py","37013","2026-05-14 22:15:24"
".venv\Lib\site-packages\pandas\tests\series\test_arrow_interface.py","3282","2026-05-14 22:15:24"
".venv\Lib\site-packages\pandas\tests\series\test_constructors.py","85568","2026-05-14 22:15:24"
".venv\Lib\site-packages\pandas\tests\series\test_cumulative.py","9954","2026-05-14 22:15:24"
".venv\Lib\site-packages\pandas\tests\series\test_formats.py","17405","2026-05-14 22:15:24"
".venv\Lib\site-packages\pandas\tests\series\test_iteration.py","1346","2026-05-14 22:15:24"
".venv\Lib\site-packages\pandas\tests\series\test_logical_ops.py","18134","2026-05-14 22:15:24"
".venv\Lib\site-packages\pandas\tests\series\test_missing.py","2593","2026-05-14 22:15:24"
".venv\Lib\site-packages\pandas\tests\series\test_npfuncs.py","1338","2026-05-14 22:15:24"
".venv\Lib\site-packages\pandas\tests\series\test_reductions.py","7109","2026-05-14 22:15:24"
".venv\Lib\site-packages\pandas\tests\series\test_subclass.py","2667","2026-05-14 22:15:24"
".venv\Lib\site-packages\pandas\tests\series\test_ufunc.py","15370","2026-05-14 22:15:24"
".venv\Lib\site-packages\pandas\tests\series\test_unary.py","1620","2026-05-14 22:15:24"
".venv\Lib\site-packages\pandas\tests\series\test_validate.py","668","2026-05-14 22:15:24"
".venv\Lib\site-packages\pandas\tests\strings\__init__.py","587","2026-05-14 22:15:24"
".venv\Lib\site-packages\pandas\tests\strings\conftest.py","3967","2026-05-14 22:15:24"
".venv\Lib\site-packages\pandas\tests\strings\test_api.py","6785","2026-05-14 22:15:24"
".venv\Lib\site-packages\pandas\tests\strings\test_case_justify.py","13361","2026-05-14 22:15:24"
".venv\Lib\site-packages\pandas\tests\strings\test_cat.py","14187","2026-05-14 22:15:24"
".venv\Lib\site-packages\pandas\tests\strings\test_extract.py","28906","2026-05-14 22:15:24"
".venv\Lib\site-packages\pandas\tests\strings\test_find_replace.py","60494","2026-05-14 22:15:24"
".venv\Lib\site-packages\pandas\tests\strings\test_get_dummies.py","2629","2026-05-14 22:15:24"
".venv\Lib\site-packages\pandas\tests\strings\test_split_partition.py","24913","2026-05-14 22:15:24"
".venv\Lib\site-packages\pandas\tests\strings\test_string_array.py","4013","2026-05-14 22:15:24"
".venv\Lib\site-packages\pandas\tests\strings\test_strings.py","33173","2026-05-14 22:15:24"
".venv\Lib\site-packages\pandas\tests\test_aggregation.py","2779","2026-05-14 22:15:22"
".venv\Lib\site-packages\pandas\tests\test_algos.py","78481","2026-05-14 22:15:22"
".venv\Lib\site-packages\pandas\tests\test_col.py","12707","2026-05-14 22:15:22"
".venv\Lib\site-packages\pandas\tests\test_common.py","8005","2026-05-14 22:15:22"
".venv\Lib\site-packages\pandas\tests\test_downstream.py","8678","2026-05-14 22:15:22"
".venv\Lib\site-packages\pandas\tests\test_errors.py","4016","2026-05-14 22:15:22"
".venv\Lib\site-packages\pandas\tests\test_expressions.py","14893","2026-05-14 22:15:22"
".venv\Lib\site-packages\pandas\tests\test_flags.py","1550","2026-05-14 22:15:22"
".venv\Lib\site-packages\pandas\tests\test_multilevel.py","12785","2026-05-14 22:15:22"
".venv\Lib\site-packages\pandas\tests\test_nanops.py","44665","2026-05-14 22:15:22"
".venv\Lib\site-packages\pandas\tests\test_optional_dependency.py","3217","2026-05-14 22:15:22"
".venv\Lib\site-packages\pandas\tests\test_register_accessor.py","3237","2026-05-14 22:15:22"
".venv\Lib\site-packages\pandas\tests\test_sorting.py","16465","2026-05-14 22:15:22"
".venv\Lib\site-packages\pandas\tests\test_take.py","11908","2026-05-14 22:15:22"
".venv\Lib\site-packages\pandas\tests\tools\__init__.py","0","2026-05-14 22:15:25"
".venv\Lib\site-packages\pandas\tests\tools\test_to_datetime.py","142963","2026-05-14 22:15:24"
".venv\Lib\site-packages\pandas\tests\tools\test_to_numeric.py","26471","2026-05-14 22:15:24"
".venv\Lib\site-packages\pandas\tests\tools\test_to_time.py","2083","2026-05-14 22:15:24"
".venv\Lib\site-packages\pandas\tests\tools\test_to_timedelta.py","14033","2026-05-14 22:15:25"
".venv\Lib\site-packages\pandas\tests\tseries\__init__.py","0","2026-05-14 22:15:25"
".venv\Lib\site-packages\pandas\tests\tseries\frequencies\__init__.py","0","2026-05-14 22:15:25"
".venv\Lib\site-packages\pandas\tests\tseries\frequencies\test_freq_code.py","1727","2026-05-14 22:15:25"
".venv\Lib\site-packages\pandas\tests\tseries\frequencies\test_frequencies.py","821","2026-05-14 22:15:25"
".venv\Lib\site-packages\pandas\tests\tseries\frequencies\test_inference.py","15728","2026-05-14 22:15:25"
".venv\Lib\site-packages\pandas\tests\tseries\holiday\__init__.py","0","2026-05-14 22:15:25"
".venv\Lib\site-packages\pandas\tests\tseries\holiday\test_calendar.py","3622","2026-05-14 22:15:25"
".venv\Lib\site-packages\pandas\tests\tseries\holiday\test_federal.py","1948","2026-05-14 22:15:25"
".venv\Lib\site-packages\pandas\tests\tseries\holiday\test_holiday.py","15160","2026-05-14 22:15:25"
".venv\Lib\site-packages\pandas\tests\tseries\holiday\test_observance.py","2723","2026-05-14 22:15:25"
".venv\Lib\site-packages\pandas\tests\tseries\offsets\__init__.py","0","2026-05-14 22:15:25"
".venv\Lib\site-packages\pandas\tests\tseries\offsets\common.py","901","2026-05-14 22:15:25"
".venv\Lib\site-packages\pandas\tests\tseries\offsets\test_business_day.py","6809","2026-05-14 22:15:25"
".venv\Lib\site-packages\pandas\tests\tseries\offsets\test_business_halfyear.py","13968","2026-05-14 22:15:25"
".venv\Lib\site-packages\pandas\tests\tseries\offsets\test_business_hour.py","58547","2026-05-14 22:15:25"
".venv\Lib\site-packages\pandas\tests\tseries\offsets\test_business_month.py","6718","2026-05-14 22:15:25"
".venv\Lib\site-packages\pandas\tests\tseries\offsets\test_business_quarter.py","11887","2026-05-14 22:15:25"
".venv\Lib\site-packages\pandas\tests\tseries\offsets\test_business_year.py","6437","2026-05-14 22:15:25"
".venv\Lib\site-packages\pandas\tests\tseries\offsets\test_common.py","7327","2026-05-14 22:15:25"
".venv\Lib\site-packages\pandas\tests\tseries\offsets\test_custom_business_day.py","3203","2026-05-14 22:15:25"
".venv\Lib\site-packages\pandas\tests\tseries\offsets\test_custom_business_hour.py","12217","2026-05-14 22:15:25"
".venv\Lib\site-packages\pandas\tests\tseries\offsets\test_custom_business_month.py","12939","2026-05-14 22:15:25"
".venv\Lib\site-packages\pandas\tests\tseries\offsets\test_dst.py","9409","2026-05-14 22:15:25"
".venv\Lib\site-packages\pandas\tests\tseries\offsets\test_easter.py","4675","2026-05-14 22:15:25"
".venv\Lib\site-packages\pandas\tests\tseries\offsets\test_fiscal.py","26080","2026-05-14 22:15:25"
".venv\Lib\site-packages\pandas\tests\tseries\offsets\test_halfyear.py","13836","2026-05-14 22:15:25"
".venv\Lib\site-packages\pandas\tests\tseries\offsets\test_index.py","1148","2026-05-14 22:15:25"
".venv\Lib\site-packages\pandas\tests\tseries\offsets\test_month.py","23270","2026-05-14 22:15:25"
".venv\Lib\site-packages\pandas\tests\tseries\offsets\test_offsets_properties.py","2262","2026-05-14 22:15:25"
".venv\Lib\site-packages\pandas\tests\tseries\offsets\test_offsets.py","41299","2026-05-14 22:15:25"
".venv\Lib\site-packages\pandas\tests\tseries\offsets\test_quarter.py","11143","2026-05-14 22:15:25"
".venv\Lib\site-packages\pandas\tests\tseries\offsets\test_ticks.py","10899","2026-05-14 22:15:25"
".venv\Lib\site-packages\pandas\tests\tseries\offsets\test_week.py","11959","2026-05-14 22:15:25"
".venv\Lib\site-packages\pandas\tests\tseries\offsets\test_year.py","10456","2026-05-14 22:15:25"
".venv\Lib\site-packages\pandas\tests\tslibs\__init__.py","0","2026-05-14 22:15:25"
".venv\Lib\site-packages\pandas\tests\tslibs\test_api.py","1540","2026-05-14 22:15:25"
".venv\Lib\site-packages\pandas\tests\tslibs\test_array_to_datetime.py","10846","2026-05-14 22:15:25"
".venv\Lib\site-packages\pandas\tests\tslibs\test_ccalendar.py","1921","2026-05-14 22:15:25"
".venv\Lib\site-packages\pandas\tests\tslibs\test_conversion.py","4696","2026-05-14 22:15:25"
".venv\Lib\site-packages\pandas\tests\tslibs\test_fields.py","1352","2026-05-14 22:15:25"
".venv\Lib\site-packages\pandas\tests\tslibs\test_libfrequencies.py","717","2026-05-14 22:15:25"
".venv\Lib\site-packages\pandas\tests\tslibs\test_liboffsets.py","5097","2026-05-14 22:15:25"
".venv\Lib\site-packages\pandas\tests\tslibs\test_np_datetime.py","8513","2026-05-14 22:15:25"
".venv\Lib\site-packages\pandas\tests\tslibs\test_npy_units.py","922","2026-05-14 22:15:25"
".venv\Lib\site-packages\pandas\tests\tslibs\test_parse_iso8601.py","4535","2026-05-14 22:15:25"
".venv\Lib\site-packages\pandas\tests\tslibs\test_parsing.py","14512","2026-05-14 22:15:25"
".venv\Lib\site-packages\pandas\tests\tslibs\test_period.py","3423","2026-05-14 22:15:25"
".venv\Lib\site-packages\pandas\tests\tslibs\test_resolution.py","1404","2026-05-14 22:15:25"
".venv\Lib\site-packages\pandas\tests\tslibs\test_strptime.py","3940","2026-05-14 22:15:25"
".venv\Lib\site-packages\pandas\tests\tslibs\test_timedeltas.py","4813","2026-05-14 22:15:25"
".venv\Lib\site-packages\pandas\tests\tslibs\test_timezones.py","7911","2026-05-14 22:15:25"
".venv\Lib\site-packages\pandas\tests\tslibs\test_to_offset.py","6660","2026-05-14 22:15:25"
".venv\Lib\site-packages\pandas\tests\tslibs\test_tzconversion.py","961","2026-05-14 22:15:25"
".venv\Lib\site-packages\pandas\tests\util\__init__.py","0","2026-05-14 22:15:25"
".venv\Lib\site-packages\pandas\tests\util\conftest.py","1183","2026-05-14 22:15:25"
".venv\Lib\site-packages\pandas\tests\util\test_assert_almost_equal.py","16864","2026-05-14 22:15:25"
".venv\Lib\site-packages\pandas\tests\util\test_assert_attr_equal.py","1045","2026-05-14 22:15:25"
".venv\Lib\site-packages\pandas\tests\util\test_assert_categorical_equal.py","2706","2026-05-14 22:15:25"
".venv\Lib\site-packages\pandas\tests\util\test_assert_extension_array_equal.py","3831","2026-05-14 22:15:25"
".venv\Lib\site-packages\pandas\tests\util\test_assert_frame_equal.py","14631","2026-05-14 22:15:25"
".venv\Lib\site-packages\pandas\tests\util\test_assert_index_equal.py","10511","2026-05-14 22:15:25"
".venv\Lib\site-packages\pandas\tests\util\test_assert_interval_array_equal.py","2651","2026-05-14 22:15:25"
".venv\Lib\site-packages\pandas\tests\util\test_assert_numpy_array_equal.py","6624","2026-05-14 22:15:25"
".venv\Lib\site-packages\pandas\tests\util\test_assert_produces_warning.py","10123","2026-05-14 22:15:25"
".venv\Lib\site-packages\pandas\tests\util\test_assert_series_equal.py","16068","2026-05-14 22:15:25"
".venv\Lib\site-packages\pandas\tests\util\test_deprecate_kwarg.py","2186","2026-05-14 22:15:25"
".venv\Lib\site-packages\pandas\tests\util\test_deprecate_nonkeyword_arguments.py","3965","2026-05-14 22:15:25"
".venv\Lib\site-packages\pandas\tests\util\test_deprecate.py","1758","2026-05-14 22:15:25"
".venv\Lib\site-packages\pandas\tests\util\test_doc.py","1492","2026-05-14 22:15:25"
".venv\Lib\site-packages\pandas\tests\util\test_hashing.py","13947","2026-05-14 22:15:25"
".venv\Lib\site-packages\pandas\tests\util\test_numba.py","313","2026-05-14 22:15:25"
".venv\Lib\site-packages\pandas\tests\util\test_rewrite_warning.py","1231","2026-05-14 22:15:25"
".venv\Lib\site-packages\pandas\tests\util\test_shares_memory.py","1169","2026-05-14 22:15:25"
".venv\Lib\site-packages\pandas\tests\util\test_show_versions.py","2096","2026-05-14 22:15:25"
".venv\Lib\site-packages\pandas\tests\util\test_util.py","1463","2026-05-14 22:15:25"
".venv\Lib\site-packages\pandas\tests\util\test_validate_args_and_kwargs.py","2456","2026-05-14 22:15:25"
".venv\Lib\site-packages\pandas\tests\util\test_validate_args.py","1907","2026-05-14 22:15:25"
".venv\Lib\site-packages\pandas\tests\util\test_validate_inclusive.py","896","2026-05-14 22:15:25"
".venv\Lib\site-packages\pandas\tests\util\test_validate_kwargs.py","1821","2026-05-14 22:15:25"
".venv\Lib\site-packages\pandas\tests\window\__init__.py","0","2026-05-14 22:15:25"
".venv\Lib\site-packages\pandas\tests\window\conftest.py","2595","2026-05-14 22:15:25"
".venv\Lib\site-packages\pandas\tests\window\moments\__init__.py","0","2026-05-14 22:15:25"
".venv\Lib\site-packages\pandas\tests\window\moments\conftest.py","1595","2026-05-14 22:15:25"
".venv\Lib\site-packages\pandas\tests\window\moments\test_moments_consistency_ewm.py","8122","2026-05-14 22:15:25"
".venv\Lib\site-packages\pandas\tests\window\moments\test_moments_consistency_expanding.py","5703","2026-05-14 22:15:25"
".venv\Lib\site-packages\pandas\tests\window\moments\test_moments_consistency_rolling.py","7842","2026-05-14 22:15:25"
".venv\Lib\site-packages\pandas\tests\window\test_api.py","11817","2026-05-14 22:15:25"
".venv\Lib\site-packages\pandas\tests\window\test_apply.py","9521","2026-05-14 22:15:25"
".venv\Lib\site-packages\pandas\tests\window\test_base_indexer.py","15946","2026-05-14 22:15:25"
".venv\Lib\site-packages\pandas\tests\window\test_cython_aggregations.py","4162","2026-05-14 22:15:25"
".venv\Lib\site-packages\pandas\tests\window\test_dtypes.py","5785","2026-05-14 22:15:25"
".venv\Lib\site-packages\pandas\tests\window\test_ewm.py","23276","2026-05-14 22:15:25"
".venv\Lib\site-packages\pandas\tests\window\test_expanding.py","26803","2026-05-14 22:15:25"
".venv\Lib\site-packages\pandas\tests\window\test_groupby.py","47203","2026-05-14 22:15:25"
".venv\Lib\site-packages\pandas\tests\window\test_numba.py","22246","2026-05-14 22:15:25"
".venv\Lib\site-packages\pandas\tests\window\test_online.py","3644","2026-05-14 22:15:25"
".venv\Lib\site-packages\pandas\tests\window\test_pairwise.py","16652","2026-05-14 22:15:25"
".venv\Lib\site-packages\pandas\tests\window\test_rolling_functions.py","18020","2026-05-14 22:15:25"
".venv\Lib\site-packages\pandas\tests\window\test_rolling_quantile.py","5333","2026-05-14 22:15:25"
".venv\Lib\site-packages\pandas\tests\window\test_rolling_skew_kurt.py","7807","2026-05-14 22:15:25"
".venv\Lib\site-packages\pandas\tests\window\test_rolling.py","64595","2026-05-14 22:15:25"
".venv\Lib\site-packages\pandas\tests\window\test_timeseries_window.py","25130","2026-05-14 22:15:25"
".venv\Lib\site-packages\pandas\tests\window\test_win_type.py","16934","2026-05-14 22:15:25"
".venv\Lib\site-packages\pandas\tseries\__init__.py","292","2026-05-14 22:15:25"
".venv\Lib\site-packages\pandas\tseries\api.py","234","2026-05-14 22:15:25"
".venv\Lib\site-packages\pandas\tseries\frequencies.py","18541","2026-05-14 22:15:25"
".venv\Lib\site-packages\pandas\tseries\holiday.py","20445","2026-05-14 22:15:25"
".venv\Lib\site-packages\pandas\tseries\offsets.py","1687","2026-05-14 22:15:25"
".venv\Lib\site-packages\pandas\util\__init__.py","863","2026-05-14 22:15:25"
".venv\Lib\site-packages\pandas\util\_decorators.py","17983","2026-05-14 22:15:25"
".venv\Lib\site-packages\pandas\util\_doctools.py","6911","2026-05-14 22:15:25"
".venv\Lib\site-packages\pandas\util\_exceptions.py","2870","2026-05-14 22:15:25"
".venv\Lib\site-packages\pandas\util\_print_versions.py","4824","2026-05-14 22:15:25"
".venv\Lib\site-packages\pandas\util\_test_decorators.py","4428","2026-05-14 22:15:25"
".venv\Lib\site-packages\pandas\util\_tester.py","1643","2026-05-14 22:15:25"
".venv\Lib\site-packages\pandas\util\_validators.py","14918","2026-05-14 22:15:25"
".venv\Lib\site-packages\pandas\util\version\__init__.py","13142","2026-05-14 22:15:25"
".venv\Lib\site-packages\pip-25.0.1.dist-info\AUTHORS.txt","11018","2026-05-14 22:14:01"
".venv\Lib\site-packages\pip-25.0.1.dist-info\entry_points.txt","87","2026-05-14 22:14:01"
".venv\Lib\site-packages\pip-25.0.1.dist-info\INSTALLER","4","2026-05-14 22:14:05"
".venv\Lib\site-packages\pip-25.0.1.dist-info\LICENSE.txt","1093","2026-05-14 22:14:01"
".venv\Lib\site-packages\pip-25.0.1.dist-info\METADATA","3677","2026-05-14 22:14:01"
".venv\Lib\site-packages\pip-25.0.1.dist-info\RECORD","65740","2026-05-14 22:14:05"
".venv\Lib\site-packages\pip-25.0.1.dist-info\REQUESTED","0","2026-05-14 22:14:05"
".venv\Lib\site-packages\pip-25.0.1.dist-info\top_level.txt","4","2026-05-14 22:14:01"
".venv\Lib\site-packages\pip-25.0.1.dist-info\WHEEL","91","2026-05-14 22:14:01"
".venv\Lib\site-packages\pip\__init__.py","357","2026-05-14 22:14:00"
".venv\Lib\site-packages\pip\__main__.py","854","2026-05-14 22:14:00"
".venv\Lib\site-packages\pip\__pip-runner__.py","1450","2026-05-14 22:14:00"
".venv\Lib\site-packages\pip\_internal\__init__.py","513","2026-05-14 22:14:00"
".venv\Lib\site-packages\pip\_internal\build_env.py","10700","2026-05-14 22:14:00"
".venv\Lib\site-packages\pip\_internal\cache.py","10369","2026-05-14 22:14:00"
".venv\Lib\site-packages\pip\_internal\cli\__init__.py","132","2026-05-14 22:14:00"
".venv\Lib\site-packages\pip\_internal\cli\autocompletion.py","6865","2026-05-14 22:14:00"
".venv\Lib\site-packages\pip\_internal\cli\base_command.py","8625","2026-05-14 22:14:00"
".venv\Lib\site-packages\pip\_internal\cli\cmdoptions.py","30116","2026-05-14 22:14:00"
".venv\Lib\site-packages\pip\_internal\cli\command_context.py","774","2026-05-14 22:14:00"
".venv\Lib\site-packages\pip\_internal\cli\index_command.py","5677","2026-05-14 22:14:00"
".venv\Lib\site-packages\pip\_internal\cli\main_parser.py","4338","2026-05-14 22:14:00"
".venv\Lib\site-packages\pip\_internal\cli\main.py","2817","2026-05-14 22:14:00"
".venv\Lib\site-packages\pip\_internal\cli\parser.py","10825","2026-05-14 22:14:00"
".venv\Lib\site-packages\pip\_internal\cli\progress_bars.py","2717","2026-05-14 22:14:00"
".venv\Lib\site-packages\pip\_internal\cli\req_command.py","12250","2026-05-14 22:14:00"
".venv\Lib\site-packages\pip\_internal\cli\spinners.py","5118","2026-05-14 22:14:00"
".venv\Lib\site-packages\pip\_internal\cli\status_codes.py","116","2026-05-14 22:14:00"
".venv\Lib\site-packages\pip\_internal\commands\__init__.py","3882","2026-05-14 22:14:00"
".venv\Lib\site-packages\pip\_internal\commands\cache.py","8107","2026-05-14 22:14:00"
".venv\Lib\site-packages\pip\_internal\commands\check.py","2268","2026-05-14 22:14:00"
".venv\Lib\site-packages\pip\_internal\commands\completion.py","4287","2026-05-14 22:14:00"
".venv\Lib\site-packages\pip\_internal\commands\configuration.py","9766","2026-05-14 22:14:00"
".venv\Lib\site-packages\pip\_internal\commands\debug.py","6797","2026-05-14 22:14:00"
".venv\Lib\site-packages\pip\_internal\commands\download.py","5273","2026-05-14 22:14:00"
".venv\Lib\site-packages\pip\_internal\commands\freeze.py","3203","2026-05-14 22:14:00"
".venv\Lib\site-packages\pip\_internal\commands\hash.py","1703","2026-05-14 22:14:00"
".venv\Lib\site-packages\pip\_internal\commands\help.py","1132","2026-05-14 22:14:00"
".venv\Lib\site-packages\pip\_internal\commands\index.py","4731","2026-05-14 22:14:00"
".venv\Lib\site-packages\pip\_internal\commands\inspect.py","3189","2026-05-14 22:14:00"
".venv\Lib\site-packages\pip\_internal\commands\install.py","29390","2026-05-14 22:14:00"
".venv\Lib\site-packages\pip\_internal\commands\list.py","12769","2026-05-14 22:14:00"
".venv\Lib\site-packages\pip\_internal\commands\search.py","5626","2026-05-14 22:14:00"
".venv\Lib\site-packages\pip\_internal\commands\show.py","7857","2026-05-14 22:14:00"
".venv\Lib\site-packages\pip\_internal\commands\uninstall.py","3892","2026-05-14 22:14:00"
".venv\Lib\site-packages\pip\_internal\commands\wheel.py","6414","2026-05-14 22:14:00"
".venv\Lib\site-packages\pip\_internal\configuration.py","14005","2026-05-14 22:14:00"
".venv\Lib\site-packages\pip\_internal\distributions\__init__.py","858","2026-05-14 22:14:00"
".venv\Lib\site-packages\pip\_internal\distributions\base.py","1783","2026-05-14 22:14:00"
".venv\Lib\site-packages\pip\_internal\distributions\installed.py","842","2026-05-14 22:14:00"
".venv\Lib\site-packages\pip\_internal\distributions\sdist.py","6751","2026-05-14 22:14:00"
".venv\Lib\site-packages\pip\_internal\distributions\wheel.py","1317","2026-05-14 22:14:00"
".venv\Lib\site-packages\pip\_internal\exceptions.py","26481","2026-05-14 22:14:00"
".venv\Lib\site-packages\pip\_internal\index\__init__.py","30","2026-05-14 22:14:00"
".venv\Lib\site-packages\pip\_internal\index\collector.py","16265","2026-05-14 22:14:00"
".venv\Lib\site-packages\pip\_internal\index\package_finder.py","38076","2026-05-14 22:14:00"
".venv\Lib\site-packages\pip\_internal\index\sources.py","8632","2026-05-14 22:14:00"
".venv\Lib\site-packages\pip\_internal\locations\__init__.py","14925","2026-05-14 22:14:00"
".venv\Lib\site-packages\pip\_internal\locations\_distutils.py","6013","2026-05-14 22:14:00"
".venv\Lib\site-packages\pip\_internal\locations\_sysconfig.py","7724","2026-05-14 22:14:00"
".venv\Lib\site-packages\pip\_internal\locations\base.py","2556","2026-05-14 22:14:00"
".venv\Lib\site-packages\pip\_internal\main.py","340","2026-05-14 22:14:00"
".venv\Lib\site-packages\pip\_internal\metadata\__init__.py","4337","2026-05-14 22:14:00"
".venv\Lib\site-packages\pip\_internal\metadata\_json.py","2707","2026-05-14 22:14:00"
".venv\Lib\site-packages\pip\_internal\metadata\base.py","25298","2026-05-14 22:14:00"
".venv\Lib\site-packages\pip\_internal\metadata\importlib\__init__.py","135","2026-05-14 22:14:00"
".venv\Lib\site-packages\pip\_internal\metadata\importlib\_compat.py","2796","2026-05-14 22:14:00"
".venv\Lib\site-packages\pip\_internal\metadata\importlib\_dists.py","8279","2026-05-14 22:14:00"
".venv\Lib\site-packages\pip\_internal\metadata\importlib\_envs.py","7431","2026-05-14 22:14:00"
".venv\Lib\site-packages\pip\_internal\metadata\pkg_resources.py","10542","2026-05-14 22:14:00"
".venv\Lib\site-packages\pip\_internal\models\__init__.py","63","2026-05-14 22:14:00"
".venv\Lib\site-packages\pip\_internal\models\candidate.py","753","2026-05-14 22:14:00"
".venv\Lib\site-packages\pip\_internal\models\direct_url.py","6578","2026-05-14 22:14:00"
".venv\Lib\site-packages\pip\_internal\models\format_control.py","2486","2026-05-14 22:14:00"
".venv\Lib\site-packages\pip\_internal\models\index.py","1030","2026-05-14 22:14:00"
".venv\Lib\site-packages\pip\_internal\models\installation_report.py","2818","2026-05-14 22:14:00"
".venv\Lib\site-packages\pip\_internal\models\link.py","21448","2026-05-14 22:14:00"
".venv\Lib\site-packages\pip\_internal\models\scheme.py","575","2026-05-14 22:14:00"
".venv\Lib\site-packages\pip\_internal\models\search_scope.py","4531","2026-05-14 22:14:00"
".venv\Lib\site-packages\pip\_internal\models\selection_prefs.py","2015","2026-05-14 22:14:00"
".venv\Lib\site-packages\pip\_internal\models\target_python.py","4271","2026-05-14 22:14:00"
".venv\Lib\site-packages\pip\_internal\models\wheel.py","4539","2026-05-14 22:14:00"
".venv\Lib\site-packages\pip\_internal\network\__init__.py","50","2026-05-14 22:14:00"
".venv\Lib\site-packages\pip\_internal\network\auth.py","20809","2026-05-14 22:14:00"
".venv\Lib\site-packages\pip\_internal\network\cache.py","4614","2026-05-14 22:14:00"
".venv\Lib\site-packages\pip\_internal\network\download.py","6048","2026-05-14 22:14:00"
".venv\Lib\site-packages\pip\_internal\network\lazy_wheel.py","7622","2026-05-14 22:14:00"
".venv\Lib\site-packages\pip\_internal\network\session.py","18771","2026-05-14 22:14:00"
".venv\Lib\site-packages\pip\_internal\network\utils.py","4088","2026-05-14 22:14:00"
".venv\Lib\site-packages\pip\_internal\network\xmlrpc.py","1838","2026-05-14 22:14:00"
".venv\Lib\site-packages\pip\_internal\operations\__init__.py","0","2026-05-14 22:14:00"
".venv\Lib\site-packages\pip\_internal\operations\build\__init__.py","0","2026-05-14 22:14:00"
".venv\Lib\site-packages\pip\_internal\operations\build\build_tracker.py","4774","2026-05-14 22:14:00"
".venv\Lib\site-packages\pip\_internal\operations\build\metadata_editable.py","1510","2026-05-14 22:14:00"
".venv\Lib\site-packages\pip\_internal\operations\build\metadata_legacy.py","2190","2026-05-14 22:14:00"
".venv\Lib\site-packages\pip\_internal\operations\build\metadata.py","1422","2026-05-14 22:14:00"
".venv\Lib\site-packages\pip\_internal\operations\build\wheel_editable.py","1417","2026-05-14 22:14:00"
".venv\Lib\site-packages\pip\_internal\operations\build\wheel_legacy.py","3045","2026-05-14 22:14:00"
".venv\Lib\site-packages\pip\_internal\operations\build\wheel.py","1075","2026-05-14 22:14:00"
".venv\Lib\site-packages\pip\_internal\operations\check.py","5912","2026-05-14 22:14:00"
".venv\Lib\site-packages\pip\_internal\operations\freeze.py","9843","2026-05-14 22:14:00"
".venv\Lib\site-packages\pip\_internal\operations\install\__init__.py","51","2026-05-14 22:14:00"
".venv\Lib\site-packages\pip\_internal\operations\install\editable_legacy.py","1283","2026-05-14 22:14:00"
".venv\Lib\site-packages\pip\_internal\operations\install\wheel.py","27615","2026-05-14 22:14:00"
".venv\Lib\site-packages\pip\_internal\operations\prepare.py","28118","2026-05-14 22:14:00"
".venv\Lib\site-packages\pip\_internal\pyproject.py","7286","2026-05-14 22:14:00"
".venv\Lib\site-packages\pip\_internal\req\__init__.py","2653","2026-05-14 22:14:00"
".venv\Lib\site-packages\pip\_internal\req\constructors.py","18430","2026-05-14 22:14:00"
".venv\Lib\site-packages\pip\_internal\req\req_file.py","20234","2026-05-14 22:14:00"
".venv\Lib\site-packages\pip\_internal\req\req_install.py","35786","2026-05-14 22:14:00"
".venv\Lib\site-packages\pip\_internal\req\req_set.py","2858","2026-05-14 22:14:00"
".venv\Lib\site-packages\pip\_internal\req\req_uninstall.py","23853","2026-05-14 22:14:00"
".venv\Lib\site-packages\pip\_internal\resolution\__init__.py","0","2026-05-14 22:14:00"
".venv\Lib\site-packages\pip\_internal\resolution\base.py","583","2026-05-14 22:14:00"
".venv\Lib\site-packages\pip\_internal\resolution\legacy\__init__.py","0","2026-05-14 22:14:00"
".venv\Lib\site-packages\pip\_internal\resolution\legacy\resolver.py","24068","2026-05-14 22:14:00"
".venv\Lib\site-packages\pip\_internal\resolution\resolvelib\__init__.py","0","2026-05-14 22:14:00"
".venv\Lib\site-packages\pip\_internal\resolution\resolvelib\base.py","5023","2026-05-14 22:14:00"
".venv\Lib\site-packages\pip\_internal\resolution\resolvelib\candidates.py","20001","2026-05-14 22:14:00"
".venv\Lib\site-packages\pip\_internal\resolution\resolvelib\factory.py","32659","2026-05-14 22:14:00"
".venv\Lib\site-packages\pip\_internal\resolution\resolvelib\found_candidates.py","6383","2026-05-14 22:14:00"
".venv\Lib\site-packages\pip\_internal\resolution\resolvelib\provider.py","9935","2026-05-14 22:14:00"
".venv\Lib\site-packages\pip\_internal\resolution\resolvelib\reporter.py","3168","2026-05-14 22:14:00"
".venv\Lib\site-packages\pip\_internal\resolution\resolvelib\requirements.py","8065","2026-05-14 22:14:00"
".venv\Lib\site-packages\pip\_internal\resolution\resolvelib\resolver.py","12592","2026-05-14 22:14:00"
".venv\Lib\site-packages\pip\_internal\self_outdated_check.py","8318","2026-05-14 22:14:00"
".venv\Lib\site-packages\pip\_internal\utils\__init__.py","0","2026-05-14 22:14:00"
".venv\Lib\site-packages\pip\_internal\utils\_jaraco_text.py","3350","2026-05-14 22:14:00"
".venv\Lib\site-packages\pip\_internal\utils\_log.py","1015","2026-05-14 22:14:00"
".venv\Lib\site-packages\pip\_internal\utils\appdirs.py","1665","2026-05-14 22:14:00"
".venv\Lib\site-packages\pip\_internal\utils\compat.py","2399","2026-05-14 22:14:00"
".venv\Lib\site-packages\pip\_internal\utils\compatibility_tags.py","6272","2026-05-14 22:14:00"
".venv\Lib\site-packages\pip\_internal\utils\datetime.py","242","2026-05-14 22:14:00"
".venv\Lib\site-packages\pip\_internal\utils\deprecation.py","3707","2026-05-14 22:14:00"
".venv\Lib\site-packages\pip\_internal\utils\direct_url_helpers.py","3196","2026-05-14 22:14:00"
".venv\Lib\site-packages\pip\_internal\utils\egg_link.py","2463","2026-05-14 22:14:00"
".venv\Lib\site-packages\pip\_internal\utils\entrypoints.py","3064","2026-05-14 22:14:00"
".venv\Lib\site-packages\pip\_internal\utils\filesystem.py","4950","2026-05-14 22:14:00"
".venv\Lib\site-packages\pip\_internal\utils\filetypes.py","716","2026-05-14 22:14:00"
".venv\Lib\site-packages\pip\_internal\utils\glibc.py","3734","2026-05-14 22:14:00"
".venv\Lib\site-packages\pip\_internal\utils\hashes.py","4972","2026-05-14 22:14:00"
".venv\Lib\site-packages\pip\_internal\utils\logging.py","11845","2026-05-14 22:14:00"
".venv\Lib\site-packages\pip\_internal\utils\misc.py","23450","2026-05-14 22:14:00"
".venv\Lib\site-packages\pip\_internal\utils\packaging.py","2142","2026-05-14 22:14:00"
".venv\Lib\site-packages\pip\_internal\utils\retry.py","1392","2026-05-14 22:14:00"
".venv\Lib\site-packages\pip\_internal\utils\setuptools_build.py","4435","2026-05-14 22:14:00"
".venv\Lib\site-packages\pip\_internal\utils\subprocess.py","8988","2026-05-14 22:14:00"
".venv\Lib\site-packages\pip\_internal\utils\temp_dir.py","9310","2026-05-14 22:14:00"
".venv\Lib\site-packages\pip\_internal\utils\unpacking.py","11967","2026-05-14 22:14:00"
".venv\Lib\site-packages\pip\_internal\utils\urls.py","1599","2026-05-14 22:14:00"
".venv\Lib\site-packages\pip\_internal\utils\virtualenv.py","3456","2026-05-14 22:14:00"
".venv\Lib\site-packages\pip\_internal\utils\wheel.py","4494","2026-05-14 22:14:00"
".venv\Lib\site-packages\pip\_internal\vcs\__init__.py","596","2026-05-14 22:14:00"
".venv\Lib\site-packages\pip\_internal\vcs\bazaar.py","3528","2026-05-14 22:14:00"
".venv\Lib\site-packages\pip\_internal\vcs\git.py","18177","2026-05-14 22:14:00"
".venv\Lib\site-packages\pip\_internal\vcs\mercurial.py","5249","2026-05-14 22:14:00"
".venv\Lib\site-packages\pip\_internal\vcs\subversion.py","11735","2026-05-14 22:14:00"
".venv\Lib\site-packages\pip\_internal\vcs\versioncontrol.py","22440","2026-05-14 22:14:00"
".venv\Lib\site-packages\pip\_internal\wheel_builder.py","11799","2026-05-14 22:14:00"
".venv\Lib\site-packages\pip\_vendor\__init__.py","4873","2026-05-14 22:14:00"
".venv\Lib\site-packages\pip\_vendor\cachecontrol\__init__.py","677","2026-05-14 22:14:00"
".venv\Lib\site-packages\pip\_vendor\cachecontrol\_cmd.py","1737","2026-05-14 22:14:00"
".venv\Lib\site-packages\pip\_vendor\cachecontrol\adapter.py","6348","2026-05-14 22:14:00"
".venv\Lib\site-packages\pip\_vendor\cachecontrol\cache.py","1953","2026-05-14 22:14:00"
".venv\Lib\site-packages\pip\_vendor\cachecontrol\caches\__init__.py","303","2026-05-14 22:14:00"
".venv\Lib\site-packages\pip\_vendor\cachecontrol\caches\file_cache.py","5399","2026-05-14 22:14:00"
".venv\Lib\site-packages\pip\_vendor\cachecontrol\caches\redis_cache.py","1386","2026-05-14 22:14:00"
".venv\Lib\site-packages\pip\_vendor\cachecontrol\controller.py","18576","2026-05-14 22:14:00"
".venv\Lib\site-packages\pip\_vendor\cachecontrol\filewrapper.py","4291","2026-05-14 22:14:00"
".venv\Lib\site-packages\pip\_vendor\cachecontrol\heuristics.py","4881","2026-05-14 22:14:00"
".venv\Lib\site-packages\pip\_vendor\cachecontrol\py.typed","0","2026-05-14 22:14:00"
".venv\Lib\site-packages\pip\_vendor\cachecontrol\serialize.py","5163","2026-05-14 22:14:00"
".venv\Lib\site-packages\pip\_vendor\cachecontrol\wrapper.py","1417","2026-05-14 22:14:00"
".venv\Lib\site-packages\pip\_vendor\certifi\__init__.py","94","2026-05-14 22:14:00"
".venv\Lib\site-packages\pip\_vendor\certifi\__main__.py","255","2026-05-14 22:14:00"
".venv\Lib\site-packages\pip\_vendor\certifi\cacert.pem","299427","2026-05-14 22:14:00"
".venv\Lib\site-packages\pip\_vendor\certifi\core.py","4486","2026-05-14 22:14:00"
".venv\Lib\site-packages\pip\_vendor\certifi\py.typed","0","2026-05-14 22:14:00"
".venv\Lib\site-packages\pip\_vendor\distlib\__init__.py","625","2026-05-14 22:14:00"
".venv\Lib\site-packages\pip\_vendor\distlib\compat.py","41467","2026-05-14 22:14:00"
".venv\Lib\site-packages\pip\_vendor\distlib\database.py","51160","2026-05-14 22:14:00"
".venv\Lib\site-packages\pip\_vendor\distlib\index.py","20797","2026-05-14 22:14:00"
".venv\Lib\site-packages\pip\_vendor\distlib\locators.py","51026","2026-05-14 22:14:00"
".venv\Lib\site-packages\pip\_vendor\distlib\manifest.py","14168","2026-05-14 22:14:00"
".venv\Lib\site-packages\pip\_vendor\distlib\markers.py","5164","2026-05-14 22:14:00"
".venv\Lib\site-packages\pip\_vendor\distlib\metadata.py","38724","2026-05-14 22:14:00"
".venv\Lib\site-packages\pip\_vendor\distlib\resources.py","10820","2026-05-14 22:14:00"
".venv\Lib\site-packages\pip\_vendor\distlib\scripts.py","18608","2026-05-14 22:14:00"
".venv\Lib\site-packages\pip\_vendor\distlib\t32.exe","97792","2026-05-14 22:14:00"
".venv\Lib\site-packages\pip\_vendor\distlib\t64-arm.exe","182784","2026-05-14 22:14:00"
".venv\Lib\site-packages\pip\_vendor\distlib\t64.exe","108032","2026-05-14 22:14:00"
".venv\Lib\site-packages\pip\_vendor\distlib\util.py","66682","2026-05-14 22:14:00"
".venv\Lib\site-packages\pip\_vendor\distlib\version.py","23727","2026-05-14 22:14:00"
".venv\Lib\site-packages\pip\_vendor\distlib\w32.exe","91648","2026-05-14 22:14:00"
".venv\Lib\site-packages\pip\_vendor\distlib\w64-arm.exe","168448","2026-05-14 22:14:00"
".venv\Lib\site-packages\pip\_vendor\distlib\w64.exe","101888","2026-05-14 22:14:00"
".venv\Lib\site-packages\pip\_vendor\distlib\wheel.py","43979","2026-05-14 22:14:00"
".venv\Lib\site-packages\pip\_vendor\distro\__init__.py","981","2026-05-14 22:14:00"
".venv\Lib\site-packages\pip\_vendor\distro\__main__.py","64","2026-05-14 22:14:00"
".venv\Lib\site-packages\pip\_vendor\distro\distro.py","49430","2026-05-14 22:14:00"
".venv\Lib\site-packages\pip\_vendor\distro\py.typed","0","2026-05-14 22:14:00"
".venv\Lib\site-packages\pip\_vendor\idna\__init__.py","868","2026-05-14 22:14:00"
".venv\Lib\site-packages\pip\_vendor\idna\codec.py","3422","2026-05-14 22:14:00"
".venv\Lib\site-packages\pip\_vendor\idna\compat.py","316","2026-05-14 22:14:00"
".venv\Lib\site-packages\pip\_vendor\idna\core.py","13239","2026-05-14 22:14:00"
".venv\Lib\site-packages\pip\_vendor\idna\idnadata.py","78306","2026-05-14 22:14:00"
".venv\Lib\site-packages\pip\_vendor\idna\intranges.py","1898","2026-05-14 22:14:00"
".venv\Lib\site-packages\pip\_vendor\idna\package_data.py","21","2026-05-14 22:14:00"
".venv\Lib\site-packages\pip\_vendor\idna\py.typed","0","2026-05-14 22:14:00"
".venv\Lib\site-packages\pip\_vendor\idna\uts46data.py","239289","2026-05-14 22:14:00"
".venv\Lib\site-packages\pip\_vendor\msgpack\__init__.py","1109","2026-05-14 22:14:00"
".venv\Lib\site-packages\pip\_vendor\msgpack\exceptions.py","1081","2026-05-14 22:14:00"
".venv\Lib\site-packages\pip\_vendor\msgpack\ext.py","5726","2026-05-14 22:14:00"
".venv\Lib\site-packages\pip\_vendor\msgpack\fallback.py","32390","2026-05-14 22:14:00"
".venv\Lib\site-packages\pip\_vendor\packaging\__init__.py","494","2026-05-14 22:14:00"
".venv\Lib\site-packages\pip\_vendor\packaging\_elffile.py","3306","2026-05-14 22:14:00"
".venv\Lib\site-packages\pip\_vendor\packaging\_manylinux.py","9612","2026-05-14 22:14:00"
".venv\Lib\site-packages\pip\_vendor\packaging\_musllinux.py","2694","2026-05-14 22:14:00"
".venv\Lib\site-packages\pip\_vendor\packaging\_parser.py","10236","2026-05-14 22:14:00"
".venv\Lib\site-packages\pip\_vendor\packaging\_structures.py","1431","2026-05-14 22:14:00"
".venv\Lib\site-packages\pip\_vendor\packaging\_tokenizer.py","5273","2026-05-14 22:14:00"
".venv\Lib\site-packages\pip\_vendor\packaging\licenses\__init__.py","5727","2026-05-14 22:14:00"
".venv\Lib\site-packages\pip\_vendor\packaging\licenses\_spdx.py","48398","2026-05-14 22:14:00"
".venv\Lib\site-packages\pip\_vendor\packaging\markers.py","10561","2026-05-14 22:14:00"
".venv\Lib\site-packages\pip\_vendor\packaging\metadata.py","34762","2026-05-14 22:14:00"
".venv\Lib\site-packages\pip\_vendor\packaging\py.typed","0","2026-05-14 22:14:00"
".venv\Lib\site-packages\pip\_vendor\packaging\requirements.py","2947","2026-05-14 22:14:00"
".venv\Lib\site-packages\pip\_vendor\packaging\specifiers.py","40098","2026-05-14 22:14:00"
".venv\Lib\site-packages\pip\_vendor\packaging\tags.py","21014","2026-05-14 22:14:00"
".venv\Lib\site-packages\pip\_vendor\packaging\utils.py","5050","2026-05-14 22:14:00"
".venv\Lib\site-packages\pip\_vendor\packaging\version.py","16688","2026-05-14 22:14:00"
".venv\Lib\site-packages\pip\_vendor\pkg_resources\__init__.py","124463","2026-05-14 22:14:00"
".venv\Lib\site-packages\pip\_vendor\platformdirs\__init__.py","22344","2026-05-14 22:14:00"
".venv\Lib\site-packages\pip\_vendor\platformdirs\__main__.py","1505","2026-05-14 22:14:00"
".venv\Lib\site-packages\pip\_vendor\platformdirs\android.py","9007","2026-05-14 22:14:00"
".venv\Lib\site-packages\pip\_vendor\platformdirs\api.py","9246","2026-05-14 22:14:00"
".venv\Lib\site-packages\pip\_vendor\platformdirs\macos.py","6154","2026-05-14 22:14:00"
".venv\Lib\site-packages\pip\_vendor\platformdirs\py.typed","0","2026-05-14 22:14:00"
".venv\Lib\site-packages\pip\_vendor\platformdirs\unix.py","10393","2026-05-14 22:14:00"
".venv\Lib\site-packages\pip\_vendor\platformdirs\version.py","411","2026-05-14 22:14:00"
".venv\Lib\site-packages\pip\_vendor\platformdirs\windows.py","10125","2026-05-14 22:14:00"
".venv\Lib\site-packages\pip\_vendor\pygments\__init__.py","2983","2026-05-14 22:14:00"
".venv\Lib\site-packages\pip\_vendor\pygments\__main__.py","353","2026-05-14 22:14:00"
".venv\Lib\site-packages\pip\_vendor\pygments\cmdline.py","23656","2026-05-14 22:14:00"
".venv\Lib\site-packages\pip\_vendor\pygments\console.py","1718","2026-05-14 22:14:00"
".venv\Lib\site-packages\pip\_vendor\pygments\filter.py","1910","2026-05-14 22:14:00"
".venv\Lib\site-packages\pip\_vendor\pygments\filters\__init__.py","40392","2026-05-14 22:14:00"
".venv\Lib\site-packages\pip\_vendor\pygments\formatter.py","4390","2026-05-14 22:14:00"
".venv\Lib\site-packages\pip\_vendor\pygments\formatters\__init__.py","5385","2026-05-14 22:14:00"
".venv\Lib\site-packages\pip\_vendor\pygments\formatters\_mapping.py","4176","2026-05-14 22:14:00"
".venv\Lib\site-packages\pip\_vendor\pygments\formatters\bbcode.py","3320","2026-05-14 22:14:00"
".venv\Lib\site-packages\pip\_vendor\pygments\formatters\groff.py","5106","2026-05-14 22:14:00"
".venv\Lib\site-packages\pip\_vendor\pygments\formatters\html.py","35669","2026-05-14 22:14:00"
".venv\Lib\site-packages\pip\_vendor\pygments\formatters\img.py","23287","2026-05-14 22:14:00"
".venv\Lib\site-packages\pip\_vendor\pygments\formatters\irc.py","4981","2026-05-14 22:14:00"
".venv\Lib\site-packages\pip\_vendor\pygments\formatters\latex.py","19306","2026-05-14 22:14:00"
".venv\Lib\site-packages\pip\_vendor\pygments\formatters\other.py","5034","2026-05-14 22:14:00"
".venv\Lib\site-packages\pip\_vendor\pygments\formatters\pangomarkup.py","2218","2026-05-14 22:14:00"
".venv\Lib\site-packages\pip\_vendor\pygments\formatters\rtf.py","11957","2026-05-14 22:14:00"
".venv\Lib\site-packages\pip\_vendor\pygments\formatters\svg.py","7174","2026-05-14 22:14:00"
".venv\Lib\site-packages\pip\_vendor\pygments\formatters\terminal.py","4674","2026-05-14 22:14:01"
".venv\Lib\site-packages\pip\_vendor\pygments\formatters\terminal256.py","11753","2026-05-14 22:14:01"
".venv\Lib\site-packages\pip\_vendor\pygments\lexer.py","35349","2026-05-14 22:14:00"
".venv\Lib\site-packages\pip\_vendor\pygments\lexers\__init__.py","12115","2026-05-14 22:14:01"
".venv\Lib\site-packages\pip\_vendor\pygments\lexers\_mapping.py","76097","2026-05-14 22:14:01"
".venv\Lib\site-packages\pip\_vendor\pygments\lexers\python.py","53687","2026-05-14 22:14:01"
".venv\Lib\site-packages\pip\_vendor\pygments\modeline.py","1005","2026-05-14 22:14:00"
".venv\Lib\site-packages\pip\_vendor\pygments\plugin.py","1891","2026-05-14 22:14:00"
".venv\Lib\site-packages\pip\_vendor\pygments\regexopt.py","3072","2026-05-14 22:14:00"
".venv\Lib\site-packages\pip\_vendor\pygments\scanner.py","3092","2026-05-14 22:14:00"
".venv\Lib\site-packages\pip\_vendor\pygments\sphinxext.py","7981","2026-05-14 22:14:00"
".venv\Lib\site-packages\pip\_vendor\pygments\style.py","6420","2026-05-14 22:14:00"
".venv\Lib\site-packages\pip\_vendor\pygments\styles\__init__.py","2042","2026-05-14 22:14:01"
".venv\Lib\site-packages\pip\_vendor\pygments\styles\_mapping.py","3312","2026-05-14 22:14:01"
".venv\Lib\site-packages\pip\_vendor\pygments\token.py","6226","2026-05-14 22:14:00"
".venv\Lib\site-packages\pip\_vendor\pygments\unistring.py","63208","2026-05-14 22:14:00"
".venv\Lib\site-packages\pip\_vendor\pygments\util.py","10031","2026-05-14 22:14:00"
".venv\Lib\site-packages\pip\_vendor\pyproject_hooks\__init__.py","691","2026-05-14 22:14:01"
".venv\Lib\site-packages\pip\_vendor\pyproject_hooks\_impl.py","14936","2026-05-14 22:14:01"
".venv\Lib\site-packages\pip\_vendor\pyproject_hooks\_in_process\__init__.py","557","2026-05-14 22:14:01"
".venv\Lib\site-packages\pip\_vendor\pyproject_hooks\_in_process\_in_process.py","12216","2026-05-14 22:14:01"
".venv\Lib\site-packages\pip\_vendor\pyproject_hooks\py.typed","0","2026-05-14 22:14:01"
".venv\Lib\site-packages\pip\_vendor\requests\__init__.py","5057","2026-05-14 22:14:01"
".venv\Lib\site-packages\pip\_vendor\requests\__version__.py","435","2026-05-14 22:14:01"
".venv\Lib\site-packages\pip\_vendor\requests\_internal_utils.py","1495","2026-05-14 22:14:01"
".venv\Lib\site-packages\pip\_vendor\requests\adapters.py","27607","2026-05-14 22:14:01"
".venv\Lib\site-packages\pip\_vendor\requests\api.py","6449","2026-05-14 22:14:01"
".venv\Lib\site-packages\pip\_vendor\requests\auth.py","10186","2026-05-14 22:14:01"
".venv\Lib\site-packages\pip\_vendor\requests\certs.py","441","2026-05-14 22:14:01"
".venv\Lib\site-packages\pip\_vendor\requests\compat.py","1485","2026-05-14 22:14:01"
".venv\Lib\site-packages\pip\_vendor\requests\cookies.py","18590","2026-05-14 22:14:01"
".venv\Lib\site-packages\pip\_vendor\requests\exceptions.py","4272","2026-05-14 22:14:01"
".venv\Lib\site-packages\pip\_vendor\requests\help.py","3813","2026-05-14 22:14:01"
".venv\Lib\site-packages\pip\_vendor\requests\hooks.py","733","2026-05-14 22:14:01"
".venv\Lib\site-packages\pip\_vendor\requests\models.py","35483","2026-05-14 22:14:01"
".venv\Lib\site-packages\pip\_vendor\requests\packages.py","1057","2026-05-14 22:14:01"
".venv\Lib\site-packages\pip\_vendor\requests\sessions.py","30495","2026-05-14 22:14:01"
".venv\Lib\site-packages\pip\_vendor\requests\status_codes.py","4322","2026-05-14 22:14:01"
".venv\Lib\site-packages\pip\_vendor\requests\structures.py","2912","2026-05-14 22:14:01"
".venv\Lib\site-packages\pip\_vendor\requests\utils.py","33631","2026-05-14 22:14:01"
".venv\Lib\site-packages\pip\_vendor\resolvelib\__init__.py","537","2026-05-14 22:14:01"
".venv\Lib\site-packages\pip\_vendor\resolvelib\compat\__init__.py","0","2026-05-14 22:14:01"
".venv\Lib\site-packages\pip\_vendor\resolvelib\compat\collections_abc.py","156","2026-05-14 22:14:01"
".venv\Lib\site-packages\pip\_vendor\resolvelib\providers.py","5871","2026-05-14 22:14:01"
".venv\Lib\site-packages\pip\_vendor\resolvelib\py.typed","0","2026-05-14 22:14:01"
".venv\Lib\site-packages\pip\_vendor\resolvelib\reporters.py","1601","2026-05-14 22:14:01"
".venv\Lib\site-packages\pip\_vendor\resolvelib\resolvers.py","20511","2026-05-14 22:14:01"
".venv\Lib\site-packages\pip\_vendor\resolvelib\structs.py","4963","2026-05-14 22:14:01"
".venv\Lib\site-packages\pip\_vendor\rich\__init__.py","6090","2026-05-14 22:14:01"
".venv\Lib\site-packages\pip\_vendor\rich\__main__.py","8477","2026-05-14 22:14:01"
".venv\Lib\site-packages\pip\_vendor\rich\_cell_widths.py","10209","2026-05-14 22:14:01"
".venv\Lib\site-packages\pip\_vendor\rich\_emoji_codes.py","140235","2026-05-14 22:14:01"
".venv\Lib\site-packages\pip\_vendor\rich\_emoji_replace.py","1064","2026-05-14 22:14:01"
".venv\Lib\site-packages\pip\_vendor\rich\_export_format.py","2128","2026-05-14 22:14:01"
".venv\Lib\site-packages\pip\_vendor\rich\_extension.py","265","2026-05-14 22:14:01"
".venv\Lib\site-packages\pip\_vendor\rich\_fileno.py","799","2026-05-14 22:14:01"
".venv\Lib\site-packages\pip\_vendor\rich\_inspect.py","9655","2026-05-14 22:14:01"
".venv\Lib\site-packages\pip\_vendor\rich\_log_render.py","3225","2026-05-14 22:14:01"
".venv\Lib\site-packages\pip\_vendor\rich\_loop.py","1236","2026-05-14 22:14:01"
".venv\Lib\site-packages\pip\_vendor\rich\_null_file.py","1394","2026-05-14 22:14:01"
".venv\Lib\site-packages\pip\_vendor\rich\_palettes.py","7063","2026-05-14 22:14:01"
".venv\Lib\site-packages\pip\_vendor\rich\_pick.py","423","2026-05-14 22:14:01"
".venv\Lib\site-packages\pip\_vendor\rich\_ratio.py","5471","2026-05-14 22:14:01"
".venv\Lib\site-packages\pip\_vendor\rich\_spinners.py","19919","2026-05-14 22:14:01"
".venv\Lib\site-packages\pip\_vendor\rich\_stack.py","351","2026-05-14 22:14:01"
".venv\Lib\site-packages\pip\_vendor\rich\_timer.py","417","2026-05-14 22:14:01"
".venv\Lib\site-packages\pip\_vendor\rich\_win32_console.py","22755","2026-05-14 22:14:01"
".venv\Lib\site-packages\pip\_vendor\rich\_windows_renderer.py","2783","2026-05-14 22:14:01"
".venv\Lib\site-packages\pip\_vendor\rich\_windows.py","1925","2026-05-14 22:14:01"
".venv\Lib\site-packages\pip\_vendor\rich\_wrap.py","3404","2026-05-14 22:14:01"
".venv\Lib\site-packages\pip\_vendor\rich\abc.py","890","2026-05-14 22:14:01"
".venv\Lib\site-packages\pip\_vendor\rich\align.py","10469","2026-05-14 22:14:01"
".venv\Lib\site-packages\pip\_vendor\rich\ansi.py","6921","2026-05-14 22:14:01"
".venv\Lib\site-packages\pip\_vendor\rich\bar.py","3263","2026-05-14 22:14:01"
".venv\Lib\site-packages\pip\_vendor\rich\box.py","10831","2026-05-14 22:14:01"
".venv\Lib\site-packages\pip\_vendor\rich\cells.py","5130","2026-05-14 22:14:01"
".venv\Lib\site-packages\pip\_vendor\rich\color_triplet.py","1054","2026-05-14 22:14:01"
".venv\Lib\site-packages\pip\_vendor\rich\color.py","18211","2026-05-14 22:14:01"
".venv\Lib\site-packages\pip\_vendor\rich\columns.py","7131","2026-05-14 22:14:01"
".venv\Lib\site-packages\pip\_vendor\rich\console.py","100156","2026-05-14 22:14:01"
".venv\Lib\site-packages\pip\_vendor\rich\constrain.py","1288","2026-05-14 22:14:01"
".venv\Lib\site-packages\pip\_vendor\rich\containers.py","5502","2026-05-14 22:14:01"
".venv\Lib\site-packages\pip\_vendor\rich\control.py","6630","2026-05-14 22:14:01"
".venv\Lib\site-packages\pip\_vendor\rich\default_styles.py","8159","2026-05-14 22:14:01"
".venv\Lib\site-packages\pip\_vendor\rich\diagnose.py","972","2026-05-14 22:14:01"
".venv\Lib\site-packages\pip\_vendor\rich\emoji.py","2501","2026-05-14 22:14:01"
".venv\Lib\site-packages\pip\_vendor\rich\errors.py","642","2026-05-14 22:14:01"
".venv\Lib\site-packages\pip\_vendor\rich\file_proxy.py","1683","2026-05-14 22:14:01"
".venv\Lib\site-packages\pip\_vendor\rich\filesize.py","2484","2026-05-14 22:14:01"
".venv\Lib\site-packages\pip\_vendor\rich\highlighter.py","9586","2026-05-14 22:14:01"
".venv\Lib\site-packages\pip\_vendor\rich\json.py","5031","2026-05-14 22:14:01"
".venv\Lib\site-packages\pip\_vendor\rich\jupyter.py","3252","2026-05-14 22:14:01"
".venv\Lib\site-packages\pip\_vendor\rich\layout.py","14004","2026-05-14 22:14:01"
".venv\Lib\site-packages\pip\_vendor\rich\live_render.py","3666","2026-05-14 22:14:01"
".venv\Lib\site-packages\pip\_vendor\rich\live.py","14270","2026-05-14 22:14:01"
".venv\Lib\site-packages\pip\_vendor\rich\logging.py","12458","2026-05-14 22:14:01"
".venv\Lib\site-packages\pip\_vendor\rich\markup.py","8451","2026-05-14 22:14:01"
".venv\Lib\site-packages\pip\_vendor\rich\measure.py","5305","2026-05-14 22:14:01"
".venv\Lib\site-packages\pip\_vendor\rich\padding.py","4908","2026-05-14 22:14:01"
".venv\Lib\site-packages\pip\_vendor\rich\pager.py","828","2026-05-14 22:14:01"
".venv\Lib\site-packages\pip\_vendor\rich\palette.py","3396","2026-05-14 22:14:01"
".venv\Lib\site-packages\pip\_vendor\rich\panel.py","11235","2026-05-14 22:14:01"
".venv\Lib\site-packages\pip\_vendor\rich\pretty.py","36391","2026-05-14 22:14:01"
".venv\Lib\site-packages\pip\_vendor\rich\progress_bar.py","8162","2026-05-14 22:14:01"
".venv\Lib\site-packages\pip\_vendor\rich\progress.py","60357","2026-05-14 22:14:01"
".venv\Lib\site-packages\pip\_vendor\rich\prompt.py","12447","2026-05-14 22:14:01"
".venv\Lib\site-packages\pip\_vendor\rich\protocol.py","1391","2026-05-14 22:14:01"
".venv\Lib\site-packages\pip\_vendor\rich\py.typed","0","2026-05-14 22:14:01"
".venv\Lib\site-packages\pip\_vendor\rich\region.py","166","2026-05-14 22:14:01"
".venv\Lib\site-packages\pip\_vendor\rich\repr.py","4431","2026-05-14 22:14:01"
".venv\Lib\site-packages\pip\_vendor\rich\rule.py","4602","2026-05-14 22:14:01"
".venv\Lib\site-packages\pip\_vendor\rich\scope.py","2843","2026-05-14 22:14:01"
".venv\Lib\site-packages\pip\_vendor\rich\screen.py","1591","2026-05-14 22:14:01"
".venv\Lib\site-packages\pip\_vendor\rich\segment.py","24743","2026-05-14 22:14:01"
".venv\Lib\site-packages\pip\_vendor\rich\spinner.py","4364","2026-05-14 22:14:01"
".venv\Lib\site-packages\pip\_vendor\rich\status.py","4424","2026-05-14 22:14:01"
".venv\Lib\site-packages\pip\_vendor\rich\style.py","27067","2026-05-14 22:14:01"
".venv\Lib\site-packages\pip\_vendor\rich\styled.py","1258","2026-05-14 22:14:01"
".venv\Lib\site-packages\pip\_vendor\rich\syntax.py","35763","2026-05-14 22:14:01"
".venv\Lib\site-packages\pip\_vendor\rich\table.py","40103","2026-05-14 22:14:01"
".venv\Lib\site-packages\pip\_vendor\rich\terminal_theme.py","3370","2026-05-14 22:14:01"
".venv\Lib\site-packages\pip\_vendor\rich\text.py","47552","2026-05-14 22:14:01"
".venv\Lib\site-packages\pip\_vendor\rich\theme.py","3771","2026-05-14 22:14:01"
".venv\Lib\site-packages\pip\_vendor\rich\themes.py","102","2026-05-14 22:14:01"
".venv\Lib\site-packages\pip\_vendor\rich\traceback.py","31797","2026-05-14 22:14:01"
".venv\Lib\site-packages\pip\_vendor\rich\tree.py","9451","2026-05-14 22:14:01"
".venv\Lib\site-packages\pip\_vendor\tomli\__init__.py","314","2026-05-14 22:14:01"
".venv\Lib\site-packages\pip\_vendor\tomli\_parser.py","25591","2026-05-14 22:14:01"
".venv\Lib\site-packages\pip\_vendor\tomli\_re.py","3171","2026-05-14 22:14:01"
".venv\Lib\site-packages\pip\_vendor\tomli\_types.py","254","2026-05-14 22:14:01"
".venv\Lib\site-packages\pip\_vendor\tomli\py.typed","26","2026-05-14 22:14:01"
".venv\Lib\site-packages\pip\_vendor\truststore\__init__.py","1264","2026-05-14 22:14:01"
".venv\Lib\site-packages\pip\_vendor\truststore\_api.py","10555","2026-05-14 22:14:01"
".venv\Lib\site-packages\pip\_vendor\truststore\_macos.py","20503","2026-05-14 22:14:01"
".venv\Lib\site-packages\pip\_vendor\truststore\_openssl.py","2324","2026-05-14 22:14:01"
".venv\Lib\site-packages\pip\_vendor\truststore\_ssl_constants.py","1130","2026-05-14 22:14:01"
".venv\Lib\site-packages\pip\_vendor\truststore\_windows.py","17993","2026-05-14 22:14:01"
".venv\Lib\site-packages\pip\_vendor\truststore\py.typed","0","2026-05-14 22:14:01"
".venv\Lib\site-packages\pip\_vendor\typing_extensions.py","134499","2026-05-14 22:14:00"
".venv\Lib\site-packages\pip\_vendor\urllib3\__init__.py","3333","2026-05-14 22:14:01"
".venv\Lib\site-packages\pip\_vendor\urllib3\_collections.py","11372","2026-05-14 22:14:01"
".venv\Lib\site-packages\pip\_vendor\urllib3\_version.py","64","2026-05-14 22:14:01"
".venv\Lib\site-packages\pip\_vendor\urllib3\connection.py","20314","2026-05-14 22:14:01"
".venv\Lib\site-packages\pip\_vendor\urllib3\connectionpool.py","40408","2026-05-14 22:14:01"
".venv\Lib\site-packages\pip\_vendor\urllib3\contrib\__init__.py","0","2026-05-14 22:14:01"
".venv\Lib\site-packages\pip\_vendor\urllib3\contrib\_appengine_environ.py","957","2026-05-14 22:14:01"
".venv\Lib\site-packages\pip\_vendor\urllib3\contrib\_securetransport\__init__.py","0","2026-05-14 22:14:01"
".venv\Lib\site-packages\pip\_vendor\urllib3\contrib\_securetransport\bindings.py","17632","2026-05-14 22:14:01"
".venv\Lib\site-packages\pip\_vendor\urllib3\contrib\_securetransport\low_level.py","13922","2026-05-14 22:14:01"
".venv\Lib\site-packages\pip\_vendor\urllib3\contrib\appengine.py","11036","2026-05-14 22:14:01"
".venv\Lib\site-packages\pip\_vendor\urllib3\contrib\ntlmpool.py","4528","2026-05-14 22:14:01"
".venv\Lib\site-packages\pip\_vendor\urllib3\contrib\pyopenssl.py","17081","2026-05-14 22:14:01"
".venv\Lib\site-packages\pip\_vendor\urllib3\contrib\securetransport.py","34446","2026-05-14 22:14:01"
".venv\Lib\site-packages\pip\_vendor\urllib3\contrib\socks.py","7097","2026-05-14 22:14:01"
".venv\Lib\site-packages\pip\_vendor\urllib3\exceptions.py","8217","2026-05-14 22:14:01"
".venv\Lib\site-packages\pip\_vendor\urllib3\fields.py","8579","2026-05-14 22:14:01"
".venv\Lib\site-packages\pip\_vendor\urllib3\filepost.py","2440","2026-05-14 22:14:01"
".venv\Lib\site-packages\pip\_vendor\urllib3\packages\__init__.py","0","2026-05-14 22:14:01"
".venv\Lib\site-packages\pip\_vendor\urllib3\packages\backports\__init__.py","0","2026-05-14 22:14:01"
".venv\Lib\site-packages\pip\_vendor\urllib3\packages\backports\makefile.py","1417","2026-05-14 22:14:01"
".venv\Lib\site-packages\pip\_vendor\urllib3\packages\backports\weakref_finalize.py","5343","2026-05-14 22:14:01"
".venv\Lib\site-packages\pip\_vendor\urllib3\packages\six.py","34665","2026-05-14 22:14:01"
".venv\Lib\site-packages\pip\_vendor\urllib3\poolmanager.py","19990","2026-05-14 22:14:01"
".venv\Lib\site-packages\pip\_vendor\urllib3\request.py","6691","2026-05-14 22:14:01"
".venv\Lib\site-packages\pip\_vendor\urllib3\response.py","30641","2026-05-14 22:14:01"
".venv\Lib\site-packages\pip\_vendor\urllib3\util\__init__.py","1155","2026-05-14 22:14:01"
".venv\Lib\site-packages\pip\_vendor\urllib3\util\connection.py","4901","2026-05-14 22:14:01"
".venv\Lib\site-packages\pip\_vendor\urllib3\util\proxy.py","1605","2026-05-14 22:14:01"
".venv\Lib\site-packages\pip\_vendor\urllib3\util\queue.py","498","2026-05-14 22:14:01"
".venv\Lib\site-packages\pip\_vendor\urllib3\util\request.py","3997","2026-05-14 22:14:01"
".venv\Lib\site-packages\pip\_vendor\urllib3\util\response.py","3510","2026-05-14 22:14:01"
".venv\Lib\site-packages\pip\_vendor\urllib3\util\retry.py","22050","2026-05-14 22:14:01"
".venv\Lib\site-packages\pip\_vendor\urllib3\util\ssl_.py","17460","2026-05-14 22:14:01"
".venv\Lib\site-packages\pip\_vendor\urllib3\util\ssl_match_hostname.py","5758","2026-05-14 22:14:01"
".venv\Lib\site-packages\pip\_vendor\urllib3\util\ssltransport.py","6895","2026-05-14 22:14:01"
".venv\Lib\site-packages\pip\_vendor\urllib3\util\timeout.py","10168","2026-05-14 22:14:01"
".venv\Lib\site-packages\pip\_vendor\urllib3\util\url.py","14296","2026-05-14 22:14:01"
".venv\Lib\site-packages\pip\_vendor\urllib3\util\wait.py","5403","2026-05-14 22:14:01"
".venv\Lib\site-packages\pip\_vendor\vendor.txt","333","2026-05-14 22:14:00"
".venv\Lib\site-packages\pip\py.typed","286","2026-05-14 22:14:00"
".venv\Lib\site-packages\pluggy-1.6.0.dist-info\INSTALLER","4","2026-05-14 22:14:50"
".venv\Lib\site-packages\pluggy-1.6.0.dist-info\licenses\LICENSE","1110","2026-05-14 22:14:50"
".venv\Lib\site-packages\pluggy-1.6.0.dist-info\METADATA","4811","2026-05-14 22:14:50"
".venv\Lib\site-packages\pluggy-1.6.0.dist-info\RECORD","1530","2026-05-14 22:14:50"
".venv\Lib\site-packages\pluggy-1.6.0.dist-info\top_level.txt","7","2026-05-14 22:14:50"
".venv\Lib\site-packages\pluggy-1.6.0.dist-info\WHEEL","91","2026-05-14 22:14:50"
".venv\Lib\site-packages\pluggy\__init__.py","811","2026-05-14 22:14:50"
".venv\Lib\site-packages\pluggy\_callers.py","5991","2026-05-14 22:14:50"
".venv\Lib\site-packages\pluggy\_hooks.py","25218","2026-05-14 22:14:50"
".venv\Lib\site-packages\pluggy\_manager.py","20219","2026-05-14 22:14:50"
".venv\Lib\site-packages\pluggy\_result.py","3098","2026-05-14 22:14:50"
".venv\Lib\site-packages\pluggy\_tracing.py","2073","2026-05-14 22:14:50"
".venv\Lib\site-packages\pluggy\_version.py","511","2026-05-14 22:14:50"
".venv\Lib\site-packages\pluggy\_warnings.py","828","2026-05-14 22:14:50"
".venv\Lib\site-packages\pluggy\py.typed","0","2026-05-14 22:14:50"
".venv\Lib\site-packages\py.py","329","2026-05-14 22:15:20"
".venv\Lib\site-packages\pygments-2.20.0.dist-info\entry_points.txt","53","2026-05-14 22:14:46"
".venv\Lib\site-packages\pygments-2.20.0.dist-info\INSTALLER","4","2026-05-14 22:14:50"
".venv\Lib\site-packages\pygments-2.20.0.dist-info\licenses\AUTHORS","10873","2026-05-14 22:14:46"
".venv\Lib\site-packages\pygments-2.20.0.dist-info\licenses\LICENSE","1331","2026-05-14 22:14:46"
".venv\Lib\site-packages\pygments-2.20.0.dist-info\METADATA","2476","2026-05-14 22:14:46"
".venv\Lib\site-packages\pygments-2.20.0.dist-info\RECORD","47571","2026-05-14 22:14:50"
".venv\Lib\site-packages\pygments-2.20.0.dist-info\WHEEL","87","2026-05-14 22:14:46"
".venv\Lib\site-packages\pygments\__init__.py","2962","2026-05-14 22:14:44"
".venv\Lib\site-packages\pygments\__main__.py","351","2026-05-14 22:14:44"
".venv\Lib\site-packages\pygments\cmdline.py","23542","2026-05-14 22:14:44"
".venv\Lib\site-packages\pygments\console.py","1721","2026-05-14 22:14:44"
".venv\Lib\site-packages\pygments\filter.py","1913","2026-05-14 22:14:44"
".venv\Lib\site-packages\pygments\filters\__init__.py","40349","2026-05-14 22:14:44"
".venv\Lib\site-packages\pygments\formatter.py","4369","2026-05-14 22:14:44"
".venv\Lib\site-packages\pygments\formatters\__init__.py","5352","2026-05-14 22:14:44"
".venv\Lib\site-packages\pygments\formatters\_mapping.py","4176","2026-05-14 22:14:44"
".venv\Lib\site-packages\pygments\formatters\bbcode.py","3299","2026-05-14 22:14:44"
".venv\Lib\site-packages\pygments\formatters\groff.py","5085","2026-05-14 22:14:44"
".venv\Lib\site-packages\pygments\formatters\html.py","36053","2026-05-14 22:14:44"
".venv\Lib\site-packages\pygments\formatters\img.py","23304","2026-05-14 22:14:44"
".venv\Lib\site-packages\pygments\formatters\irc.py","4907","2026-05-14 22:14:44"
".venv\Lib\site-packages\pygments\formatters\latex.py","19261","2026-05-14 22:14:44"
".venv\Lib\site-packages\pygments\formatters\other.py","4989","2026-05-14 22:14:44"
".venv\Lib\site-packages\pygments\formatters\pangomarkup.py","2209","2026-05-14 22:14:44"
".venv\Lib\site-packages\pygments\formatters\rtf.py","11924","2026-05-14 22:14:44"
".venv\Lib\site-packages\pygments\formatters\svg.py","7141","2026-05-14 22:14:44"
".venv\Lib\site-packages\pygments\formatters\terminal.py","4629","2026-05-14 22:14:44"
".venv\Lib\site-packages\pygments\formatters\terminal256.py","11717","2026-05-14 22:14:44"
".venv\Lib\site-packages\pygments\lexer.py","35154","2026-05-14 22:14:44"
".venv\Lib\site-packages\pygments\lexers\__init__.py","12070","2026-05-14 22:14:44"
".venv\Lib\site-packages\pygments\lexers\_ada_builtins.py","1546","2026-05-14 22:14:44"
".venv\Lib\site-packages\pygments\lexers\_asy_builtins.py","27290","2026-05-14 22:14:44"
".venv\Lib\site-packages\pygments\lexers\_cl_builtins.py","13997","2026-05-14 22:14:44"
".venv\Lib\site-packages\pygments\lexers\_cocoa_builtins.py","105176","2026-05-14 22:14:44"
".venv\Lib\site-packages\pygments\lexers\_csound_builtins.py","18417","2026-05-14 22:14:44"
".venv\Lib\site-packages\pygments\lexers\_css_builtins.py","12449","2026-05-14 22:14:44"
".venv\Lib\site-packages\pygments\lexers\_googlesql_builtins.py","16135","2026-05-14 22:14:44"
".venv\Lib\site-packages\pygments\lexers\_julia_builtins.py","11886","2026-05-14 22:14:44"
".venv\Lib\site-packages\pygments\lexers\_lasso_builtins.py","134513","2026-05-14 22:14:44"
".venv\Lib\site-packages\pygments\lexers\_lilypond_builtins.py","115114","2026-05-14 22:14:44"
".venv\Lib\site-packages\pygments\lexers\_lua_builtins.py","8111","2026-05-14 22:14:44"
".venv\Lib\site-packages\pygments\lexers\_luau_builtins.py","958","2026-05-14 22:14:44"
".venv\Lib\site-packages\pygments\lexers\_mapping.py","70758","2026-05-14 22:14:44"
".venv\Lib\site-packages\pygments\lexers\_mql_builtins.py","24716","2026-05-14 22:14:44"
".venv\Lib\site-packages\pygments\lexers\_mysql_builtins.py","26876","2026-05-14 22:14:44"
".venv\Lib\site-packages\pygments\lexers\_openedge_builtins.py","49401","2026-05-14 22:14:44"
".venv\Lib\site-packages\pygments\lexers\_php_builtins.py","108054","2026-05-14 22:14:44"
".venv\Lib\site-packages\pygments\lexers\_postgres_builtins.py","13346","2026-05-14 22:14:44"
".venv\Lib\site-packages\pygments\lexers\_qlik_builtins.py","12598","2026-05-14 22:14:44"
".venv\Lib\site-packages\pygments\lexers\_scheme_builtins.py","32567","2026-05-14 22:14:44"
".venv\Lib\site-packages\pygments\lexers\_scilab_builtins.py","52414","2026-05-14 22:14:44"
".venv\Lib\site-packages\pygments\lexers\_sourcemod_builtins.py","26780","2026-05-14 22:14:44"
".venv\Lib\site-packages\pygments\lexers\_sql_builtins.py","6770","2026-05-14 22:14:44"
".venv\Lib\site-packages\pygments\lexers\_stan_builtins.py","16623","2026-05-14 22:14:44"
".venv\Lib\site-packages\pygments\lexers\_stata_builtins.py","27230","2026-05-14 22:14:44"
".venv\Lib\site-packages\pygments\lexers\_tsql_builtins.py","15463","2026-05-14 22:14:44"
".venv\Lib\site-packages\pygments\lexers\_usd_builtins.py","1661","2026-05-14 22:14:45"
".venv\Lib\site-packages\pygments\lexers\_vbscript_builtins.py","4228","2026-05-14 22:14:45"
".venv\Lib\site-packages\pygments\lexers\_vim_builtins.py","57069","2026-05-14 22:14:45"
".venv\Lib\site-packages\pygments\lexers\actionscript.py","11737","2026-05-14 22:14:45"
".venv\Lib\site-packages\pygments\lexers\ada.py","5356","2026-05-14 22:14:45"
".venv\Lib\site-packages\pygments\lexers\agile.py","899","2026-05-14 22:14:45"
".venv\Lib\site-packages\pygments\lexers\algebra.py","10032","2026-05-14 22:14:45"
".venv\Lib\site-packages\pygments\lexers\ambient.py","2608","2026-05-14 22:14:45"
".venv\Lib\site-packages\pygments\lexers\amdgpu.py","1726","2026-05-14 22:14:45"
".venv\Lib\site-packages\pygments\lexers\ampl.py","4179","2026-05-14 22:14:45"
".venv\Lib\site-packages\pygments\lexers\apdlexer.py","30803","2026-05-14 22:14:45"
".venv\Lib\site-packages\pygments\lexers\apl.py","3407","2026-05-14 22:14:45"
".venv\Lib\site-packages\pygments\lexers\archetype.py","11577","2026-05-14 22:14:45"
".venv\Lib\site-packages\pygments\lexers\arrow.py","3567","2026-05-14 22:14:45"
".venv\Lib\site-packages\pygments\lexers\arturo.py","11417","2026-05-14 22:14:45"
".venv\Lib\site-packages\pygments\lexers\asc.py","1696","2026-05-14 22:14:45"
".venv\Lib\site-packages\pygments\lexers\asm.py","42219","2026-05-14 22:14:45"
".venv\Lib\site-packages\pygments\lexers\asn1.py","4267","2026-05-14 22:14:45"
".venv\Lib\site-packages\pygments\lexers\automation.py","19834","2026-05-14 22:14:45"
".venv\Lib\site-packages\pygments\lexers\bare.py","3023","2026-05-14 22:14:45"
".venv\Lib\site-packages\pygments\lexers\basic.py","27992","2026-05-14 22:14:45"
".venv\Lib\site-packages\pygments\lexers\bdd.py","1644","2026-05-14 22:14:45"
".venv\Lib\site-packages\pygments\lexers\berry.py","3212","2026-05-14 22:14:45"
".venv\Lib\site-packages\pygments\lexers\bibtex.py","4814","2026-05-14 22:14:45"
".venv\Lib\site-packages\pygments\lexers\blueprint.py","6191","2026-05-14 22:14:45"
".venv\Lib\site-packages\pygments\lexers\boa.py","3924","2026-05-14 22:14:45"
".venv\Lib\site-packages\pygments\lexers\bqn.py","3674","2026-05-14 22:14:45"
".venv\Lib\site-packages\pygments\lexers\business.py","28348","2026-05-14 22:14:45"
".venv\Lib\site-packages\pygments\lexers\c_cpp.py","18321","2026-05-14 22:14:45"
".venv\Lib\site-packages\pygments\lexers\c_like.py","32024","2026-05-14 22:14:45"
".venv\Lib\site-packages\pygments\lexers\capnproto.py","2177","2026-05-14 22:14:45"
".venv\Lib\site-packages\pygments\lexers\carbon.py","3214","2026-05-14 22:14:45"
".venv\Lib\site-packages\pygments\lexers\cddl.py","5079","2026-05-14 22:14:45"
".venv\Lib\site-packages\pygments\lexers\chapel.py","5159","2026-05-14 22:14:45"
".venv\Lib\site-packages\pygments\lexers\clean.py","6421","2026-05-14 22:14:45"
".venv\Lib\site-packages\pygments\lexers\codeql.py","2579","2026-05-14 22:14:45"
".venv\Lib\site-packages\pygments\lexers\comal.py","3182","2026-05-14 22:14:45"
".venv\Lib\site-packages\pygments\lexers\compiled.py","1429","2026-05-14 22:14:45"
".venv\Lib\site-packages\pygments\lexers\configs.py","50925","2026-05-14 22:14:45"
".venv\Lib\site-packages\pygments\lexers\console.py","4183","2026-05-14 22:14:45"
".venv\Lib\site-packages\pygments\lexers\cplint.py","1392","2026-05-14 22:14:45"
".venv\Lib\site-packages\pygments\lexers\crystal.py","15757","2026-05-14 22:14:45"
".venv\Lib\site-packages\pygments\lexers\csound.py","17001","2026-05-14 22:14:45"
".venv\Lib\site-packages\pygments\lexers\css.py","26439","2026-05-14 22:14:45"
".venv\Lib\site-packages\pygments\lexers\d.py","9923","2026-05-14 22:14:45"
".venv\Lib\site-packages\pygments\lexers\dalvik.py","4609","2026-05-14 22:14:45"
".venv\Lib\site-packages\pygments\lexers\data.py","27049","2026-05-14 22:14:45"
".venv\Lib\site-packages\pygments\lexers\dax.py","8101","2026-05-14 22:14:45"
".venv\Lib\site-packages\pygments\lexers\devicetree.py","4826","2026-05-14 22:14:45"
".venv\Lib\site-packages\pygments\lexers\diff.py","5385","2026-05-14 22:14:45"
".venv\Lib\site-packages\pygments\lexers\dns.py","3894","2026-05-14 22:14:45"
".venv\Lib\site-packages\pygments\lexers\dotnet.py","39444","2026-05-14 22:14:45"
".venv\Lib\site-packages\pygments\lexers\dsls.py","36753","2026-05-14 22:14:45"
".venv\Lib\site-packages\pygments\lexers\dylan.py","10412","2026-05-14 22:14:45"
".venv\Lib\site-packages\pygments\lexers\ecl.py","6374","2026-05-14 22:14:45"
".venv\Lib\site-packages\pygments\lexers\eiffel.py","2693","2026-05-14 22:14:45"
".venv\Lib\site-packages\pygments\lexers\elm.py","3155","2026-05-14 22:14:45"
".venv\Lib\site-packages\pygments\lexers\elpi.py","7904","2026-05-14 22:14:45"
".venv\Lib\site-packages\pygments\lexers\email.py","4807","2026-05-14 22:14:45"
".venv\Lib\site-packages\pygments\lexers\erlang.py","19150","2026-05-14 22:14:45"
".venv\Lib\site-packages\pygments\lexers\esoteric.py","10503","2026-05-14 22:14:45"
".venv\Lib\site-packages\pygments\lexers\ezhil.py","3275","2026-05-14 22:14:45"
".venv\Lib\site-packages\pygments\lexers\factor.py","19533","2026-05-14 22:14:45"
".venv\Lib\site-packages\pygments\lexers\fantom.py","10234","2026-05-14 22:14:45"
".venv\Lib\site-packages\pygments\lexers\felix.py","9658","2026-05-14 22:14:45"
".venv\Lib\site-packages\pygments\lexers\fift.py","1647","2026-05-14 22:14:45"
".venv\Lib\site-packages\pygments\lexers\floscript.py","2670","2026-05-14 22:14:45"
".venv\Lib\site-packages\pygments\lexers\forth.py","7196","2026-05-14 22:14:45"
".venv\Lib\site-packages\pygments\lexers\fortran.py","10385","2026-05-14 22:14:45"
".venv\Lib\site-packages\pygments\lexers\foxpro.py","26298","2026-05-14 22:14:45"
".venv\Lib\site-packages\pygments\lexers\freefem.py","26916","2026-05-14 22:14:45"
".venv\Lib\site-packages\pygments\lexers\func.py","3703","2026-05-14 22:14:45"
".venv\Lib\site-packages\pygments\lexers\functional.py","697","2026-05-14 22:14:45"
".venv\Lib\site-packages\pygments\lexers\futhark.py","3746","2026-05-14 22:14:45"
".venv\Lib\site-packages\pygments\lexers\gcodelexer.py","877","2026-05-14 22:14:45"
".venv\Lib\site-packages\pygments\lexers\gdscript.py","7569","2026-05-14 22:14:45"
".venv\Lib\site-packages\pygments\lexers\gleam.py","2395","2026-05-14 22:14:45"
".venv\Lib\site-packages\pygments\lexers\go.py","3786","2026-05-14 22:14:45"
".venv\Lib\site-packages\pygments\lexers\grammar_notation.py","8046","2026-05-14 22:14:45"
".venv\Lib\site-packages\pygments\lexers\graph.py","4111","2026-05-14 22:14:45"
".venv\Lib\site-packages\pygments\lexers\graphics.py","39148","2026-05-14 22:14:45"
".venv\Lib\site-packages\pygments\lexers\graphql.py","5604","2026-05-14 22:14:45"
".venv\Lib\site-packages\pygments\lexers\graphviz.py","1937","2026-05-14 22:14:45"
".venv\Lib\site-packages\pygments\lexers\gsql.py","3993","2026-05-14 22:14:45"
".venv\Lib\site-packages\pygments\lexers\hare.py","2652","2026-05-14 22:14:45"
".venv\Lib\site-packages\pygments\lexers\haskell.py","33323","2026-05-14 22:14:45"
".venv\Lib\site-packages\pygments\lexers\haxe.py","31169","2026-05-14 22:14:45"
".venv\Lib\site-packages\pygments\lexers\hdl.py","22741","2026-05-14 22:14:45"
".venv\Lib\site-packages\pygments\lexers\hexdump.py","3656","2026-05-14 22:14:45"
".venv\Lib\site-packages\pygments\lexers\html.py","21999","2026-05-14 22:14:45"
".venv\Lib\site-packages\pygments\lexers\idl.py","15452","2026-05-14 22:14:45"
".venv\Lib\site-packages\pygments\lexers\igor.py","31636","2026-05-14 22:14:45"
".venv\Lib\site-packages\pygments\lexers\inferno.py","3138","2026-05-14 22:14:45"
".venv\Lib\site-packages\pygments\lexers\installers.py","14494","2026-05-14 22:14:45"
".venv\Lib\site-packages\pygments\lexers\int_fiction.py","56547","2026-05-14 22:14:45"
".venv\Lib\site-packages\pygments\lexers\iolang.py","1908","2026-05-14 22:14:45"
".venv\Lib\site-packages\pygments\lexers\j.py","4856","2026-05-14 22:14:45"
".venv\Lib\site-packages\pygments\lexers\javascript.py","63246","2026-05-14 22:14:45"
".venv\Lib\site-packages\pygments\lexers\jmespath.py","2085","2026-05-14 22:14:45"
".venv\Lib\site-packages\pygments\lexers\jslt.py","3703","2026-05-14 22:14:45"
".venv\Lib\site-packages\pygments\lexers\json5.py","2505","2026-05-14 22:14:45"
".venv\Lib\site-packages\pygments\lexers\jsonnet.py","5639","2026-05-14 22:14:45"
".venv\Lib\site-packages\pygments\lexers\jsx.py","2696","2026-05-14 22:14:45"
".venv\Lib\site-packages\pygments\lexers\julia.py","11713","2026-05-14 22:14:45"
".venv\Lib\site-packages\pygments\lexers\jvm.py","72936","2026-05-14 22:14:45"
".venv\Lib\site-packages\pygments\lexers\kuin.py","11408","2026-05-14 22:14:45"
".venv\Lib\site-packages\pygments\lexers\kusto.py","3480","2026-05-14 22:14:45"
".venv\Lib\site-packages\pygments\lexers\ldap.py","6554","2026-05-14 22:14:45"
".venv\Lib\site-packages\pygments\lexers\lean.py","8588","2026-05-14 22:14:45"
".venv\Lib\site-packages\pygments\lexers\lilypond.py","9755","2026-05-14 22:14:45"
".venv\Lib\site-packages\pygments\lexers\lisp.py","157903","2026-05-14 22:14:45"
".venv\Lib\site-packages\pygments\lexers\macaulay2.py","34139","2026-05-14 22:14:45"
".venv\Lib\site-packages\pygments\lexers\make.py","7834","2026-05-14 22:14:45"
".venv\Lib\site-packages\pygments\lexers\maple.py","7963","2026-05-14 22:14:45"
".venv\Lib\site-packages\pygments\lexers\markup.py","65264","2026-05-14 22:14:45"
".venv\Lib\site-packages\pygments\lexers\math.py","698","2026-05-14 22:14:45"
".venv\Lib\site-packages\pygments\lexers\matlab.py","133030","2026-05-14 22:14:45"
".venv\Lib\site-packages\pygments\lexers\maxima.py","2718","2026-05-14 22:14:45"
".venv\Lib\site-packages\pygments\lexers\meson.py","4345","2026-05-14 22:14:45"
".venv\Lib\site-packages\pygments\lexers\mime.py","7585","2026-05-14 22:14:45"
".venv\Lib\site-packages\pygments\lexers\minecraft.py","13701","2026-05-14 22:14:45"
".venv\Lib\site-packages\pygments\lexers\mips.py","4659","2026-05-14 22:14:45"
".venv\Lib\site-packages\pygments\lexers\ml.py","35393","2026-05-14 22:14:45"
".venv\Lib\site-packages\pygments\lexers\modeling.py","13764","2026-05-14 22:14:45"
".venv\Lib\site-packages\pygments\lexers\modula2.py","53075","2026-05-14 22:14:45"
".venv\Lib\site-packages\pygments\lexers\mojo.py","24236","2026-05-14 22:14:45"
".venv\Lib\site-packages\pygments\lexers\monte.py","6292","2026-05-14 22:14:45"
".venv\Lib\site-packages\pygments\lexers\mosel.py","9300","2026-05-14 22:14:45"
".venv\Lib\site-packages\pygments\lexers\ncl.py","64002","2026-05-14 22:14:45"
".venv\Lib\site-packages\pygments\lexers\nimrod.py","6416","2026-05-14 22:14:45"
".venv\Lib\site-packages\pygments\lexers\nit.py","2728","2026-05-14 22:14:45"
".venv\Lib\site-packages\pygments\lexers\nix.py","4424","2026-05-14 22:14:45"
".venv\Lib\site-packages\pygments\lexers\numbair.py","1761","2026-05-14 22:14:45"
".venv\Lib\site-packages\pygments\lexers\oberon.py","4216","2026-05-14 22:14:45"
".venv\Lib\site-packages\pygments\lexers\objective.py","23300","2026-05-14 22:14:45"
".venv\Lib\site-packages\pygments\lexers\ooc.py","3005","2026-05-14 22:14:45"
".venv\Lib\site-packages\pygments\lexers\openscad.py","3703","2026-05-14 22:14:45"
".venv\Lib\site-packages\pygments\lexers\other.py","1766","2026-05-14 22:14:45"
".venv\Lib\site-packages\pygments\lexers\parasail.py","2722","2026-05-14 22:14:45"
".venv\Lib\site-packages\pygments\lexers\parsers.py","26598","2026-05-14 22:14:45"
".venv\Lib\site-packages\pygments\lexers\pascal.py","30992","2026-05-14 22:14:45"
".venv\Lib\site-packages\pygments\lexers\pawn.py","8256","2026-05-14 22:14:45"
".venv\Lib\site-packages\pygments\lexers\pddl.py","2992","2026-05-14 22:14:45"
".venv\Lib\site-packages\pygments\lexers\perl.py","39195","2026-05-14 22:14:45"
".venv\Lib\site-packages\pygments\lexers\phix.py","23252","2026-05-14 22:14:45"
".venv\Lib\site-packages\pygments\lexers\php.py","13171","2026-05-14 22:14:45"
".venv\Lib\site-packages\pygments\lexers\pointless.py","1977","2026-05-14 22:14:45"
".venv\Lib\site-packages\pygments\lexers\pony.py","3282","2026-05-14 22:14:45"
".venv\Lib\site-packages\pygments\lexers\praat.py","12679","2026-05-14 22:14:45"
".venv\Lib\site-packages\pygments\lexers\procfile.py","1158","2026-05-14 22:14:45"
".venv\Lib\site-packages\pygments\lexers\prolog.py","12869","2026-05-14 22:14:45"
".venv\Lib\site-packages\pygments\lexers\promql.py","4741","2026-05-14 22:14:45"
".venv\Lib\site-packages\pygments\lexers\prql.py","8750","2026-05-14 22:14:45"
".venv\Lib\site-packages\pygments\lexers\ptx.py","4504","2026-05-14 22:14:45"
".venv\Lib\site-packages\pygments\lexers\python.py","54202","2026-05-14 22:14:45"
".venv\Lib\site-packages\pygments\lexers\q.py","6939","2026-05-14 22:14:45"
".venv\Lib\site-packages\pygments\lexers\qlik.py","3696","2026-05-14 22:14:45"
".venv\Lib\site-packages\pygments\lexers\qvt.py","6106","2026-05-14 22:14:45"
".venv\Lib\site-packages\pygments\lexers\r.py","6477","2026-05-14 22:14:45"
".venv\Lib\site-packages\pygments\lexers\rdf.py","16063","2026-05-14 22:14:45"
".venv\Lib\site-packages\pygments\lexers\rebol.py","18262","2026-05-14 22:14:45"
".venv\Lib\site-packages\pygments\lexers\rego.py","1751","2026-05-14 22:14:45"
".venv\Lib\site-packages\pygments\lexers\rell.py","2487","2026-05-14 22:14:45"
".venv\Lib\site-packages\pygments\lexers\resource.py","2930","2026-05-14 22:14:45"
".venv\Lib\site-packages\pygments\lexers\ride.py","5038","2026-05-14 22:14:45"
".venv\Lib\site-packages\pygments\lexers\rita.py","1130","2026-05-14 22:14:45"
".venv\Lib\site-packages\pygments\lexers\rnc.py","1975","2026-05-14 22:14:45"
".venv\Lib\site-packages\pygments\lexers\roboconf.py","2077","2026-05-14 22:14:45"
".venv\Lib\site-packages\pygments\lexers\robotframework.py","18451","2026-05-14 22:14:45"
".venv\Lib\site-packages\pygments\lexers\ruby.py","22756","2026-05-14 22:14:45"
".venv\Lib\site-packages\pygments\lexers\rust.py","8263","2026-05-14 22:14:45"
".venv\Lib\site-packages\pygments\lexers\sas.py","9459","2026-05-14 22:14:45"
".venv\Lib\site-packages\pygments\lexers\savi.py","4881","2026-05-14 22:14:45"
".venv\Lib\site-packages\pygments\lexers\scdoc.py","2527","2026-05-14 22:14:45"
".venv\Lib\site-packages\pygments\lexers\scripting.py","82959","2026-05-14 22:14:45"
".venv\Lib\site-packages\pygments\lexers\sgf.py","1988","2026-05-14 22:14:45"
".venv\Lib\site-packages\pygments\lexers\shell.py","36384","2026-05-14 22:14:45"
".venv\Lib\site-packages\pygments\lexers\sieve.py","2517","2026-05-14 22:14:45"
".venv\Lib\site-packages\pygments\lexers\slash.py","8487","2026-05-14 22:14:45"
".venv\Lib\site-packages\pygments\lexers\smalltalk.py","7207","2026-05-14 22:14:45"
".venv\Lib\site-packages\pygments\lexers\smithy.py","2662","2026-05-14 22:14:45"
".venv\Lib\site-packages\pygments\lexers\smv.py","2808","2026-05-14 22:14:45"
".venv\Lib\site-packages\pygments\lexers\snobol.py","2781","2026-05-14 22:14:45"
".venv\Lib\site-packages\pygments\lexers\solidity.py","3166","2026-05-14 22:14:45"
".venv\Lib\site-packages\pygments\lexers\soong.py","2342","2026-05-14 22:14:45"
".venv\Lib\site-packages\pygments\lexers\sophia.py","3379","2026-05-14 22:14:45"
".venv\Lib\site-packages\pygments\lexers\special.py","3588","2026-05-14 22:14:45"
".venv\Lib\site-packages\pygments\lexers\spice.py","2801","2026-05-14 22:14:45"
".venv\Lib\site-packages\pygments\lexers\sql.py","41656","2026-05-14 22:14:45"
".venv\Lib\site-packages\pygments\lexers\srcinfo.py","1749","2026-05-14 22:14:45"
".venv\Lib\site-packages\pygments\lexers\stata.py","6418","2026-05-14 22:14:45"
".venv\Lib\site-packages\pygments\lexers\supercollider.py","3700","2026-05-14 22:14:45"
".venv\Lib\site-packages\pygments\lexers\tablegen.py","4012","2026-05-14 22:14:45"
".venv\Lib\site-packages\pygments\lexers\tact.py","10812","2026-05-14 22:14:45"
".venv\Lib\site-packages\pygments\lexers\tal.py","2907","2026-05-14 22:14:45"
".venv\Lib\site-packages\pygments\lexers\tcl.py","5515","2026-05-14 22:14:45"
".venv\Lib\site-packages\pygments\lexers\teal.py","3525","2026-05-14 22:14:45"
".venv\Lib\site-packages\pygments\lexers\templates.py","75734","2026-05-14 22:14:45"
".venv\Lib\site-packages\pygments\lexers\teraterm.py","10045","2026-05-14 22:14:45"
".venv\Lib\site-packages\pygments\lexers\testing.py","10813","2026-05-14 22:14:45"
".venv\Lib\site-packages\pygments\lexers\text.py","1071","2026-05-14 22:14:46"
".venv\Lib\site-packages\pygments\lexers\textedit.py","7763","2026-05-14 22:14:46"
".venv\Lib\site-packages\pygments\lexers\textfmts.py","15527","2026-05-14 22:14:46"
".venv\Lib\site-packages\pygments\lexers\theorem.py","17903","2026-05-14 22:14:46"
".venv\Lib\site-packages\pygments\lexers\thingsdb.py","6257","2026-05-14 22:14:46"
".venv\Lib\site-packages\pygments\lexers\tlb.py","1453","2026-05-14 22:14:46"
".venv\Lib\site-packages\pygments\lexers\tls.py","1543","2026-05-14 22:14:46"
".venv\Lib\site-packages\pygments\lexers\tnt.py","10459","2026-05-14 22:14:46"
".venv\Lib\site-packages\pygments\lexers\trafficscript.py","1509","2026-05-14 22:14:46"
".venv\Lib\site-packages\pygments\lexers\typoscript.py","8335","2026-05-14 22:14:46"
".venv\Lib\site-packages\pygments\lexers\typst.py","7170","2026-05-14 22:14:46"
".venv\Lib\site-packages\pygments\lexers\ul4.py","10502","2026-05-14 22:14:46"
".venv\Lib\site-packages\pygments\lexers\unicon.py","18628","2026-05-14 22:14:46"
".venv\Lib\site-packages\pygments\lexers\urbi.py","6085","2026-05-14 22:14:46"
".venv\Lib\site-packages\pygments\lexers\usd.py","3307","2026-05-14 22:14:46"
".venv\Lib\site-packages\pygments\lexers\varnish.py","7476","2026-05-14 22:14:46"
".venv\Lib\site-packages\pygments\lexers\verification.py","3937","2026-05-14 22:14:46"
".venv\Lib\site-packages\pygments\lexers\verifpal.py","2664","2026-05-14 22:14:46"
".venv\Lib\site-packages\pygments\lexers\vip.py","5714","2026-05-14 22:14:46"
".venv\Lib\site-packages\pygments\lexers\vyper.py","5618","2026-05-14 22:14:46"
".venv\Lib\site-packages\pygments\lexers\web.py","916","2026-05-14 22:14:46"
".venv\Lib\site-packages\pygments\lexers\webassembly.py","5701","2026-05-14 22:14:46"
".venv\Lib\site-packages\pygments\lexers\webidl.py","10519","2026-05-14 22:14:46"
".venv\Lib\site-packages\pygments\lexers\webmisc.py","40567","2026-05-14 22:14:46"
".venv\Lib\site-packages\pygments\lexers\wgsl.py","11883","2026-05-14 22:14:46"
".venv\Lib\site-packages\pygments\lexers\whiley.py","4020","2026-05-14 22:14:46"
".venv\Lib\site-packages\pygments\lexers\wowtoc.py","4079","2026-05-14 22:14:46"
".venv\Lib\site-packages\pygments\lexers\wren.py","3232","2026-05-14 22:14:46"
".venv\Lib\site-packages\pygments\lexers\x10.py","1946","2026-05-14 22:14:46"
".venv\Lib\site-packages\pygments\lexers\xorg.py","928","2026-05-14 22:14:46"
".venv\Lib\site-packages\pygments\lexers\yang.py","4502","2026-05-14 22:14:46"
".venv\Lib\site-packages\pygments\lexers\yara.py","2430","2026-05-14 22:14:46"
".venv\Lib\site-packages\pygments\lexers\zig.py","3975","2026-05-14 22:14:46"
".venv\Lib\site-packages\pygments\modeline.py","1008","2026-05-14 22:14:44"
".venv\Lib\site-packages\pygments\plugin.py","1928","2026-05-14 22:14:44"
".venv\Lib\site-packages\pygments\regexopt.py","3308","2026-05-14 22:14:44"
".venv\Lib\site-packages\pygments\scanner.py","3095","2026-05-14 22:14:44"
".venv\Lib\site-packages\pygments\sphinxext.py","7901","2026-05-14 22:14:44"
".venv\Lib\site-packages\pygments\style.py","6411","2026-05-14 22:14:44"
".venv\Lib\site-packages\pygments\styles\__init__.py","2009","2026-05-14 22:14:46"
".venv\Lib\site-packages\pygments\styles\_mapping.py","3312","2026-05-14 22:14:46"
".venv\Lib\site-packages\pygments\styles\abap.py","752","2026-05-14 22:14:46"
".venv\Lib\site-packages\pygments\styles\algol_nu.py","2286","2026-05-14 22:14:46"
".venv\Lib\site-packages\pygments\styles\algol.py","2265","2026-05-14 22:14:46"
".venv\Lib\site-packages\pygments\styles\arduino.py","4560","2026-05-14 22:14:46"
".venv\Lib\site-packages\pygments\styles\autumn.py","2198","2026-05-14 22:14:46"
".venv\Lib\site-packages\pygments\styles\borland.py","1614","2026-05-14 22:14:46"
".venv\Lib\site-packages\pygments\styles\bw.py","1409","2026-05-14 22:14:46"
".venv\Lib\site-packages\pygments\styles\coffee.py","2311","2026-05-14 22:14:46"
".venv\Lib\site-packages\pygments\styles\colorful.py","2835","2026-05-14 22:14:46"
".venv\Lib\site-packages\pygments\styles\default.py","2591","2026-05-14 22:14:46"
".venv\Lib\site-packages\pygments\styles\dracula.py","2185","2026-05-14 22:14:46"
".venv\Lib\site-packages\pygments\styles\emacs.py","2538","2026-05-14 22:14:46"
".venv\Lib\site-packages\pygments\styles\friendly_grayscale.py","2831","2026-05-14 22:14:46"
".venv\Lib\site-packages\pygments\styles\friendly.py","2607","2026-05-14 22:14:46"
".venv\Lib\site-packages\pygments\styles\fruity.py","1327","2026-05-14 22:14:46"
".venv\Lib\site-packages\pygments\styles\gh_dark.py","3593","2026-05-14 22:14:46"
".venv\Lib\site-packages\pygments\styles\gruvbox.py","3390","2026-05-14 22:14:46"
".venv\Lib\site-packages\pygments\styles\igor.py","740","2026-05-14 22:14:46"
".venv\Lib\site-packages\pygments\styles\inkpot.py","2407","2026-05-14 22:14:46"
".venv\Lib\site-packages\pygments\styles\lightbulb.py","3175","2026-05-14 22:14:46"
".venv\Lib\site-packages\pygments\styles\lilypond.py","2069","2026-05-14 22:14:46"
".venv\Lib\site-packages\pygments\styles\lovelace.py","3181","2026-05-14 22:14:46"
".venv\Lib\site-packages\pygments\styles\manni.py","2446","2026-05-14 22:14:46"
".venv\Lib\site-packages\pygments\styles\material.py","4204","2026-05-14 22:14:46"
".venv\Lib\site-packages\pygments\styles\monokai.py","5187","2026-05-14 22:14:46"
".venv\Lib\site-packages\pygments\styles\murphy.py","2808","2026-05-14 22:14:46"
".venv\Lib\site-packages\pygments\styles\native.py","2046","2026-05-14 22:14:46"
".venv\Lib\site-packages\pygments\styles\nord.py","5394","2026-05-14 22:14:46"
".venv\Lib\site-packages\pygments\styles\onedark.py","2126","2026-05-14 22:14:46"
".venv\Lib\site-packages\pygments\styles\paraiso_dark.py","5665","2026-05-14 22:14:46"
".venv\Lib\site-packages\pygments\styles\paraiso_light.py","5671","2026-05-14 22:14:46"
".venv\Lib\site-packages\pygments\styles\pastie.py","2528","2026-05-14 22:14:46"
".venv\Lib\site-packages\pygments\styles\perldoc.py","2233","2026-05-14 22:14:46"
".venv\Lib\site-packages\pygments\styles\rainbow_dash.py","2393","2026-05-14 22:14:46"
".venv\Lib\site-packages\pygments\styles\rrt.py","1295","2026-05-14 22:14:46"
".venv\Lib\site-packages\pygments\styles\sas.py","1443","2026-05-14 22:14:46"
".venv\Lib\site-packages\pygments\styles\solarized.py","4250","2026-05-14 22:14:46"
".venv\Lib\site-packages\pygments\styles\staroffice.py","834","2026-05-14 22:14:46"
".venv\Lib\site-packages\pygments\styles\stata_dark.py","1260","2026-05-14 22:14:46"
".venv\Lib\site-packages\pygments\styles\stata_light.py","1292","2026-05-14 22:14:46"
".venv\Lib\site-packages\pygments\styles\tango.py","7140","2026-05-14 22:14:46"
".venv\Lib\site-packages\pygments\styles\trac.py","1984","2026-05-14 22:14:46"
".venv\Lib\site-packages\pygments\styles\vim.py","2022","2026-05-14 22:14:46"
".venv\Lib\site-packages\pygments\styles\vs.py","1133","2026-05-14 22:14:46"
".venv\Lib\site-packages\pygments\styles\xcode.py","1507","2026-05-14 22:14:46"
".venv\Lib\site-packages\pygments\styles\zenburn.py","2206","2026-05-14 22:14:46"
".venv\Lib\site-packages\pygments\token.py","6229","2026-05-14 22:14:44"
".venv\Lib\site-packages\pygments\unistring.py","63211","2026-05-14 22:14:44"
".venv\Lib\site-packages\pygments\util.py","10046","2026-05-14 22:14:44"
".venv\Lib\site-packages\pytest-9.0.3.dist-info\entry_points.txt","77","2026-05-14 22:15:20"
".venv\Lib\site-packages\pytest-9.0.3.dist-info\INSTALLER","4","2026-05-14 22:15:21"
".venv\Lib\site-packages\pytest-9.0.3.dist-info\licenses\LICENSE","1091","2026-05-14 22:15:20"
".venv\Lib\site-packages\pytest-9.0.3.dist-info\METADATA","7556","2026-05-14 22:15:20"
".venv\Lib\site-packages\pytest-9.0.3.dist-info\RECORD","10577","2026-05-14 22:15:21"
".venv\Lib\site-packages\pytest-9.0.3.dist-info\REQUESTED","0","2026-05-14 22:15:21"
".venv\Lib\site-packages\pytest-9.0.3.dist-info\top_level.txt","18","2026-05-14 22:15:20"
".venv\Lib\site-packages\pytest-9.0.3.dist-info\WHEEL","91","2026-05-14 22:15:20"
".venv\Lib\site-packages\pytest\__init__.py","5582","2026-05-14 22:15:20"
".venv\Lib\site-packages\pytest\__main__.py","154","2026-05-14 22:15:20"
".venv\Lib\site-packages\pytest\py.typed","0","2026-05-14 22:15:20"
".venv\Lib\site-packages\python_dateutil-2.9.0.post0.dist-info\INSTALLER","4","2026-05-14 22:15:20"
".venv\Lib\site-packages\python_dateutil-2.9.0.post0.dist-info\LICENSE","2889","2026-05-14 22:15:20"
".venv\Lib\site-packages\python_dateutil-2.9.0.post0.dist-info\METADATA","8354","2026-05-14 22:15:20"
".venv\Lib\site-packages\python_dateutil-2.9.0.post0.dist-info\RECORD","3125","2026-05-14 22:15:20"
".venv\Lib\site-packages\python_dateutil-2.9.0.post0.dist-info\top_level.txt","9","2026-05-14 22:15:20"
".venv\Lib\site-packages\python_dateutil-2.9.0.post0.dist-info\WHEEL","110","2026-05-14 22:15:20"
".venv\Lib\site-packages\python_dateutil-2.9.0.post0.dist-info\zip-safe","1","2026-05-14 22:15:20"
".venv\Lib\site-packages\scipy-1.17.1-cp312-cp312-win_amd64.whl","0","2026-05-14 22:15:01"
".venv\Lib\site-packages\scipy-1.17.1.dist-info\DELVEWHEEL","577","2026-05-14 22:15:06"
".venv\Lib\site-packages\scipy-1.17.1.dist-info\INSTALLER","4","2026-05-14 22:15:19"
".venv\Lib\site-packages\scipy-1.17.1.dist-info\LICENSE.txt","46756","2026-05-14 22:15:06"
".venv\Lib\site-packages\scipy-1.17.1.dist-info\METADATA","60950","2026-05-14 22:15:06"
".venv\Lib\site-packages\scipy-1.17.1.dist-info\RECORD","208404","2026-05-14 22:15:19"
".venv\Lib\site-packages\scipy-1.17.1.dist-info\REQUESTED","0","2026-05-14 22:15:19"
".venv\Lib\site-packages\scipy-1.17.1.dist-info\WHEEL","85","2026-05-14 22:15:06"
".venv\Lib\site-packages\scipy.libs\libscipy_openblas-64eda39e79589aedb16f58e5547eb599.dll","20260864","2026-05-14 22:15:06"
".venv\Lib\site-packages\scipy\__config__.py","6132","2026-05-14 22:15:01"
".venv\Lib\site-packages\scipy\__init__.py","4523","2026-05-14 22:15:01"
".venv\Lib\site-packages\scipy\_cyutility.cp312-win_amd64.dll.a","1580","2026-05-14 22:15:01"
".venv\Lib\site-packages\scipy\_cyutility.cp312-win_amd64.pyd","186368","2026-05-14 22:15:01"
".venv\Lib\site-packages\scipy\_distributor_init.py","629","2026-05-14 22:15:01"
".venv\Lib\site-packages\scipy\_lib\__init__.py","367","2026-05-14 22:15:06"
".venv\Lib\site-packages\scipy\_lib\_array_api_compat_vendor.py","411","2026-05-14 22:15:06"
".venv\Lib\site-packages\scipy\_lib\_array_api_docs_tables.py","11253","2026-05-14 22:15:06"
".venv\Lib\site-packages\scipy\_lib\_array_api_no_0d.py","4556","2026-05-14 22:15:06"
".venv\Lib\site-packages\scipy\_lib\_array_api_override.py","5389","2026-05-14 22:15:06"
".venv\Lib\site-packages\scipy\_lib\_array_api.py","38801","2026-05-14 22:15:06"
".venv\Lib\site-packages\scipy\_lib\_bunch.py","8534","2026-05-14 22:15:06"
".venv\Lib\site-packages\scipy\_lib\_ccallback_c.cp312-win_amd64.dll.a","1608","2026-05-14 22:15:06"
".venv\Lib\site-packages\scipy\_lib\_ccallback_c.cp312-win_amd64.pyd","105472","2026-05-14 22:15:06"
".venv\Lib\site-packages\scipy\_lib\_ccallback.py","7338","2026-05-14 22:15:06"
".venv\Lib\site-packages\scipy\_lib\_disjoint_set.py","6414","2026-05-14 22:15:06"
".venv\Lib\site-packages\scipy\_lib\_docscrape.py","24567","2026-05-14 22:15:06"
".venv\Lib\site-packages\scipy\_lib\_elementwise_iterative_method.py","15369","2026-05-14 22:15:06"
".venv\Lib\site-packages\scipy\_lib\_fpumode.cp312-win_amd64.dll.a","1560","2026-05-14 22:15:06"
".venv\Lib\site-packages\scipy\_lib\_fpumode.cp312-win_amd64.pyd","15872","2026-05-14 22:15:06"
".venv\Lib\site-packages\scipy\_lib\_gcutils.py","2774","2026-05-14 22:15:06"
".venv\Lib\site-packages\scipy\_lib\_pep440.py","14492","2026-05-14 22:15:06"
".venv\Lib\site-packages\scipy\_lib\_public_api.py","1666","2026-05-14 22:15:06"
".venv\Lib\site-packages\scipy\_lib\_sparse.py","916","2026-05-14 22:15:06"
".venv\Lib\site-packages\scipy\_lib\_test_ccallback.cp312-win_amd64.dll.a","1640","2026-05-14 22:15:06"
".venv\Lib\site-packages\scipy\_lib\_test_ccallback.cp312-win_amd64.pyd","52224","2026-05-14 22:15:06"
".venv\Lib\site-packages\scipy\_lib\_test_deprecation_call.cp312-win_amd64.dll.a","1724","2026-05-14 22:15:06"
".venv\Lib\site-packages\scipy\_lib\_test_deprecation_call.cp312-win_amd64.pyd","33792","2026-05-14 22:15:06"
".venv\Lib\site-packages\scipy\_lib\_test_deprecation_def.cp312-win_amd64.dll.a","1712","2026-05-14 22:15:06"
".venv\Lib\site-packages\scipy\_lib\_test_deprecation_def.cp312-win_amd64.pyd","24576","2026-05-14 22:15:06"
".venv\Lib\site-packages\scipy\_lib\_testutils.py","12652","2026-05-14 22:15:06"
".venv\Lib\site-packages\scipy\_lib\_tmpdirs.py","2460","2026-05-14 22:15:06"
".venv\Lib\site-packages\scipy\_lib\_uarray\__init__.py","4609","2026-05-14 22:15:06"
".venv\Lib\site-packages\scipy\_lib\_uarray\_backend.py","21238","2026-05-14 22:15:06"
".venv\Lib\site-packages\scipy\_lib\_uarray\_uarray.cp312-win_amd64.dll.a","1544","2026-05-14 22:15:06"
".venv\Lib\site-packages\scipy\_lib\_uarray\_uarray.cp312-win_amd64.pyd","235008","2026-05-14 22:15:06"
".venv\Lib\site-packages\scipy\_lib\_uarray\LICENSE","1543","2026-05-14 22:15:06"
".venv\Lib\site-packages\scipy\_lib\_util.py","49981","2026-05-14 22:15:06"
".venv\Lib\site-packages\scipy\_lib\array_api_compat\__init__.py","1014","2026-05-14 22:15:06"
".venv\Lib\site-packages\scipy\_lib\array_api_compat\_internal.py","2149","2026-05-14 22:15:06"
".venv\Lib\site-packages\scipy\_lib\array_api_compat\common\__init__.py","39","2026-05-14 22:15:06"
".venv\Lib\site-packages\scipy\_lib\array_api_compat\common\_aliases.py","19690","2026-05-14 22:15:06"
".venv\Lib\site-packages\scipy\_lib\array_api_compat\common\_fft.py","4882","2026-05-14 22:15:06"
".venv\Lib\site-packages\scipy\_lib\array_api_compat\common\_helpers.py","33635","2026-05-14 22:15:06"
".venv\Lib\site-packages\scipy\_lib\array_api_compat\common\_linalg.py","7035","2026-05-14 22:15:06"
".venv\Lib\site-packages\scipy\_lib\array_api_compat\common\_typing.py","4687","2026-05-14 22:15:06"
".venv\Lib\site-packages\scipy\_lib\array_api_compat\cupy\__init__.py","760","2026-05-14 22:15:06"
".venv\Lib\site-packages\scipy\_lib\array_api_compat\cupy\_aliases.py","5290","2026-05-14 22:15:06"
".venv\Lib\site-packages\scipy\_lib\array_api_compat\cupy\_info.py","10461","2026-05-14 22:15:06"
".venv\Lib\site-packages\scipy\_lib\array_api_compat\cupy\_typing.py","637","2026-05-14 22:15:06"
".venv\Lib\site-packages\scipy\_lib\array_api_compat\cupy\fft.py","908","2026-05-14 22:15:06"
".venv\Lib\site-packages\scipy\_lib\array_api_compat\cupy\linalg.py","1512","2026-05-14 22:15:06"
".venv\Lib\site-packages\scipy\_lib\array_api_compat\dask\__init__.py","0","2026-05-14 22:15:06"
".venv\Lib\site-packages\scipy\_lib\array_api_compat\dask\array\__init__.py","703","2026-05-14 22:15:06"
".venv\Lib\site-packages\scipy\_lib\array_api_compat\dask\array\_aliases.py","10801","2026-05-14 22:15:06"
".venv\Lib\site-packages\scipy\_lib\array_api_compat\dask\array\_info.py","12648","2026-05-14 22:15:06"
".venv\Lib\site-packages\scipy\_lib\array_api_compat\dask\array\fft.py","349","2026-05-14 22:15:06"
".venv\Lib\site-packages\scipy\_lib\array_api_compat\dask\array\linalg.py","2203","2026-05-14 22:15:06"
".venv\Lib\site-packages\scipy\_lib\array_api_compat\numpy\__init__.py","1102","2026-05-14 22:15:06"
".venv\Lib\site-packages\scipy\_lib\array_api_compat\numpy\_aliases.py","5857","2026-05-14 22:15:06"
".venv\Lib\site-packages\scipy\_lib\array_api_compat\numpy\_info.py","11160","2026-05-14 22:15:06"
".venv\Lib\site-packages\scipy\_lib\array_api_compat\numpy\_typing.py","634","2026-05-14 22:15:06"
".venv\Lib\site-packages\scipy\_lib\array_api_compat\numpy\fft.py","744","2026-05-14 22:15:06"
".venv\Lib\site-packages\scipy\_lib\array_api_compat\numpy\linalg.py","4042","2026-05-14 22:15:06"
".venv\Lib\site-packages\scipy\_lib\array_api_compat\torch\__init__.py","658","2026-05-14 22:15:06"
".venv\Lib\site-packages\scipy\_lib\array_api_compat\torch\_aliases.py","31378","2026-05-14 22:15:06"
".venv\Lib\site-packages\scipy\_lib\array_api_compat\torch\_info.py","12258","2026-05-14 22:15:06"
".venv\Lib\site-packages\scipy\_lib\array_api_compat\torch\_typing.py","111","2026-05-14 22:15:06"
".venv\Lib\site-packages\scipy\_lib\array_api_compat\torch\fft.py","1915","2026-05-14 22:15:06"
".venv\Lib\site-packages\scipy\_lib\array_api_compat\torch\linalg.py","4674","2026-05-14 22:15:06"
".venv\Lib\site-packages\scipy\_lib\array_api_extra\__init__.py","920","2026-05-14 22:15:06"
".venv\Lib\site-packages\scipy\_lib\array_api_extra\_delegation.py","34431","2026-05-14 22:15:06"
".venv\Lib\site-packages\scipy\_lib\array_api_extra\_lib\__init__.py","37","2026-05-14 22:15:06"
".venv\Lib\site-packages\scipy\_lib\array_api_extra\_lib\_at.py","15790","2026-05-14 22:15:06"
".venv\Lib\site-packages\scipy\_lib\array_api_extra\_lib\_backends.py","2240","2026-05-14 22:15:06"
".venv\Lib\site-packages\scipy\_lib\array_api_extra\_lib\_funcs.py","24162","2026-05-14 22:15:06"
".venv\Lib\site-packages\scipy\_lib\array_api_extra\_lib\_lazy.py","14168","2026-05-14 22:15:06"
".venv\Lib\site-packages\scipy\_lib\array_api_extra\_lib\_testing.py","10594","2026-05-14 22:15:06"
".venv\Lib\site-packages\scipy\_lib\array_api_extra\_lib\_utils\__init__.py","50","2026-05-14 22:15:06"
".venv\Lib\site-packages\scipy\_lib\array_api_extra\_lib\_utils\_compat.py","1886","2026-05-14 22:15:06"
".venv\Lib\site-packages\scipy\_lib\array_api_extra\_lib\_utils\_compat.pyi","1765","2026-05-14 22:15:06"
".venv\Lib\site-packages\scipy\_lib\array_api_extra\_lib\_utils\_helpers.py","20389","2026-05-14 22:15:06"
".venv\Lib\site-packages\scipy\_lib\array_api_extra\_lib\_utils\_typing.py","238","2026-05-14 22:15:06"
".venv\Lib\site-packages\scipy\_lib\array_api_extra\_lib\_utils\_typing.pyi","4770","2026-05-14 22:15:06"
".venv\Lib\site-packages\scipy\_lib\array_api_extra\testing.py","15068","2026-05-14 22:15:06"
".venv\Lib\site-packages\scipy\_lib\cobyqa\__init__.py","598","2026-05-14 22:15:06"
".venv\Lib\site-packages\scipy\_lib\cobyqa\framework.py","40140","2026-05-14 22:15:06"
".venv\Lib\site-packages\scipy\_lib\cobyqa\main.py","59033","2026-05-14 22:15:06"
".venv\Lib\site-packages\scipy\_lib\cobyqa\models.py","52225","2026-05-14 22:15:06"
".venv\Lib\site-packages\scipy\_lib\cobyqa\problem.py","41499","2026-05-14 22:15:06"
".venv\Lib\site-packages\scipy\_lib\cobyqa\settings.py","3958","2026-05-14 22:15:06"
".venv\Lib\site-packages\scipy\_lib\cobyqa\subsolvers\__init__.py","355","2026-05-14 22:15:06"
".venv\Lib\site-packages\scipy\_lib\cobyqa\subsolvers\geometry.py","14560","2026-05-14 22:15:06"
".venv\Lib\site-packages\scipy\_lib\cobyqa\subsolvers\optim.py","46715","2026-05-14 22:15:06"
".venv\Lib\site-packages\scipy\_lib\cobyqa\utils\__init__.py","377","2026-05-14 22:15:06"
".venv\Lib\site-packages\scipy\_lib\cobyqa\utils\exceptions.py","505","2026-05-14 22:15:06"
".venv\Lib\site-packages\scipy\_lib\cobyqa\utils\math.py","1688","2026-05-14 22:15:06"
".venv\Lib\site-packages\scipy\_lib\cobyqa\utils\versions.py","1532","2026-05-14 22:15:06"
".venv\Lib\site-packages\scipy\_lib\deprecation.py","10128","2026-05-14 22:15:06"
".venv\Lib\site-packages\scipy\_lib\doccer.py","11087","2026-05-14 22:15:06"
".venv\Lib\site-packages\scipy\_lib\messagestream.cp312-win_amd64.dll.a","1616","2026-05-14 22:15:06"
".venv\Lib\site-packages\scipy\_lib\messagestream.cp312-win_amd64.pyd","60416","2026-05-14 22:15:06"
".venv\Lib\site-packages\scipy\_lib\pyprima\__init__.py","8673","2026-05-14 22:15:06"
".venv\Lib\site-packages\scipy\_lib\pyprima\cobyla\__init__.py","0","2026-05-14 22:15:06"
".venv\Lib\site-packages\scipy\_lib\pyprima\cobyla\cobyla.py","22705","2026-05-14 22:15:06"
".venv\Lib\site-packages\scipy\_lib\pyprima\cobyla\cobylb.py","41478","2026-05-14 22:15:06"
".venv\Lib\site-packages\scipy\_lib\pyprima\cobyla\geometry.py","10871","2026-05-14 22:15:06"
".venv\Lib\site-packages\scipy\_lib\pyprima\cobyla\initialize.py","9624","2026-05-14 22:15:06"
".venv\Lib\site-packages\scipy\_lib\pyprima\cobyla\trustregion.py","25692","2026-05-14 22:15:06"
".venv\Lib\site-packages\scipy\_lib\pyprima\cobyla\update.py","14171","2026-05-14 22:15:06"
".venv\Lib\site-packages\scipy\_lib\pyprima\common\__init__.py","0","2026-05-14 22:15:06"
".venv\Lib\site-packages\scipy\_lib\pyprima\common\_bounds.py","1670","2026-05-14 22:15:06"
".venv\Lib\site-packages\scipy\_lib\pyprima\common\_linear_constraints.py","2208","2026-05-14 22:15:06"
".venv\Lib\site-packages\scipy\_lib\pyprima\common\_nonlinear_constraints.py","2204","2026-05-14 22:15:06"
".venv\Lib\site-packages\scipy\_lib\pyprima\common\_project.py","8036","2026-05-14 22:15:06"
".venv\Lib\site-packages\scipy\_lib\pyprima\common\checkbreak.py","3544","2026-05-14 22:15:06"
".venv\Lib\site-packages\scipy\_lib\pyprima\common\consts.py","1357","2026-05-14 22:15:06"
".venv\Lib\site-packages\scipy\_lib\pyprima\common\evaluate.py","3249","2026-05-14 22:15:06"
".venv\Lib\site-packages\scipy\_lib\pyprima\common\history.py","1399","2026-05-14 22:15:06"
".venv\Lib\site-packages\scipy\_lib\pyprima\common\infos.py","734","2026-05-14 22:15:06"
".venv\Lib\site-packages\scipy\_lib\pyprima\common\linalg.py","14715","2026-05-14 22:15:06"
".venv\Lib\site-packages\scipy\_lib\pyprima\common\message.py","9953","2026-05-14 22:15:06"
".venv\Lib\site-packages\scipy\_lib\pyprima\common\powalg.py","6916","2026-05-14 22:15:06"
".venv\Lib\site-packages\scipy\_lib\pyprima\common\preproc.py","14097","2026-05-14 22:15:06"
".venv\Lib\site-packages\scipy\_lib\pyprima\common\present.py","150","2026-05-14 22:15:06"
".venv\Lib\site-packages\scipy\_lib\pyprima\common\ratio.py","1877","2026-05-14 22:15:06"
".venv\Lib\site-packages\scipy\_lib\pyprima\common\redrho.py","1305","2026-05-14 22:15:06"
".venv\Lib\site-packages\scipy\_lib\pyprima\common\selectx.py","14416","2026-05-14 22:15:06"
".venv\Lib\site-packages\scipy\_lib\tests\__init__.py","0","2026-05-14 22:15:06"
".venv\Lib\site-packages\scipy\_lib\tests\test__gcutils.py","3839","2026-05-14 22:15:06"
".venv\Lib\site-packages\scipy\_lib\tests\test__pep440.py","2344","2026-05-14 22:15:06"
".venv\Lib\site-packages\scipy\_lib\tests\test__testutils.py","832","2026-05-14 22:15:06"
".venv\Lib\site-packages\scipy\_lib\tests\test__util.py","24357","2026-05-14 22:15:06"
".venv\Lib\site-packages\scipy\_lib\tests\test_array_api.py","16966","2026-05-14 22:15:06"
".venv\Lib\site-packages\scipy\_lib\tests\test_bunch.py","6558","2026-05-14 22:15:06"
".venv\Lib\site-packages\scipy\_lib\tests\test_ccallback.py","6236","2026-05-14 22:15:06"
".venv\Lib\site-packages\scipy\_lib\tests\test_config.py","1288","2026-05-14 22:15:06"
".venv\Lib\site-packages\scipy\_lib\tests\test_deprecation.py","450","2026-05-14 22:15:06"
".venv\Lib\site-packages\scipy\_lib\tests\test_doccer.py","4294","2026-05-14 22:15:06"
".venv\Lib\site-packages\scipy\_lib\tests\test_import_cycles.py","869","2026-05-14 22:15:06"
".venv\Lib\site-packages\scipy\_lib\tests\test_public_api.py","18000","2026-05-14 22:15:06"
".venv\Lib\site-packages\scipy\_lib\tests\test_scipy_version.py","946","2026-05-14 22:15:06"
".venv\Lib\site-packages\scipy\_lib\tests\test_tmpdirs.py","1498","2026-05-14 22:15:06"
".venv\Lib\site-packages\scipy\_lib\tests\test_warnings.py","5143","2026-05-14 22:15:06"
".venv\Lib\site-packages\scipy\_lib\uarray.py","846","2026-05-14 22:15:06"
".venv\Lib\site-packages\scipy\cluster\__init__.py","911","2026-05-14 22:15:01"
".venv\Lib\site-packages\scipy\cluster\_hierarchy.cp312-win_amd64.dll.a","1580","2026-05-14 22:15:01"
".venv\Lib\site-packages\scipy\cluster\_hierarchy.cp312-win_amd64.pyd","245760","2026-05-14 22:15:01"
".venv\Lib\site-packages\scipy\cluster\_optimal_leaf_ordering.cp312-win_amd64.dll.a","1724","2026-05-14 22:15:01"
".venv\Lib\site-packages\scipy\cluster\_optimal_leaf_ordering.cp312-win_amd64.pyd","173056","2026-05-14 22:15:01"
".venv\Lib\site-packages\scipy\cluster\_vq.cp312-win_amd64.dll.a","1496","2026-05-14 22:15:01"
".venv\Lib\site-packages\scipy\cluster\_vq.cp312-win_amd64.pyd","110080","2026-05-14 22:15:01"
".venv\Lib\site-packages\scipy\cluster\hierarchy.py","160932","2026-05-14 22:15:01"
".venv\Lib\site-packages\scipy\cluster\tests\__init__.py","0","2026-05-14 22:15:01"
".venv\Lib\site-packages\scipy\cluster\tests\hierarchy_test_data.py","6995","2026-05-14 22:15:01"
".venv\Lib\site-packages\scipy\cluster\tests\test_disjoint_set.py","5727","2026-05-14 22:15:01"
".venv\Lib\site-packages\scipy\cluster\tests\test_hierarchy.py","51462","2026-05-14 22:15:01"
".venv\Lib\site-packages\scipy\cluster\tests\test_vq.py","18695","2026-05-14 22:15:01"
".venv\Lib\site-packages\scipy\cluster\vq.py","31731","2026-05-14 22:15:01"
".venv\Lib\site-packages\scipy\conftest.py","29535","2026-05-14 22:15:01"
".venv\Lib\site-packages\scipy\constants\__init__.py","15197","2026-05-14 22:15:01"
".venv\Lib\site-packages\scipy\constants\_codata.py","204821","2026-05-14 22:15:01"
".venv\Lib\site-packages\scipy\constants\_constants.py","10940","2026-05-14 22:15:01"
".venv\Lib\site-packages\scipy\constants\codata.py","635","2026-05-14 22:15:01"
".venv\Lib\site-packages\scipy\constants\constants.py","2303","2026-05-14 22:15:01"
".venv\Lib\site-packages\scipy\constants\tests\__init__.py","0","2026-05-14 22:15:01"
".venv\Lib\site-packages\scipy\constants\tests\test_codata.py","2932","2026-05-14 22:15:01"
".venv\Lib\site-packages\scipy\constants\tests\test_constants.py","4330","2026-05-14 22:15:01"
".venv\Lib\site-packages\scipy\datasets\__init__.py","2892","2026-05-14 22:15:01"
".venv\Lib\site-packages\scipy\datasets\_download_all.py","2248","2026-05-14 22:15:01"
".venv\Lib\site-packages\scipy\datasets\_fetchers.py","7321","2026-05-14 22:15:01"
".venv\Lib\site-packages\scipy\datasets\_registry.py","1098","2026-05-14 22:15:01"
".venv\Lib\site-packages\scipy\datasets\_utils.py","3137","2026-05-14 22:15:01"
".venv\Lib\site-packages\scipy\datasets\tests\__init__.py","0","2026-05-14 22:15:01"
".venv\Lib\site-packages\scipy\datasets\tests\test_data.py","4341","2026-05-14 22:15:01"
".venv\Lib\site-packages\scipy\differentiate\__init__.py","648","2026-05-14 22:15:01"
".venv\Lib\site-packages\scipy\differentiate\_differentiate.py","52598","2026-05-14 22:15:01"
".venv\Lib\site-packages\scipy\differentiate\tests\__init__.py","0","2026-05-14 22:15:01"
".venv\Lib\site-packages\scipy\differentiate\tests\test_differentiate.py","28414","2026-05-14 22:15:01"
".venv\Lib\site-packages\scipy\fft\__init__.py","3746","2026-05-14 22:15:01"
".venv\Lib\site-packages\scipy\fft\_backend.py","6939","2026-05-14 22:15:01"
".venv\Lib\site-packages\scipy\fft\_basic_backend.py","7640","2026-05-14 22:15:01"
".venv\Lib\site-packages\scipy\fft\_basic.py","66023","2026-05-14 22:15:01"
".venv\Lib\site-packages\scipy\fft\_debug_backends.py","620","2026-05-14 22:15:01"
".venv\Lib\site-packages\scipy\fft\_fftlog_backend.py","5558","2026-05-14 22:15:01"
".venv\Lib\site-packages\scipy\fft\_fftlog.py","8226","2026-05-14 22:15:01"
".venv\Lib\site-packages\scipy\fft\_helper.py","11869","2026-05-14 22:15:01"
".venv\Lib\site-packages\scipy\fft\_pocketfft\__init__.py","216","2026-05-14 22:15:01"
".venv\Lib\site-packages\scipy\fft\_pocketfft\basic.py","8389","2026-05-14 22:15:01"
".venv\Lib\site-packages\scipy\fft\_pocketfft\helper.py","7211","2026-05-14 22:15:01"
".venv\Lib\site-packages\scipy\fft\_pocketfft\LICENSE.md","1523","2026-05-14 22:15:01"
".venv\Lib\site-packages\scipy\fft\_pocketfft\pypocketfft.cp312-win_amd64.dll.a","1592","2026-05-14 22:15:01"
".venv\Lib\site-packages\scipy\fft\_pocketfft\pypocketfft.cp312-win_amd64.pyd","1097216","2026-05-14 22:15:01"
".venv\Lib\site-packages\scipy\fft\_pocketfft\realtransforms.py","3453","2026-05-14 22:15:01"
".venv\Lib\site-packages\scipy\fft\_pocketfft\tests\__init__.py","0","2026-05-14 22:15:01"
".venv\Lib\site-packages\scipy\fft\_pocketfft\tests\test_basic.py","36644","2026-05-14 22:15:01"
".venv\Lib\site-packages\scipy\fft\_pocketfft\tests\test_real_transforms.py","17370","2026-05-14 22:15:01"
".venv\Lib\site-packages\scipy\fft\_realtransforms_backend.py","2452","2026-05-14 22:15:01"
".venv\Lib\site-packages\scipy\fft\_realtransforms.py","27167","2026-05-14 22:15:01"
".venv\Lib\site-packages\scipy\fft\tests\__init__.py","0","2026-05-14 22:15:01"
".venv\Lib\site-packages\scipy\fft\tests\mock_backend.py","2781","2026-05-14 22:15:01"
".venv\Lib\site-packages\scipy\fft\tests\test_backend.py","4383","2026-05-14 22:15:01"
".venv\Lib\site-packages\scipy\fft\tests\test_basic.py","23599","2026-05-14 22:15:01"
".venv\Lib\site-packages\scipy\fft\tests\test_fftlog.py","7830","2026-05-14 22:15:01"
".venv\Lib\site-packages\scipy\fft\tests\test_helper.py","19830","2026-05-14 22:15:01"
".venv\Lib\site-packages\scipy\fft\tests\test_multithreading.py","2234","2026-05-14 22:15:01"
".venv\Lib\site-packages\scipy\fft\tests\test_real_transforms.py","9954","2026-05-14 22:15:01"
".venv\Lib\site-packages\scipy\fftpack\__init__.py","3258","2026-05-14 22:15:01"
".venv\Lib\site-packages\scipy\fftpack\_basic.py","13526","2026-05-14 22:15:01"
".venv\Lib\site-packages\scipy\fftpack\_helper.py","3463","2026-05-14 22:15:01"
".venv\Lib\site-packages\scipy\fftpack\_pseudo_diffs.py","16490","2026-05-14 22:15:01"
".venv\Lib\site-packages\scipy\fftpack\_realtransforms.py","19820","2026-05-14 22:15:01"
".venv\Lib\site-packages\scipy\fftpack\basic.py","597","2026-05-14 22:15:01"
".venv\Lib\site-packages\scipy\fftpack\convolve.cp312-win_amd64.dll.a","1560","2026-05-14 22:15:01"
".venv\Lib\site-packages\scipy\fftpack\convolve.cp312-win_amd64.pyd","124928","2026-05-14 22:15:01"
".venv\Lib\site-packages\scipy\fftpack\helper.py","599","2026-05-14 22:15:01"
".venv\Lib\site-packages\scipy\fftpack\pseudo_diffs.py","680","2026-05-14 22:15:01"
".venv\Lib\site-packages\scipy\fftpack\realtransforms.py","614","2026-05-14 22:15:01"
".venv\Lib\site-packages\scipy\fftpack\tests\__init__.py","0","2026-05-14 22:15:01"
".venv\Lib\site-packages\scipy\fftpack\tests\fftw_double_ref.npz","162120","2026-05-14 22:15:01"
".venv\Lib\site-packages\scipy\fftpack\tests\fftw_longdouble_ref.npz","296072","2026-05-14 22:15:01"
".venv\Lib\site-packages\scipy\fftpack\tests\fftw_single_ref.npz","95144","2026-05-14 22:15:01"
".venv\Lib\site-packages\scipy\fftpack\tests\test_basic.py","31349","2026-05-14 22:15:01"
".venv\Lib\site-packages\scipy\fftpack\tests\test_helper.py","1729","2026-05-14 22:15:01"
".venv\Lib\site-packages\scipy\fftpack\tests\test_import.py","1189","2026-05-14 22:15:01"
".venv\Lib\site-packages\scipy\fftpack\tests\test_pseudo_diffs.py","14121","2026-05-14 22:15:01"
".venv\Lib\site-packages\scipy\fftpack\tests\test_real_transforms.py","25296","2026-05-14 22:15:01"
".venv\Lib\site-packages\scipy\fftpack\tests\test.npz","11968","2026-05-14 22:15:01"
".venv\Lib\site-packages\scipy\integrate\__init__.py","4495","2026-05-14 22:15:01"
".venv\Lib\site-packages\scipy\integrate\_bvp.py","42456","2026-05-14 22:15:01"
".venv\Lib\site-packages\scipy\integrate\_cubature.py","26514","2026-05-14 22:15:01"
".venv\Lib\site-packages\scipy\integrate\_dop.cp312-win_amd64.dll.a","1512","2026-05-14 22:15:01"
".venv\Lib\site-packages\scipy\integrate\_dop.cp312-win_amd64.pyd","95232","2026-05-14 22:15:01"
".venv\Lib\site-packages\scipy\integrate\_ivp\__init__.py","264","2026-05-14 22:15:01"
".venv\Lib\site-packages\scipy\integrate\_ivp\base.py","10827","2026-05-14 22:15:01"
".venv\Lib\site-packages\scipy\integrate\_ivp\bdf.py","17980","2026-05-14 22:15:01"
".venv\Lib\site-packages\scipy\integrate\_ivp\common.py","16196","2026-05-14 22:15:01"
".venv\Lib\site-packages\scipy\integrate\_ivp\dop853_coefficients.py","7430","2026-05-14 22:15:01"
".venv\Lib\site-packages\scipy\integrate\_ivp\ivp.py","32581","2026-05-14 22:15:01"
".venv\Lib\site-packages\scipy\integrate\_ivp\lsoda.py","10389","2026-05-14 22:15:01"
".venv\Lib\site-packages\scipy\integrate\_ivp\radau.py","20248","2026-05-14 22:15:01"
".venv\Lib\site-packages\scipy\integrate\_ivp\rk.py","23401","2026-05-14 22:15:01"
".venv\Lib\site-packages\scipy\integrate\_ivp\tests\__init__.py","0","2026-05-14 22:15:01"
".venv\Lib\site-packages\scipy\integrate\_ivp\tests\test_ivp.py","44256","2026-05-14 22:15:01"
".venv\Lib\site-packages\scipy\integrate\_ivp\tests\test_rk.py","1363","2026-05-14 22:15:01"
".venv\Lib\site-packages\scipy\integrate\_lebedev.py","267559","2026-05-14 22:15:01"
".venv\Lib\site-packages\scipy\integrate\_ode.py","52021","2026-05-14 22:15:01"
".venv\Lib\site-packages\scipy\integrate\_odepack_py.py","11507","2026-05-14 22:15:01"
".venv\Lib\site-packages\scipy\integrate\_odepack.cp312-win_amd64.dll.a","1560","2026-05-14 22:15:01"
".venv\Lib\site-packages\scipy\integrate\_odepack.cp312-win_amd64.pyd","228352","2026-05-14 22:15:01"
".venv\Lib\site-packages\scipy\integrate\_quad_vec.py","22339","2026-05-14 22:15:01"
".venv\Lib\site-packages\scipy\integrate\_quadpack_py.py","55912","2026-05-14 22:15:01"
".venv\Lib\site-packages\scipy\integrate\_quadpack.cp312-win_amd64.dll.a","1568","2026-05-14 22:15:01"
".venv\Lib\site-packages\scipy\integrate\_quadpack.cp312-win_amd64.pyd","143360","2026-05-14 22:15:01"
".venv\Lib\site-packages\scipy\integrate\_quadrature.py","51119","2026-05-14 22:15:01"
".venv\Lib\site-packages\scipy\integrate\_rules\__init__.py","340","2026-05-14 22:15:01"
".venv\Lib\site-packages\scipy\integrate\_rules\_base.py","18445","2026-05-14 22:15:01"
".venv\Lib\site-packages\scipy\integrate\_rules\_gauss_kronrod.py","8675","2026-05-14 22:15:01"
".venv\Lib\site-packages\scipy\integrate\_rules\_gauss_legendre.py","1795","2026-05-14 22:15:01"
".venv\Lib\site-packages\scipy\integrate\_rules\_genz_malik.py","7518","2026-05-14 22:15:01"
".venv\Lib\site-packages\scipy\integrate\_tanhsinh.py","63388","2026-05-14 22:15:01"
".venv\Lib\site-packages\scipy\integrate\_test_multivariate.cp312-win_amd64.dll.a","1676","2026-05-14 22:15:01"
".venv\Lib\site-packages\scipy\integrate\_test_multivariate.cp312-win_amd64.pyd","17920","2026-05-14 22:15:01"
".venv\Lib\site-packages\scipy\integrate\_vode.cp312-win_amd64.dll.a","1520","2026-05-14 22:15:01"
".venv\Lib\site-packages\scipy\integrate\_vode.cp312-win_amd64.pyd","278528","2026-05-14 22:15:01"
".venv\Lib\site-packages\scipy\integrate\dop.py","437","2026-05-14 22:15:01"
".venv\Lib\site-packages\scipy\integrate\LICENSE_DOP","3648","2026-05-14 22:15:01"
".venv\Lib\site-packages\scipy\integrate\lsoda.py","453","2026-05-14 22:15:01"
".venv\Lib\site-packages\scipy\integrate\odepack.py","562","2026-05-14 22:15:01"
".venv\Lib\site-packages\scipy\integrate\quadpack.py","627","2026-05-14 22:15:01"
".venv\Lib\site-packages\scipy\integrate\tests\__init__.py","0","2026-05-14 22:15:01"
".venv\Lib\site-packages\scipy\integrate\tests\test__quad_vec.py","7369","2026-05-14 22:15:01"
".venv\Lib\site-packages\scipy\integrate\tests\test_banded_ode_solvers.py","9710","2026-05-14 22:15:01"
".venv\Lib\site-packages\scipy\integrate\tests\test_bvp.py","20931","2026-05-14 22:15:01"
".venv\Lib\site-packages\scipy\integrate\tests\test_cubature.py","38415","2026-05-14 22:15:01"
".venv\Lib\site-packages\scipy\integrate\tests\test_integrate.py","25667","2026-05-14 22:15:01"
".venv\Lib\site-packages\scipy\integrate\tests\test_quadpack.py","30560","2026-05-14 22:15:01"
".venv\Lib\site-packages\scipy\integrate\tests\test_quadrature.py","30437","2026-05-14 22:15:01"
".venv\Lib\site-packages\scipy\integrate\tests\test_tanhsinh.py","45497","2026-05-14 22:15:01"
".venv\Lib\site-packages\scipy\integrate\vode.py","439","2026-05-14 22:15:01"
".venv\Lib\site-packages\scipy\interpolate\__init__.py","4301","2026-05-14 22:15:02"
".venv\Lib\site-packages\scipy\interpolate\_bary_rational.py","30161","2026-05-14 22:15:01"
".venv\Lib\site-packages\scipy\interpolate\_bsplines.py","93300","2026-05-14 22:15:01"
".venv\Lib\site-packages\scipy\interpolate\_cubic.py","41423","2026-05-14 22:15:01"
".venv\Lib\site-packages\scipy\interpolate\_dfitpack.cp312-win_amd64.dll.a","1568","2026-05-14 22:15:01"
".venv\Lib\site-packages\scipy\interpolate\_dfitpack.cp312-win_amd64.pyd","675328","2026-05-14 22:15:01"
".venv\Lib\site-packages\scipy\interpolate\_dierckx.cp312-win_amd64.dll.a","1560","2026-05-14 22:15:01"
".venv\Lib\site-packages\scipy\interpolate\_dierckx.cp312-win_amd64.pyd","1016832","2026-05-14 22:15:01"
".venv\Lib\site-packages\scipy\interpolate\_fitpack_impl.py","29711","2026-05-14 22:15:01"
".venv\Lib\site-packages\scipy\interpolate\_fitpack_py.py","33439","2026-05-14 22:15:01"
".venv\Lib\site-packages\scipy\interpolate\_fitpack_repro.py","53589","2026-05-14 22:15:01"
".venv\Lib\site-packages\scipy\interpolate\_fitpack.cp312-win_amd64.dll.a","1560","2026-05-14 22:15:01"
".venv\Lib\site-packages\scipy\interpolate\_fitpack.cp312-win_amd64.pyd","420864","2026-05-14 22:15:01"
".venv\Lib\site-packages\scipy\interpolate\_fitpack2.py","92749","2026-05-14 22:15:01"
".venv\Lib\site-packages\scipy\interpolate\_interpnd.cp312-win_amd64.dll.a","1568","2026-05-14 22:15:01"
".venv\Lib\site-packages\scipy\interpolate\_interpnd.cp312-win_amd64.pyd","228864","2026-05-14 22:15:01"
".venv\Lib\site-packages\scipy\interpolate\_interpolate.py","84210","2026-05-14 22:15:01"
".venv\Lib\site-packages\scipy\interpolate\_ndbspline.py","18349","2026-05-14 22:15:01"
".venv\Lib\site-packages\scipy\interpolate\_ndgriddata.py","12484","2026-05-14 22:15:01"
".venv\Lib\site-packages\scipy\interpolate\_pade.py","1894","2026-05-14 22:15:01"
".venv\Lib\site-packages\scipy\interpolate\_polyint.py","40107","2026-05-14 22:15:01"
".venv\Lib\site-packages\scipy\interpolate\_ppoly.cp312-win_amd64.dll.a","1532","2026-05-14 22:15:02"
".venv\Lib\site-packages\scipy\interpolate\_ppoly.cp312-win_amd64.pyd","231424","2026-05-14 22:15:02"
".venv\Lib\site-packages\scipy\interpolate\_rbf.py","12059","2026-05-14 22:15:02"
".venv\Lib\site-packages\scipy\interpolate\_rbfinterp_common.py","1005","2026-05-14 22:15:02"
".venv\Lib\site-packages\scipy\interpolate\_rbfinterp_np.py","3095","2026-05-14 22:15:02"
".venv\Lib\site-packages\scipy\interpolate\_rbfinterp_pythran.cp312-win_amd64.dll.a","1676","2026-05-14 22:15:02"
".venv\Lib\site-packages\scipy\interpolate\_rbfinterp_pythran.cp312-win_amd64.pyd","1165312","2026-05-14 22:15:02"
".venv\Lib\site-packages\scipy\interpolate\_rbfinterp_xp.py","7920","2026-05-14 22:15:02"
".venv\Lib\site-packages\scipy\interpolate\_rbfinterp.py","20044","2026-05-14 22:15:02"
".venv\Lib\site-packages\scipy\interpolate\_rgi_cython.cp312-win_amd64.dll.a","1592","2026-05-14 22:15:02"
".venv\Lib\site-packages\scipy\interpolate\_rgi_cython.cp312-win_amd64.pyd","122880","2026-05-14 22:15:02"
".venv\Lib\site-packages\scipy\interpolate\_rgi.py","33155","2026-05-14 22:15:02"
".venv\Lib\site-packages\scipy\interpolate\dfitpack.py","618","2026-05-14 22:15:01"
".venv\Lib\site-packages\scipy\interpolate\fitpack.py","733","2026-05-14 22:15:01"
".venv\Lib\site-packages\scipy\interpolate\fitpack2.py","846","2026-05-14 22:15:01"
".venv\Lib\site-packages\scipy\interpolate\interpnd.py","630","2026-05-14 22:15:01"
".venv\Lib\site-packages\scipy\interpolate\interpolate.py","784","2026-05-14 22:15:01"
".venv\Lib\site-packages\scipy\interpolate\ndgriddata.py","659","2026-05-14 22:15:01"
".venv\Lib\site-packages\scipy\interpolate\polyint.py","696","2026-05-14 22:15:01"
".venv\Lib\site-packages\scipy\interpolate\rbf.py","537","2026-05-14 22:15:01"
".venv\Lib\site-packages\scipy\interpolate\tests\__init__.py","0","2026-05-14 22:15:02"
".venv\Lib\site-packages\scipy\interpolate\tests\data\bug-1310.npz","2648","2026-05-14 22:15:02"
".venv\Lib\site-packages\scipy\interpolate\tests\data\estimate_gradients_hang.npy","35680","2026-05-14 22:15:02"
".venv\Lib\site-packages\scipy\interpolate\tests\data\gcvspl.npz","3138","2026-05-14 22:15:02"
".venv\Lib\site-packages\scipy\interpolate\tests\test_bary_rational.py","17321","2026-05-14 22:15:02"
".venv\Lib\site-packages\scipy\interpolate\tests\test_bsplines.py","157776","2026-05-14 22:15:02"
".venv\Lib\site-packages\scipy\interpolate\tests\test_fitpack.py","17933","2026-05-14 22:15:02"
".venv\Lib\site-packages\scipy\interpolate\tests\test_fitpack2.py","64079","2026-05-14 22:15:02"
".venv\Lib\site-packages\scipy\interpolate\tests\test_gil.py","1895","2026-05-14 22:15:02"
".venv\Lib\site-packages\scipy\interpolate\tests\test_interpnd.py","15981","2026-05-14 22:15:02"
".venv\Lib\site-packages\scipy\interpolate\tests\test_interpolate.py","104955","2026-05-14 22:15:02"
".venv\Lib\site-packages\scipy\interpolate\tests\test_ndgriddata.py","11301","2026-05-14 22:15:02"
".venv\Lib\site-packages\scipy\interpolate\tests\test_pade.py","3975","2026-05-14 22:15:02"
".venv\Lib\site-packages\scipy\interpolate\tests\test_polyint.py","38458","2026-05-14 22:15:02"
".venv\Lib\site-packages\scipy\interpolate\tests\test_rbf.py","7248","2026-05-14 22:15:02"
".venv\Lib\site-packages\scipy\interpolate\tests\test_rbfinterp.py","21291","2026-05-14 22:15:02"
".venv\Lib\site-packages\scipy\interpolate\tests\test_rgi.py","51221","2026-05-14 22:15:02"
".venv\Lib\site-packages\scipy\io\__init__.py","2896","2026-05-14 22:15:02"
".venv\Lib\site-packages\scipy\io\_fast_matrix_market\__init__.py","17838","2026-05-14 22:15:03"
".venv\Lib\site-packages\scipy\io\_fast_matrix_market\_fmm_core.cp312-win_amd64.dll.a","1568","2026-05-14 22:15:03"
".venv\Lib\site-packages\scipy\io\_fast_matrix_market\_fmm_core.cp312-win_amd64.pyd","2846208","2026-05-14 22:15:03"
".venv\Lib\site-packages\scipy\io\_fortran.py","11247","2026-05-14 22:15:02"
".venv\Lib\site-packages\scipy\io\_harwell_boeing\__init__.py","171","2026-05-14 22:15:03"
".venv\Lib\site-packages\scipy\io\_harwell_boeing\_fortran_format_parser.py","9319","2026-05-14 22:15:03"
".venv\Lib\site-packages\scipy\io\_harwell_boeing\hb.py","19966","2026-05-14 22:15:03"
".venv\Lib\site-packages\scipy\io\_harwell_boeing\tests\__init__.py","0","2026-05-14 22:15:03"
".venv\Lib\site-packages\scipy\io\_harwell_boeing\tests\test_fortran_format.py","2457","2026-05-14 22:15:03"
".venv\Lib\site-packages\scipy\io\_harwell_boeing\tests\test_hb.py","2586","2026-05-14 22:15:03"
".venv\Lib\site-packages\scipy\io\_idl.py","27917","2026-05-14 22:15:02"
".venv\Lib\site-packages\scipy\io\_mmio.py","33044","2026-05-14 22:15:02"
".venv\Lib\site-packages\scipy\io\_netcdf.py","40780","2026-05-14 22:15:02"
".venv\Lib\site-packages\scipy\io\arff\__init__.py","833","2026-05-14 22:15:02"
".venv\Lib\site-packages\scipy\io\arff\_arffread.py","27028","2026-05-14 22:15:02"
".venv\Lib\site-packages\scipy\io\arff\arffread.py","594","2026-05-14 22:15:02"
".venv\Lib\site-packages\scipy\io\arff\tests\__init__.py","0","2026-05-14 22:15:02"
".venv\Lib\site-packages\scipy\io\arff\tests\data\iris.arff","7711","2026-05-14 22:15:02"
".venv\Lib\site-packages\scipy\io\arff\tests\data\missing.arff","128","2026-05-14 22:15:02"
".venv\Lib\site-packages\scipy\io\arff\tests\data\nodata.arff","240","2026-05-14 22:15:02"
".venv\Lib\site-packages\scipy\io\arff\tests\data\quoted_nominal_spaces.arff","305","2026-05-14 22:15:02"
".venv\Lib\site-packages\scipy\io\arff\tests\data\quoted_nominal.arff","299","2026-05-14 22:15:02"
".venv\Lib\site-packages\scipy\io\arff\tests\data\test1.arff","201","2026-05-14 22:15:02"
".venv\Lib\site-packages\scipy\io\arff\tests\data\test10.arff","199016","2026-05-14 22:15:02"
".venv\Lib\site-packages\scipy\io\arff\tests\data\test11.arff","252","2026-05-14 22:15:02"
".venv\Lib\site-packages\scipy\io\arff\tests\data\test2.arff","315","2026-05-14 22:15:02"
".venv\Lib\site-packages\scipy\io\arff\tests\data\test3.arff","78","2026-05-14 22:15:02"
".venv\Lib\site-packages\scipy\io\arff\tests\data\test4.arff","249","2026-05-14 22:15:02"
".venv\Lib\site-packages\scipy\io\arff\tests\data\test5.arff","391","2026-05-14 22:15:02"
".venv\Lib\site-packages\scipy\io\arff\tests\data\test6.arff","207","2026-05-14 22:15:02"
".venv\Lib\site-packages\scipy\io\arff\tests\data\test7.arff","573","2026-05-14 22:15:02"
".venv\Lib\site-packages\scipy\io\arff\tests\data\test8.arff","440","2026-05-14 22:15:02"
".venv\Lib\site-packages\scipy\io\arff\tests\data\test9.arff","324","2026-05-14 22:15:02"
".venv\Lib\site-packages\scipy\io\arff\tests\test_arffread.py","13515","2026-05-14 22:15:02"
".venv\Lib\site-packages\scipy\io\harwell_boeing.py","555","2026-05-14 22:15:02"
".venv\Lib\site-packages\scipy\io\idl.py","521","2026-05-14 22:15:02"
".venv\Lib\site-packages\scipy\io\matlab\__init__.py","2313","2026-05-14 22:15:02"
".venv\Lib\site-packages\scipy\io\matlab\_byteordercodes.py","2058","2026-05-14 22:15:02"
".venv\Lib\site-packages\scipy\io\matlab\_mio_utils.cp312-win_amd64.dll.a","1580","2026-05-14 22:15:02"
".venv\Lib\site-packages\scipy\io\matlab\_mio_utils.cp312-win_amd64.pyd","52736","2026-05-14 22:15:02"
".venv\Lib\site-packages\scipy\io\matlab\_mio.py","14332","2026-05-14 22:15:02"
".venv\Lib\site-packages\scipy\io\matlab\_mio4.py","21625","2026-05-14 22:15:02"
".venv\Lib\site-packages\scipy\io\matlab\_mio5_params.py","8482","2026-05-14 22:15:02"
".venv\Lib\site-packages\scipy\io\matlab\_mio5_utils.cp312-win_amd64.dll.a","1592","2026-05-14 22:15:02"
".venv\Lib\site-packages\scipy\io\matlab\_mio5_utils.cp312-win_amd64.pyd","178176","2026-05-14 22:15:02"
".venv\Lib\site-packages\scipy\io\matlab\_mio5.py","34890","2026-05-14 22:15:02"
".venv\Lib\site-packages\scipy\io\matlab\_miobase.py","13537","2026-05-14 22:15:02"
".venv\Lib\site-packages\scipy\io\matlab\_streams.cp312-win_amd64.dll.a","1560","2026-05-14 22:15:02"
".venv\Lib\site-packages\scipy\io\matlab\_streams.cp312-win_amd64.pyd","105984","2026-05-14 22:15:02"
".venv\Lib\site-packages\scipy\io\matlab\byteordercodes.py","545","2026-05-14 22:15:02"
".venv\Lib\site-packages\scipy\io\matlab\mio_utils.py","535","2026-05-14 22:15:02"
".venv\Lib\site-packages\scipy\io\matlab\mio.py","555","2026-05-14 22:15:02"
".venv\Lib\site-packages\scipy\io\matlab\mio4.py","525","2026-05-14 22:15:02"
".venv\Lib\site-packages\scipy\io\matlab\mio5_params.py","611","2026-05-14 22:15:02"
".venv\Lib\site-packages\scipy\io\matlab\mio5_utils.py","537","2026-05-14 22:15:02"
".venv\Lib\site-packages\scipy\io\matlab\mio5.py","657","2026-05-14 22:15:02"
".venv\Lib\site-packages\scipy\io\matlab\miobase.py","581","2026-05-14 22:15:02"
".venv\Lib\site-packages\scipy\io\matlab\streams.py","529","2026-05-14 22:15:02"
".venv\Lib\site-packages\scipy\io\matlab\tests\__init__.py","0","2026-05-14 22:15:02"
".venv\Lib\site-packages\scipy\io\matlab\tests\data\bad_miuint32.mat","272","2026-05-14 22:15:02"
".venv\Lib\site-packages\scipy\io\matlab\tests\data\bad_miutf8_array_name.mat","208","2026-05-14 22:15:02"
".venv\Lib\site-packages\scipy\io\matlab\tests\data\big_endian.mat","273","2026-05-14 22:15:02"
".venv\Lib\site-packages\scipy\io\matlab\tests\data\broken_utf8.mat","216","2026-05-14 22:15:02"
".venv\Lib\site-packages\scipy\io\matlab\tests\data\corrupted_zlib_checksum.mat","276","2026-05-14 22:15:02"
".venv\Lib\site-packages\scipy\io\matlab\tests\data\corrupted_zlib_data.mat","3451","2026-05-14 22:15:02"
".venv\Lib\site-packages\scipy\io\matlab\tests\data\debigged_m4.mat","1024","2026-05-14 22:15:02"
".venv\Lib\site-packages\scipy\io\matlab\tests\data\japanese_utf8.txt","270","2026-05-14 22:15:02"
".venv\Lib\site-packages\scipy\io\matlab\tests\data\little_endian.mat","265","2026-05-14 22:15:02"
".venv\Lib\site-packages\scipy\io\matlab\tests\data\logical_sparse.mat","208","2026-05-14 22:15:02"
".venv\Lib\site-packages\scipy\io\matlab\tests\data\malformed1.mat","2208","2026-05-14 22:15:02"
".venv\Lib\site-packages\scipy\io\matlab\tests\data\miuint32_for_miint32.mat","272","2026-05-14 22:15:02"
".venv\Lib\site-packages\scipy\io\matlab\tests\data\miutf8_array_name.mat","208","2026-05-14 22:15:02"
".venv\Lib\site-packages\scipy\io\matlab\tests\data\nasty_duplicate_fieldnames.mat","8168","2026-05-14 22:15:02"
".venv\Lib\site-packages\scipy\io\matlab\tests\data\one_by_zero_char.mat","184","2026-05-14 22:15:02"
".venv\Lib\site-packages\scipy\io\matlab\tests\data\parabola.mat","729","2026-05-14 22:15:02"
".venv\Lib\site-packages\scipy\io\matlab\tests\data\single_empty_string.mat","171","2026-05-14 22:15:02"
".venv\Lib\site-packages\scipy\io\matlab\tests\data\some_functions.mat","1397","2026-05-14 22:15:02"
".venv\Lib\site-packages\scipy\io\matlab\tests\data\sqr.mat","679","2026-05-14 22:15:02"
".venv\Lib\site-packages\scipy\io\matlab\tests\data\test_empty_struct.mat","173","2026-05-14 22:15:02"
".venv\Lib\site-packages\scipy\io\matlab\tests\data\test_mat4_le_floats.mat","38","2026-05-14 22:15:02"
".venv\Lib\site-packages\scipy\io\matlab\tests\data\test_skip_variable.mat","20225","2026-05-14 22:15:02"
".venv\Lib\site-packages\scipy\io\matlab\tests\data\test3dmatrix_6.1_SOL2.mat","232","2026-05-14 22:15:02"
".venv\Lib\site-packages\scipy\io\matlab\tests\data\test3dmatrix_6.5.1_GLNX86.mat","232","2026-05-14 22:15:02"
".venv\Lib\site-packages\scipy\io\matlab\tests\data\test3dmatrix_7.1_GLNX86.mat","213","2026-05-14 22:15:02"
".venv\Lib\site-packages\scipy\io\matlab\tests\data\test3dmatrix_7.4_GLNX86.mat","213","2026-05-14 22:15:02"
".venv\Lib\site-packages\scipy\io\matlab\tests\data\testbool_8_WIN64.mat","185","2026-05-14 22:15:02"
".venv\Lib\site-packages\scipy\io\matlab\tests\data\testcell_6.1_SOL2.mat","536","2026-05-14 22:15:02"
".venv\Lib\site-packages\scipy\io\matlab\tests\data\testcell_6.5.1_GLNX86.mat","536","2026-05-14 22:15:02"
".venv\Lib\site-packages\scipy\io\matlab\tests\data\testcell_7.1_GLNX86.mat","283","2026-05-14 22:15:02"
".venv\Lib\site-packages\scipy\io\matlab\tests\data\testcell_7.4_GLNX86.mat","283","2026-05-14 22:15:02"
".venv\Lib\site-packages\scipy\io\matlab\tests\data\testcellnest_6.1_SOL2.mat","568","2026-05-14 22:15:02"
".venv\Lib\site-packages\scipy\io\matlab\tests\data\testcellnest_6.5.1_GLNX86.mat","568","2026-05-14 22:15:02"
".venv\Lib\site-packages\scipy\io\matlab\tests\data\testcellnest_7.1_GLNX86.mat","228","2026-05-14 22:15:02"
".venv\Lib\site-packages\scipy\io\matlab\tests\data\testcellnest_7.4_GLNX86.mat","228","2026-05-14 22:15:02"
".venv\Lib\site-packages\scipy\io\matlab\tests\data\testcomplex_4.2c_SOL2.mat","176","2026-05-14 22:15:02"
".venv\Lib\site-packages\scipy\io\matlab\tests\data\testcomplex_6.1_SOL2.mat","352","2026-05-14 22:15:02"
".venv\Lib\site-packages\scipy\io\matlab\tests\data\testcomplex_6.5.1_GLNX86.mat","352","2026-05-14 22:15:02"
".venv\Lib\site-packages\scipy\io\matlab\tests\data\testcomplex_7.1_GLNX86.mat","247","2026-05-14 22:15:02"
".venv\Lib\site-packages\scipy\io\matlab\tests\data\testcomplex_7.4_GLNX86.mat","247","2026-05-14 22:15:02"
".venv\Lib\site-packages\scipy\io\matlab\tests\data\testdouble_4.2c_SOL2.mat","103","2026-05-14 22:15:02"
".venv\Lib\site-packages\scipy\io\matlab\tests\data\testdouble_6.1_SOL2.mat","272","2026-05-14 22:15:02"
".venv\Lib\site-packages\scipy\io\matlab\tests\data\testdouble_6.5.1_GLNX86.mat","272","2026-05-14 22:15:02"
".venv\Lib\site-packages\scipy\io\matlab\tests\data\testdouble_7.1_GLNX86.mat","232","2026-05-14 22:15:02"
".venv\Lib\site-packages\scipy\io\matlab\tests\data\testdouble_7.4_GLNX86.mat","232","2026-05-14 22:15:02"
".venv\Lib\site-packages\scipy\io\matlab\tests\data\testemptycell_5.3_SOL2.mat","472","2026-05-14 22:15:02"
".venv\Lib\site-packages\scipy\io\matlab\tests\data\testemptycell_6.5.1_GLNX86.mat","472","2026-05-14 22:15:02"
".venv\Lib\site-packages\scipy\io\matlab\tests\data\testemptycell_7.1_GLNX86.mat","218","2026-05-14 22:15:02"
".venv\Lib\site-packages\scipy\io\matlab\tests\data\testemptycell_7.4_GLNX86.mat","218","2026-05-14 22:15:02"
".venv\Lib\site-packages\scipy\io\matlab\tests\data\testfunc_7.4_GLNX86.mat","381","2026-05-14 22:15:02"
".venv\Lib\site-packages\scipy\io\matlab\tests\data\testhdf5_7.4_GLNX86.mat","4168","2026-05-14 22:15:02"
".venv\Lib\site-packages\scipy\io\matlab\tests\data\testmatrix_4.2c_SOL2.mat","151","2026-05-14 22:15:02"
".venv\Lib\site-packages\scipy\io\matlab\tests\data\testmatrix_6.1_SOL2.mat","216","2026-05-14 22:15:02"
".venv\Lib\site-packages\scipy\io\matlab\tests\data\testmatrix_6.5.1_GLNX86.mat","216","2026-05-14 22:15:02"
".venv\Lib\site-packages\scipy\io\matlab\tests\data\testmatrix_7.1_GLNX86.mat","193","2026-05-14 22:15:02"
".venv\Lib\site-packages\scipy\io\matlab\tests\data\testmatrix_7.4_GLNX86.mat","193","2026-05-14 22:15:02"
".venv\Lib\site-packages\scipy\io\matlab\tests\data\testminus_4.2c_SOL2.mat","38","2026-05-14 22:15:02"
".venv\Lib\site-packages\scipy\io\matlab\tests\data\testminus_6.1_SOL2.mat","200","2026-05-14 22:15:02"
".venv\Lib\site-packages\scipy\io\matlab\tests\data\testminus_6.5.1_GLNX86.mat","200","2026-05-14 22:15:02"
".venv\Lib\site-packages\scipy\io\matlab\tests\data\testminus_7.1_GLNX86.mat","184","2026-05-14 22:15:02"
".venv\Lib\site-packages\scipy\io\matlab\tests\data\testminus_7.4_GLNX86.mat","184","2026-05-14 22:15:02"
".venv\Lib\site-packages\scipy\io\matlab\tests\data\testmulti_4.2c_SOL2.mat","240","2026-05-14 22:15:02"
".venv\Lib\site-packages\scipy\io\matlab\tests\data\testmulti_7.1_GLNX86.mat","276","2026-05-14 22:15:02"
".venv\Lib\site-packages\scipy\io\matlab\tests\data\testmulti_7.4_GLNX86.mat","276","2026-05-14 22:15:02"
".venv\Lib\site-packages\scipy\io\matlab\tests\data\testobject_6.1_SOL2.mat","800","2026-05-14 22:15:02"
".venv\Lib\site-packages\scipy\io\matlab\tests\data\testobject_6.5.1_GLNX86.mat","672","2026-05-14 22:15:02"
".venv\Lib\site-packages\scipy\io\matlab\tests\data\testobject_7.1_GLNX86.mat","306","2026-05-14 22:15:02"
".venv\Lib\site-packages\scipy\io\matlab\tests\data\testobject_7.4_GLNX86.mat","306","2026-05-14 22:15:02"
".venv\Lib\site-packages\scipy\io\matlab\tests\data\testonechar_4.2c_SOL2.mat","40","2026-05-14 22:15:02"
".venv\Lib\site-packages\scipy\io\matlab\tests\data\testonechar_6.1_SOL2.mat","200","2026-05-14 22:15:02"
".venv\Lib\site-packages\scipy\io\matlab\tests\data\testonechar_6.5.1_GLNX86.mat","200","2026-05-14 22:15:02"
".venv\Lib\site-packages\scipy\io\matlab\tests\data\testonechar_7.1_GLNX86.mat","184","2026-05-14 22:15:02"
".venv\Lib\site-packages\scipy\io\matlab\tests\data\testonechar_7.4_GLNX86.mat","184","2026-05-14 22:15:02"
".venv\Lib\site-packages\scipy\io\matlab\tests\data\testscalarcell_7.4_GLNX86.mat","194","2026-05-14 22:15:02"
".venv\Lib\site-packages\scipy\io\matlab\tests\data\testsimplecell.mat","220","2026-05-14 22:15:02"
".venv\Lib\site-packages\scipy\io\matlab\tests\data\testsparse_4.2c_SOL2.mat","223","2026-05-14 22:15:02"
".venv\Lib\site-packages\scipy\io\matlab\tests\data\testsparse_6.1_SOL2.mat","280","2026-05-14 22:15:02"
".venv\Lib\site-packages\scipy\io\matlab\tests\data\testsparse_6.5.1_GLNX86.mat","328","2026-05-14 22:15:02"
".venv\Lib\site-packages\scipy\io\matlab\tests\data\testsparse_7.1_GLNX86.mat","229","2026-05-14 22:15:02"
".venv\Lib\site-packages\scipy\io\matlab\tests\data\testsparse_7.4_GLNX86.mat","229","2026-05-14 22:15:02"
".venv\Lib\site-packages\scipy\io\matlab\tests\data\testsparsecomplex_4.2c_SOL2.mat","294","2026-05-14 22:15:02"
".venv\Lib\site-packages\scipy\io\matlab\tests\data\testsparsecomplex_6.1_SOL2.mat","304","2026-05-14 22:15:02"
".venv\Lib\site-packages\scipy\io\matlab\tests\data\testsparsecomplex_6.5.1_GLNX86.mat","400","2026-05-14 22:15:02"
".venv\Lib\site-packages\scipy\io\matlab\tests\data\testsparsecomplex_7.1_GLNX86.mat","241","2026-05-14 22:15:02"
".venv\Lib\site-packages\scipy\io\matlab\tests\data\testsparsecomplex_7.4_GLNX86.mat","241","2026-05-14 22:15:02"
".venv\Lib\site-packages\scipy\io\matlab\tests\data\testsparsefloat_7.4_GLNX86.mat","219","2026-05-14 22:15:02"
".venv\Lib\site-packages\scipy\io\matlab\tests\data\teststring_4.2c_SOL2.mat","375","2026-05-14 22:15:02"
".venv\Lib\site-packages\scipy\io\matlab\tests\data\teststring_6.1_SOL2.mat","288","2026-05-14 22:15:02"
".venv\Lib\site-packages\scipy\io\matlab\tests\data\teststring_6.5.1_GLNX86.mat","288","2026-05-14 22:15:02"
".venv\Lib\site-packages\scipy\io\matlab\tests\data\teststring_7.1_GLNX86.mat","224","2026-05-14 22:15:02"
".venv\Lib\site-packages\scipy\io\matlab\tests\data\teststring_7.4_GLNX86.mat","224","2026-05-14 22:15:02"
".venv\Lib\site-packages\scipy\io\matlab\tests\data\teststringarray_4.2c_SOL2.mat","156","2026-05-14 22:15:02"
".venv\Lib\site-packages\scipy\io\matlab\tests\data\teststringarray_6.1_SOL2.mat","232","2026-05-14 22:15:02"
".venv\Lib\site-packages\scipy\io\matlab\tests\data\teststringarray_6.5.1_GLNX86.mat","232","2026-05-14 22:15:02"
".venv\Lib\site-packages\scipy\io\matlab\tests\data\teststringarray_7.1_GLNX86.mat","203","2026-05-14 22:15:02"
".venv\Lib\site-packages\scipy\io\matlab\tests\data\teststringarray_7.4_GLNX86.mat","203","2026-05-14 22:15:02"
".venv\Lib\site-packages\scipy\io\matlab\tests\data\teststruct_6.1_SOL2.mat","608","2026-05-14 22:15:02"
".venv\Lib\site-packages\scipy\io\matlab\tests\data\teststruct_6.5.1_GLNX86.mat","552","2026-05-14 22:15:02"
".venv\Lib\site-packages\scipy\io\matlab\tests\data\teststruct_7.1_GLNX86.mat","314","2026-05-14 22:15:02"
".venv\Lib\site-packages\scipy\io\matlab\tests\data\teststruct_7.4_GLNX86.mat","314","2026-05-14 22:15:02"
".venv\Lib\site-packages\scipy\io\matlab\tests\data\teststructarr_6.1_SOL2.mat","528","2026-05-14 22:15:02"
".venv\Lib\site-packages\scipy\io\matlab\tests\data\teststructarr_6.5.1_GLNX86.mat","472","2026-05-14 22:15:02"
".venv\Lib\site-packages\scipy\io\matlab\tests\data\teststructarr_7.1_GLNX86.mat","246","2026-05-14 22:15:02"
".venv\Lib\site-packages\scipy\io\matlab\tests\data\teststructarr_7.4_GLNX86.mat","246","2026-05-14 22:15:02"
".venv\Lib\site-packages\scipy\io\matlab\tests\data\teststructnest_6.1_SOL2.mat","496","2026-05-14 22:15:02"
".venv\Lib\site-packages\scipy\io\matlab\tests\data\teststructnest_6.5.1_GLNX86.mat","416","2026-05-14 22:15:02"
".venv\Lib\site-packages\scipy\io\matlab\tests\data\teststructnest_7.1_GLNX86.mat","252","2026-05-14 22:15:02"
".venv\Lib\site-packages\scipy\io\matlab\tests\data\teststructnest_7.4_GLNX86.mat","252","2026-05-14 22:15:02"
".venv\Lib\site-packages\scipy\io\matlab\tests\data\testunicode_7.1_GLNX86.mat","357","2026-05-14 22:15:02"
".venv\Lib\site-packages\scipy\io\matlab\tests\data\testunicode_7.4_GLNX86.mat","357","2026-05-14 22:15:02"
".venv\Lib\site-packages\scipy\io\matlab\tests\data\testvec_4_GLNX86.mat","93","2026-05-14 22:15:02"
".venv\Lib\site-packages\scipy\io\matlab\tests\test_byteordercodes.py","967","2026-05-14 22:15:02"
".venv\Lib\site-packages\scipy\io\matlab\tests\test_mio_funcs.py","1441","2026-05-14 22:15:02"
".venv\Lib\site-packages\scipy\io\matlab\tests\test_mio_utils.py","1639","2026-05-14 22:15:02"
".venv\Lib\site-packages\scipy\io\matlab\tests\test_mio.py","48583","2026-05-14 22:15:02"
".venv\Lib\site-packages\scipy\io\matlab\tests\test_mio5_utils.py","5568","2026-05-14 22:15:02"
".venv\Lib\site-packages\scipy\io\matlab\tests\test_miobase.py","1492","2026-05-14 22:15:02"
".venv\Lib\site-packages\scipy\io\matlab\tests\test_pathological.py","1088","2026-05-14 22:15:02"
".venv\Lib\site-packages\scipy\io\matlab\tests\test_streams.py","7784","2026-05-14 22:15:02"
".venv\Lib\site-packages\scipy\io\mmio.py","543","2026-05-14 22:15:02"
".venv\Lib\site-packages\scipy\io\netcdf.py","550","2026-05-14 22:15:02"
".venv\Lib\site-packages\scipy\io\tests\__init__.py","0","2026-05-14 22:15:02"
".venv\Lib\site-packages\scipy\io\tests\data\array_float32_1d.sav","2628","2026-05-14 22:15:02"
".venv\Lib\site-packages\scipy\io\tests\data\array_float32_2d.sav","3192","2026-05-14 22:15:02"
".venv\Lib\site-packages\scipy\io\tests\data\array_float32_3d.sav","13752","2026-05-14 22:15:02"
".venv\Lib\site-packages\scipy\io\tests\data\array_float32_4d.sav","6616","2026-05-14 22:15:02"
".venv\Lib\site-packages\scipy\io\tests\data\array_float32_5d.sav","7896","2026-05-14 22:15:02"
".venv\Lib\site-packages\scipy\io\tests\data\array_float32_6d.sav","19416","2026-05-14 22:15:02"
".venv\Lib\site-packages\scipy\io\tests\data\array_float32_7d.sav","3288","2026-05-14 22:15:02"
".venv\Lib\site-packages\scipy\io\tests\data\array_float32_8d.sav","13656","2026-05-14 22:15:02"
".venv\Lib\site-packages\scipy\io\tests\data\array_float32_pointer_1d.sav","2692","2026-05-14 22:15:02"
".venv\Lib\site-packages\scipy\io\tests\data\array_float32_pointer_2d.sav","3256","2026-05-14 22:15:02"
".venv\Lib\site-packages\scipy\io\tests\data\array_float32_pointer_3d.sav","13816","2026-05-14 22:15:02"
".venv\Lib\site-packages\scipy\io\tests\data\array_float32_pointer_4d.sav","6680","2026-05-14 22:15:02"
".venv\Lib\site-packages\scipy\io\tests\data\array_float32_pointer_5d.sav","7960","2026-05-14 22:15:02"
".venv\Lib\site-packages\scipy\io\tests\data\array_float32_pointer_6d.sav","19480","2026-05-14 22:15:02"
".venv\Lib\site-packages\scipy\io\tests\data\array_float32_pointer_7d.sav","3352","2026-05-14 22:15:02"
".venv\Lib\site-packages\scipy\io\tests\data\array_float32_pointer_8d.sav","13720","2026-05-14 22:15:02"
".venv\Lib\site-packages\scipy\io\tests\data\example_1.nc","1736","2026-05-14 22:15:02"
".venv\Lib\site-packages\scipy\io\tests\data\example_2.nc","272","2026-05-14 22:15:02"
".venv\Lib\site-packages\scipy\io\tests\data\example_3_maskedvals.nc","1424","2026-05-14 22:15:02"
".venv\Lib\site-packages\scipy\io\tests\data\fortran-3x3d-2i.dat","451","2026-05-14 22:15:02"
".venv\Lib\site-packages\scipy\io\tests\data\fortran-mixed.dat","40","2026-05-14 22:15:02"
".venv\Lib\site-packages\scipy\io\tests\data\fortran-sf8-11x1x10.dat","888","2026-05-14 22:15:02"
".venv\Lib\site-packages\scipy\io\tests\data\fortran-sf8-15x10x22.dat","26408","2026-05-14 22:15:02"
".venv\Lib\site-packages\scipy\io\tests\data\fortran-sf8-1x1x1.dat","16","2026-05-14 22:15:02"
".venv\Lib\site-packages\scipy\io\tests\data\fortran-sf8-1x1x5.dat","48","2026-05-14 22:15:02"
".venv\Lib\site-packages\scipy\io\tests\data\fortran-sf8-1x1x7.dat","64","2026-05-14 22:15:02"
".venv\Lib\site-packages\scipy\io\tests\data\fortran-sf8-1x3x5.dat","128","2026-05-14 22:15:02"
".venv\Lib\site-packages\scipy\io\tests\data\fortran-si4-11x1x10.dat","448","2026-05-14 22:15:02"
".venv\Lib\site-packages\scipy\io\tests\data\fortran-si4-15x10x22.dat","13208","2026-05-14 22:15:02"
".venv\Lib\site-packages\scipy\io\tests\data\fortran-si4-1x1x1.dat","12","2026-05-14 22:15:02"
".venv\Lib\site-packages\scipy\io\tests\data\fortran-si4-1x1x5.dat","28","2026-05-14 22:15:02"
".venv\Lib\site-packages\scipy\io\tests\data\fortran-si4-1x1x7.dat","36","2026-05-14 22:15:02"
".venv\Lib\site-packages\scipy\io\tests\data\fortran-si4-1x3x5.dat","68","2026-05-14 22:15:02"
".venv\Lib\site-packages\scipy\io\tests\data\invalid_pointer.sav","1280","2026-05-14 22:15:03"
".venv\Lib\site-packages\scipy\io\tests\data\null_pointer.sav","2180","2026-05-14 22:15:03"
".venv\Lib\site-packages\scipy\io\tests\data\scalar_byte_descr.sav","2124","2026-05-14 22:15:03"
".venv\Lib\site-packages\scipy\io\tests\data\scalar_byte.sav","2076","2026-05-14 22:15:03"
".venv\Lib\site-packages\scipy\io\tests\data\scalar_complex32.sav","2076","2026-05-14 22:15:03"
".venv\Lib\site-packages\scipy\io\tests\data\scalar_complex64.sav","2084","2026-05-14 22:15:03"
".venv\Lib\site-packages\scipy\io\tests\data\scalar_float32.sav","2072","2026-05-14 22:15:03"
".venv\Lib\site-packages\scipy\io\tests\data\scalar_float64.sav","2076","2026-05-14 22:15:03"
".venv\Lib\site-packages\scipy\io\tests\data\scalar_heap_pointer.sav","2204","2026-05-14 22:15:03"
".venv\Lib\site-packages\scipy\io\tests\data\scalar_int16.sav","2072","2026-05-14 22:15:03"
".venv\Lib\site-packages\scipy\io\tests\data\scalar_int32.sav","2072","2026-05-14 22:15:03"
".venv\Lib\site-packages\scipy\io\tests\data\scalar_int64.sav","2076","2026-05-14 22:15:03"
".venv\Lib\site-packages\scipy\io\tests\data\scalar_string.sav","2124","2026-05-14 22:15:03"
".venv\Lib\site-packages\scipy\io\tests\data\scalar_uint16.sav","2072","2026-05-14 22:15:03"
".venv\Lib\site-packages\scipy\io\tests\data\scalar_uint32.sav","2072","2026-05-14 22:15:03"
".venv\Lib\site-packages\scipy\io\tests\data\scalar_uint64.sav","2076","2026-05-14 22:15:03"
".venv\Lib\site-packages\scipy\io\tests\data\struct_arrays_byte_idl80.sav","1388","2026-05-14 22:15:03"
".venv\Lib\site-packages\scipy\io\tests\data\struct_arrays_replicated_3d.sav","4608","2026-05-14 22:15:03"
".venv\Lib\site-packages\scipy\io\tests\data\struct_arrays_replicated.sav","2936","2026-05-14 22:15:03"
".venv\Lib\site-packages\scipy\io\tests\data\struct_arrays.sav","2580","2026-05-14 22:15:03"
".venv\Lib\site-packages\scipy\io\tests\data\struct_inherit.sav","2404","2026-05-14 22:15:03"
".venv\Lib\site-packages\scipy\io\tests\data\struct_pointer_arrays_replicated_3d.sav","2872","2026-05-14 22:15:03"
".venv\Lib\site-packages\scipy\io\tests\data\struct_pointer_arrays_replicated.sav","2492","2026-05-14 22:15:03"
".venv\Lib\site-packages\scipy\io\tests\data\struct_pointer_arrays.sav","2408","2026-05-14 22:15:03"
".venv\Lib\site-packages\scipy\io\tests\data\struct_pointers_replicated_3d.sav","2456","2026-05-14 22:15:03"
".venv\Lib\site-packages\scipy\io\tests\data\struct_pointers_replicated.sav","2304","2026-05-14 22:15:03"
".venv\Lib\site-packages\scipy\io\tests\data\struct_pointers.sav","2268","2026-05-14 22:15:03"
".venv\Lib\site-packages\scipy\io\tests\data\struct_scalars_replicated_3d.sav","3240","2026-05-14 22:15:03"
".venv\Lib\site-packages\scipy\io\tests\data\struct_scalars_replicated.sav","2480","2026-05-14 22:15:03"
".venv\Lib\site-packages\scipy\io\tests\data\struct_scalars.sav","2316","2026-05-14 22:15:03"
".venv\Lib\site-packages\scipy\io\tests\data\test-1234Hz-le-1ch-10S-20bit-extra.wav","74","2026-05-14 22:15:03"
".venv\Lib\site-packages\scipy\io\tests\data\test-44100Hz-2ch-32bit-float-be.wav","3586","2026-05-14 22:15:03"
".venv\Lib\site-packages\scipy\io\tests\data\test-44100Hz-2ch-32bit-float-le.wav","3586","2026-05-14 22:15:03"
".venv\Lib\site-packages\scipy\io\tests\data\test-44100Hz-be-1ch-4bytes.wav","17720","2026-05-14 22:15:03"
".venv\Lib\site-packages\scipy\io\tests\data\test-44100Hz-le-1ch-4bytes-early-eof-no-data.wav","72","2026-05-14 22:15:03"
".venv\Lib\site-packages\scipy\io\tests\data\test-44100Hz-le-1ch-4bytes-early-eof.wav","1024","2026-05-14 22:15:03"
".venv\Lib\site-packages\scipy\io\tests\data\test-44100Hz-le-1ch-4bytes-incomplete-chunk.wav","13","2026-05-14 22:15:03"
".venv\Lib\site-packages\scipy\io\tests\data\test-44100Hz-le-1ch-4bytes-rf64.wav","17756","2026-05-14 22:15:03"
".venv\Lib\site-packages\scipy\io\tests\data\test-44100Hz-le-1ch-4bytes.wav","17720","2026-05-14 22:15:03"
".venv\Lib\site-packages\scipy\io\tests\data\test-48000Hz-2ch-64bit-float-le-wavex.wav","7792","2026-05-14 22:15:03"
".venv\Lib\site-packages\scipy\io\tests\data\test-8000Hz-be-3ch-5S-24bit.wav","90","2026-05-14 22:15:03"
".venv\Lib\site-packages\scipy\io\tests\data\test-8000Hz-le-1ch-1byte-ulaw.wav","70","2026-05-14 22:15:03"
".venv\Lib\site-packages\scipy\io\tests\data\test-8000Hz-le-2ch-1byteu.wav","1644","2026-05-14 22:15:03"
".venv\Lib\site-packages\scipy\io\tests\data\test-8000Hz-le-3ch-5S-24bit-inconsistent.wav","90","2026-05-14 22:15:03"
".venv\Lib\site-packages\scipy\io\tests\data\test-8000Hz-le-3ch-5S-24bit-rf64.wav","126","2026-05-14 22:15:03"
".venv\Lib\site-packages\scipy\io\tests\data\test-8000Hz-le-3ch-5S-24bit.wav","90","2026-05-14 22:15:03"
".venv\Lib\site-packages\scipy\io\tests\data\test-8000Hz-le-3ch-5S-36bit.wav","120","2026-05-14 22:15:03"
".venv\Lib\site-packages\scipy\io\tests\data\test-8000Hz-le-3ch-5S-45bit.wav","134","2026-05-14 22:15:03"
".venv\Lib\site-packages\scipy\io\tests\data\test-8000Hz-le-3ch-5S-53bit.wav","150","2026-05-14 22:15:03"
".venv\Lib\site-packages\scipy\io\tests\data\test-8000Hz-le-3ch-5S-64bit.wav","164","2026-05-14 22:15:03"
".venv\Lib\site-packages\scipy\io\tests\data\test-8000Hz-le-4ch-9S-12bit.wav","116","2026-05-14 22:15:03"
".venv\Lib\site-packages\scipy\io\tests\data\test-8000Hz-le-5ch-9S-5bit.wav","89","2026-05-14 22:15:03"
".venv\Lib\site-packages\scipy\io\tests\data\Transparent Busy.ani","4362","2026-05-14 22:15:03"
".venv\Lib\site-packages\scipy\io\tests\data\various_compressed.sav","1015","2026-05-14 22:15:03"
".venv\Lib\site-packages\scipy\io\tests\test_fortran.py","11707","2026-05-14 22:15:02"
".venv\Lib\site-packages\scipy\io\tests\test_idl.py","21013","2026-05-14 22:15:02"
".venv\Lib\site-packages\scipy\io\tests\test_mmio.py","30017","2026-05-14 22:15:02"
".venv\Lib\site-packages\scipy\io\tests\test_netcdf.py","20110","2026-05-14 22:15:02"
".venv\Lib\site-packages\scipy\io\tests\test_paths.py","3283","2026-05-14 22:15:02"
".venv\Lib\site-packages\scipy\io\tests\test_wavfile.py","19614","2026-05-14 22:15:02"
".venv\Lib\site-packages\scipy\io\wavfile.py","31635","2026-05-14 22:15:02"
".venv\Lib\site-packages\scipy\linalg\__init__.pxd","54","2026-05-14 22:15:03"
".venv\Lib\site-packages\scipy\linalg\__init__.py","7660","2026-05-14 22:15:03"
".venv\Lib\site-packages\scipy\linalg\_basic.py","90838","2026-05-14 22:15:03"
".venv\Lib\site-packages\scipy\linalg\_batched_linalg.cp312-win_amd64.dll.a","1640","2026-05-14 22:15:03"
".venv\Lib\site-packages\scipy\linalg\_batched_linalg.cp312-win_amd64.pyd","1057792","2026-05-14 22:15:03"
".venv\Lib\site-packages\scipy\linalg\_blas_subroutines.h","18354","2026-05-14 22:15:03"
".venv\Lib\site-packages\scipy\linalg\_cythonized_array_utils.cp312-win_amd64.dll.a","1736","2026-05-14 22:15:03"
".venv\Lib\site-packages\scipy\linalg\_cythonized_array_utils.cp312-win_amd64.pyd","312832","2026-05-14 22:15:03"
".venv\Lib\site-packages\scipy\linalg\_cythonized_array_utils.pxd","930","2026-05-14 22:15:03"
".venv\Lib\site-packages\scipy\linalg\_cythonized_array_utils.pyi","356","2026-05-14 22:15:03"
".venv\Lib\site-packages\scipy\linalg\_decomp_cholesky.py","15269","2026-05-14 22:15:03"
".venv\Lib\site-packages\scipy\linalg\_decomp_cossin.py","9839","2026-05-14 22:15:03"
".venv\Lib\site-packages\scipy\linalg\_decomp_interpolative.cp312-win_amd64.dll.a","1712","2026-05-14 22:15:03"
".venv\Lib\site-packages\scipy\linalg\_decomp_interpolative.cp312-win_amd64.pyd","749056","2026-05-14 22:15:03"
".venv\Lib\site-packages\scipy\linalg\_decomp_ldl.py","12968","2026-05-14 22:15:03"
".venv\Lib\site-packages\scipy\linalg\_decomp_lu_cython.cp312-win_amd64.dll.a","1664","2026-05-14 22:15:03"
".venv\Lib\site-packages\scipy\linalg\_decomp_lu_cython.cp312-win_amd64.pyd","120832","2026-05-14 22:15:03"
".venv\Lib\site-packages\scipy\linalg\_decomp_lu_cython.pyi","355","2026-05-14 22:15:03"
".venv\Lib\site-packages\scipy\linalg\_decomp_lu.py","13895","2026-05-14 22:15:03"
".venv\Lib\site-packages\scipy\linalg\_decomp_polar.py","3767","2026-05-14 22:15:03"
".venv\Lib\site-packages\scipy\linalg\_decomp_qr.py","16000","2026-05-14 22:15:03"
".venv\Lib\site-packages\scipy\linalg\_decomp_qz.py","16908","2026-05-14 22:15:03"
".venv\Lib\site-packages\scipy\linalg\_decomp_schur.py","12508","2026-05-14 22:15:03"
".venv\Lib\site-packages\scipy\linalg\_decomp_svd.py","17684","2026-05-14 22:15:03"
".venv\Lib\site-packages\scipy\linalg\_decomp_update.cp312-win_amd64.dll.a","1628","2026-05-14 22:15:03"
".venv\Lib\site-packages\scipy\linalg\_decomp_update.cp312-win_amd64.pyd","282624","2026-05-14 22:15:03"
".venv\Lib\site-packages\scipy\linalg\_decomp.py","64368","2026-05-14 22:15:03"
".venv\Lib\site-packages\scipy\linalg\_expm_frechet.py","12859","2026-05-14 22:15:03"
".venv\Lib\site-packages\scipy\linalg\_fblas.cp312-win_amd64.dll.a","1532","2026-05-14 22:15:03"
".venv\Lib\site-packages\scipy\linalg\_fblas.cp312-win_amd64.pyd","737792","2026-05-14 22:15:03"
".venv\Lib\site-packages\scipy\linalg\_flapack.cp312-win_amd64.dll.a","1560","2026-05-14 22:15:03"
".venv\Lib\site-packages\scipy\linalg\_flapack.cp312-win_amd64.pyd","2273280","2026-05-14 22:15:03"
".venv\Lib\site-packages\scipy\linalg\_lapack_subroutines.h","240854","2026-05-14 22:15:03"
".venv\Lib\site-packages\scipy\linalg\_linalg_pythran.cp312-win_amd64.dll.a","1640","2026-05-14 22:15:03"
".venv\Lib\site-packages\scipy\linalg\_linalg_pythran.cp312-win_amd64.pyd","1061888","2026-05-14 22:15:03"
".venv\Lib\site-packages\scipy\linalg\_matfuncs_expm.cp312-win_amd64.dll.a","1628","2026-05-14 22:15:03"
".venv\Lib\site-packages\scipy\linalg\_matfuncs_expm.cp312-win_amd64.pyd","229376","2026-05-14 22:15:03"
".venv\Lib\site-packages\scipy\linalg\_matfuncs_expm.pyi","184","2026-05-14 22:15:03"
".venv\Lib\site-packages\scipy\linalg\_matfuncs_inv_ssq.py","28981","2026-05-14 22:15:03"
".venv\Lib\site-packages\scipy\linalg\_matfuncs_schur_sqrtm.cp312-win_amd64.dll.a","1712","2026-05-14 22:15:03"
".venv\Lib\site-packages\scipy\linalg\_matfuncs_schur_sqrtm.cp312-win_amd64.pyd","211456","2026-05-14 22:15:03"
".venv\Lib\site-packages\scipy\linalg\_matfuncs_sqrtm_triu.cp312-win_amd64.dll.a","1704","2026-05-14 22:15:03"
".venv\Lib\site-packages\scipy\linalg\_matfuncs_sqrtm_triu.cp312-win_amd64.pyd","103424","2026-05-14 22:15:03"
".venv\Lib\site-packages\scipy\linalg\_matfuncs_sqrtm.py","3530","2026-05-14 22:15:03"
".venv\Lib\site-packages\scipy\linalg\_matfuncs.py","33361","2026-05-14 22:15:03"
".venv\Lib\site-packages\scipy\linalg\_misc.py","6492","2026-05-14 22:15:03"
".venv\Lib\site-packages\scipy\linalg\_procrustes.py","3978","2026-05-14 22:15:03"
".venv\Lib\site-packages\scipy\linalg\_sketches.py","7337","2026-05-14 22:15:03"
".venv\Lib\site-packages\scipy\linalg\_solve_toeplitz.cp312-win_amd64.dll.a","1640","2026-05-14 22:15:03"
".venv\Lib\site-packages\scipy\linalg\_solve_toeplitz.cp312-win_amd64.pyd","122880","2026-05-14 22:15:03"
".venv\Lib\site-packages\scipy\linalg\_solvers.py","31034","2026-05-14 22:15:03"
".venv\Lib\site-packages\scipy\linalg\_special_matrices.py","42512","2026-05-14 22:15:03"
".venv\Lib\site-packages\scipy\linalg\_testutils.py","1872","2026-05-14 22:15:03"
".venv\Lib\site-packages\scipy\linalg\basic.py","776","2026-05-14 22:15:03"
".venv\Lib\site-packages\scipy\linalg\blas.py","12328","2026-05-14 22:15:03"
".venv\Lib\site-packages\scipy\linalg\cython_blas.cp312-win_amd64.dll.a","1592","2026-05-14 22:15:03"
".venv\Lib\site-packages\scipy\linalg\cython_blas.cp312-win_amd64.pyd","119296","2026-05-14 22:15:03"
".venv\Lib\site-packages\scipy\linalg\cython_blas.pxd","15761","2026-05-14 22:15:03"
".venv\Lib\site-packages\scipy\linalg\cython_blas.pyx","66736","2026-05-14 22:15:03"
".venv\Lib\site-packages\scipy\linalg\cython_lapack.cp312-win_amd64.dll.a","1616","2026-05-14 22:15:03"
".venv\Lib\site-packages\scipy\linalg\cython_lapack.cp312-win_amd64.pyd","199168","2026-05-14 22:15:03"
".venv\Lib\site-packages\scipy\linalg\cython_lapack.pxd","206084","2026-05-14 22:15:03"
".venv\Lib\site-packages\scipy\linalg\cython_lapack.pyx","719057","2026-05-14 22:15:03"
".venv\Lib\site-packages\scipy\linalg\decomp_cholesky.py","670","2026-05-14 22:15:03"
".venv\Lib\site-packages\scipy\linalg\decomp_lu.py","614","2026-05-14 22:15:03"
".venv\Lib\site-packages\scipy\linalg\decomp_qr.py","587","2026-05-14 22:15:03"
".venv\Lib\site-packages\scipy\linalg\decomp_schur.py","623","2026-05-14 22:15:03"
".venv\Lib\site-packages\scipy\linalg\decomp_svd.py","652","2026-05-14 22:15:03"
".venv\Lib\site-packages\scipy\linalg\decomp.py","731","2026-05-14 22:15:03"
".venv\Lib\site-packages\scipy\linalg\interpolative.py","32110","2026-05-14 22:15:03"
".venv\Lib\site-packages\scipy\linalg\lapack.py","18624","2026-05-14 22:15:03"
".venv\Lib\site-packages\scipy\linalg\matfuncs.py","767","2026-05-14 22:15:03"
".venv\Lib\site-packages\scipy\linalg\misc.py","613","2026-05-14 22:15:03"
".venv\Lib\site-packages\scipy\linalg\special_matrices.py","771","2026-05-14 22:15:03"
".venv\Lib\site-packages\scipy\linalg\tests\__init__.py","0","2026-05-14 22:15:03"
".venv\Lib\site-packages\scipy\linalg\tests\_cython_examples\extending.pyx","910","2026-05-14 22:15:03"
".venv\Lib\site-packages\scipy\linalg\tests\_cython_examples\meson.build","880","2026-05-14 22:15:03"
".venv\Lib\site-packages\scipy\linalg\tests\data\carex_15_data.npz","34462","2026-05-14 22:15:03"
".venv\Lib\site-packages\scipy\linalg\tests\data\carex_18_data.npz","161487","2026-05-14 22:15:03"
".venv\Lib\site-packages\scipy\linalg\tests\data\carex_19_data.npz","34050","2026-05-14 22:15:03"
".venv\Lib\site-packages\scipy\linalg\tests\data\carex_20_data.npz","31231","2026-05-14 22:15:03"
".venv\Lib\site-packages\scipy\linalg\tests\data\carex_6_data.npz","15878","2026-05-14 22:15:03"
".venv\Lib\site-packages\scipy\linalg\tests\data\gendare_20170120_data.npz","2164","2026-05-14 22:15:03"
".venv\Lib\site-packages\scipy\linalg\tests\test_basic.py","108198","2026-05-14 22:15:03"
".venv\Lib\site-packages\scipy\linalg\tests\test_batch.py","29494","2026-05-14 22:15:03"
".venv\Lib\site-packages\scipy\linalg\tests\test_blas.py","38632","2026-05-14 22:15:03"
".venv\Lib\site-packages\scipy\linalg\tests\test_cython_blas.py","4205","2026-05-14 22:15:03"
".venv\Lib\site-packages\scipy\linalg\tests\test_cython_lapack.py","818","2026-05-14 22:15:03"
".venv\Lib\site-packages\scipy\linalg\tests\test_cythonized_array_utils.py","4337","2026-05-14 22:15:03"
".venv\Lib\site-packages\scipy\linalg\tests\test_decomp_cholesky.py","10011","2026-05-14 22:15:03"
".venv\Lib\site-packages\scipy\linalg\tests\test_decomp_cossin.py","12874","2026-05-14 22:15:03"
".venv\Lib\site-packages\scipy\linalg\tests\test_decomp_ldl.py","5170","2026-05-14 22:15:03"
".venv\Lib\site-packages\scipy\linalg\tests\test_decomp_lu.py","12937","2026-05-14 22:15:03"
".venv\Lib\site-packages\scipy\linalg\tests\test_decomp_polar.py","3397","2026-05-14 22:15:03"
".venv\Lib\site-packages\scipy\linalg\tests\test_decomp_update.py","70124","2026-05-14 22:15:03"
".venv\Lib\site-packages\scipy\linalg\tests\test_decomp.py","123619","2026-05-14 22:15:03"
".venv\Lib\site-packages\scipy\linalg\tests\test_extending.py","1870","2026-05-14 22:15:03"
".venv\Lib\site-packages\scipy\linalg\tests\test_fblas.py","19266","2026-05-14 22:15:03"
".venv\Lib\site-packages\scipy\linalg\tests\test_interpolative.py","8848","2026-05-14 22:15:03"
".venv\Lib\site-packages\scipy\linalg\tests\test_lapack.py","142485","2026-05-14 22:15:03"
".venv\Lib\site-packages\scipy\linalg\tests\test_matfuncs.py","45037","2026-05-14 22:15:03"
".venv\Lib\site-packages\scipy\linalg\tests\test_matmul_toeplitz.py","4224","2026-05-14 22:15:03"
".venv\Lib\site-packages\scipy\linalg\tests\test_procrustes.py","9267","2026-05-14 22:15:03"
".venv\Lib\site-packages\scipy\linalg\tests\test_sketches.py","4129","2026-05-14 22:15:03"
".venv\Lib\site-packages\scipy\linalg\tests\test_solve_toeplitz.py","4716","2026-05-14 22:15:03"
".venv\Lib\site-packages\scipy\linalg\tests\test_solvers.py","35460","2026-05-14 22:15:03"
".venv\Lib\site-packages\scipy\linalg\tests\test_special_matrices.py","25460","2026-05-14 22:15:03"
".venv\Lib\site-packages\scipy\misc\__init__.py","141","2026-05-14 22:15:03"
".venv\Lib\site-packages\scipy\misc\common.py","148","2026-05-14 22:15:03"
".venv\Lib\site-packages\scipy\misc\doccer.py","148","2026-05-14 22:15:03"
".venv\Lib\site-packages\scipy\ndimage\__init__.py","5349","2026-05-14 22:15:03"
".venv\Lib\site-packages\scipy\ndimage\_ctest.cp312-win_amd64.dll.a","1532","2026-05-14 22:15:03"
".venv\Lib\site-packages\scipy\ndimage\_ctest.cp312-win_amd64.pyd","16896","2026-05-14 22:15:03"
".venv\Lib\site-packages\scipy\ndimage\_cytest.cp312-win_amd64.dll.a","1544","2026-05-14 22:15:03"
".venv\Lib\site-packages\scipy\ndimage\_cytest.cp312-win_amd64.pyd","71168","2026-05-14 22:15:03"
".venv\Lib\site-packages\scipy\ndimage\_delegators.py","9713","2026-05-14 22:15:03"
".venv\Lib\site-packages\scipy\ndimage\_filters.py","94771","2026-05-14 22:15:03"
".venv\Lib\site-packages\scipy\ndimage\_fourier.py","11572","2026-05-14 22:15:03"
".venv\Lib\site-packages\scipy\ndimage\_interpolation.py","38773","2026-05-14 22:15:03"
".venv\Lib\site-packages\scipy\ndimage\_measurements.py","57938","2026-05-14 22:15:03"
".venv\Lib\site-packages\scipy\ndimage\_morphology.py","103603","2026-05-14 22:15:03"
".venv\Lib\site-packages\scipy\ndimage\_nd_image.cp312-win_amd64.dll.a","1568","2026-05-14 22:15:03"
".venv\Lib\site-packages\scipy\ndimage\_nd_image.cp312-win_amd64.pyd","177664","2026-05-14 22:15:03"
".venv\Lib\site-packages\scipy\ndimage\_ndimage_api.py","602","2026-05-14 22:15:03"
".venv\Lib\site-packages\scipy\ndimage\_ni_docstrings.py","8941","2026-05-14 22:15:03"
".venv\Lib\site-packages\scipy\ndimage\_ni_label.cp312-win_amd64.dll.a","1568","2026-05-14 22:15:03"
".venv\Lib\site-packages\scipy\ndimage\_ni_label.cp312-win_amd64.pyd","205312","2026-05-14 22:15:03"
".venv\Lib\site-packages\scipy\ndimage\_ni_support.py","5355","2026-05-14 22:15:03"
".venv\Lib\site-packages\scipy\ndimage\_rank_filter_1d.cp312-win_amd64.dll.a","1640","2026-05-14 22:15:03"
".venv\Lib\site-packages\scipy\ndimage\_rank_filter_1d.cp312-win_amd64.pyd","124416","2026-05-14 22:15:03"
".venv\Lib\site-packages\scipy\ndimage\_support_alternative_backends.py","4265","2026-05-14 22:15:03"
".venv\Lib\site-packages\scipy\ndimage\filters.py","1003","2026-05-14 22:15:03"
".venv\Lib\site-packages\scipy\ndimage\fourier.py","620","2026-05-14 22:15:03"
".venv\Lib\site-packages\scipy\ndimage\interpolation.py","686","2026-05-14 22:15:03"
".venv\Lib\site-packages\scipy\ndimage\measurements.py","812","2026-05-14 22:15:03"
".venv\Lib\site-packages\scipy\ndimage\morphology.py","992","2026-05-14 22:15:03"
".venv\Lib\site-packages\scipy\ndimage\tests\__init__.py","326","2026-05-14 22:15:03"
".venv\Lib\site-packages\scipy\ndimage\tests\data\label_inputs.txt","315","2026-05-14 22:15:03"
".venv\Lib\site-packages\scipy\ndimage\tests\data\label_results.txt","4603","2026-05-14 22:15:03"
".venv\Lib\site-packages\scipy\ndimage\tests\data\label_strels.txt","294","2026-05-14 22:15:03"
".venv\Lib\site-packages\scipy\ndimage\tests\dots.png","2114","2026-05-14 22:15:03"
".venv\Lib\site-packages\scipy\ndimage\tests\test_c_api.py","3840","2026-05-14 22:15:03"
".venv\Lib\site-packages\scipy\ndimage\tests\test_datatypes.py","2886","2026-05-14 22:15:03"
".venv\Lib\site-packages\scipy\ndimage\tests\test_filters.py","138012","2026-05-14 22:15:03"
".venv\Lib\site-packages\scipy\ndimage\tests\test_fourier.py","8277","2026-05-14 22:15:03"
".venv\Lib\site-packages\scipy\ndimage\tests\test_interpolation.py","62789","2026-05-14 22:15:03"
".venv\Lib\site-packages\scipy\ndimage\tests\test_measurements.py","64312","2026-05-14 22:15:03"
".venv\Lib\site-packages\scipy\ndimage\tests\test_morphology.py","140972","2026-05-14 22:15:03"
".venv\Lib\site-packages\scipy\ndimage\tests\test_ni_support.py","2561","2026-05-14 22:15:03"
".venv\Lib\site-packages\scipy\ndimage\tests\test_splines.py","2428","2026-05-14 22:15:03"
".venv\Lib\site-packages\scipy\odr\__init__.py","6391","2026-05-14 22:15:03"
".venv\Lib\site-packages\scipy\odr\__odrpack.cp312-win_amd64.dll.a","1568","2026-05-14 22:15:03"
".venv\Lib\site-packages\scipy\odr\__odrpack.cp312-win_amd64.pyd","689152","2026-05-14 22:15:03"
".venv\Lib\site-packages\scipy\odr\_add_newdocs.py","1367","2026-05-14 22:15:03"
".venv\Lib\site-packages\scipy\odr\_models.py","9115","2026-05-14 22:15:03"
".venv\Lib\site-packages\scipy\odr\_odrpack.py","45510","2026-05-14 22:15:03"
".venv\Lib\site-packages\scipy\odr\models.py","812","2026-05-14 22:15:03"
".venv\Lib\site-packages\scipy\odr\odrpack.py","856","2026-05-14 22:15:03"
".venv\Lib\site-packages\scipy\odr\tests\__init__.py","0","2026-05-14 22:15:03"
".venv\Lib\site-packages\scipy\odr\tests\test_odr.py","23099","2026-05-14 22:15:03"
".venv\Lib\site-packages\scipy\optimize\__init__.pxd","40","2026-05-14 22:15:04"
".venv\Lib\site-packages\scipy\optimize\__init__.py","13739","2026-05-14 22:15:04"
".venv\Lib\site-packages\scipy\optimize\_basinhopping.py","30731","2026-05-14 22:15:03"
".venv\Lib\site-packages\scipy\optimize\_bglu_dense.cp312-win_amd64.dll.a","1592","2026-05-14 22:15:03"
".venv\Lib\site-packages\scipy\optimize\_bglu_dense.cp312-win_amd64.pyd","173568","2026-05-14 22:15:03"
".venv\Lib\site-packages\scipy\optimize\_bracket.py","31645","2026-05-14 22:15:03"
".venv\Lib\site-packages\scipy\optimize\_chandrupatla.py","25099","2026-05-14 22:15:03"
".venv\Lib\site-packages\scipy\optimize\_cobyla_py.py","11305","2026-05-14 22:15:03"
".venv\Lib\site-packages\scipy\optimize\_cobyqa_py.py","3043","2026-05-14 22:15:03"
".venv\Lib\site-packages\scipy\optimize\_constraints.py","23741","2026-05-14 22:15:03"
".venv\Lib\site-packages\scipy\optimize\_dcsrch.py","25962","2026-05-14 22:15:03"
".venv\Lib\site-packages\scipy\optimize\_differentiable_functions.py","30804","2026-05-14 22:15:03"
".venv\Lib\site-packages\scipy\optimize\_differentialevolution.py","92059","2026-05-14 22:15:03"
".venv\Lib\site-packages\scipy\optimize\_direct_py.py","12128","2026-05-14 22:15:04"
".venv\Lib\site-packages\scipy\optimize\_direct.cp312-win_amd64.dll.a","1544","2026-05-14 22:15:03"
".venv\Lib\site-packages\scipy\optimize\_direct.cp312-win_amd64.pyd","70656","2026-05-14 22:15:04"
".venv\Lib\site-packages\scipy\optimize\_dual_annealing.py","31853","2026-05-14 22:15:04"
".venv\Lib\site-packages\scipy\optimize\_elementwise.py","34964","2026-05-14 22:15:04"
".venv\Lib\site-packages\scipy\optimize\_group_columns.cp312-win_amd64.dll.a","1628","2026-05-14 22:15:04"
".venv\Lib\site-packages\scipy\optimize\_group_columns.cp312-win_amd64.pyd","1033216","2026-05-14 22:15:04"
".venv\Lib\site-packages\scipy\optimize\_hessian_update_strategy.py","18902","2026-05-14 22:15:04"
".venv\Lib\site-packages\scipy\optimize\_highspy\__init__.py","0","2026-05-14 22:15:04"
".venv\Lib\site-packages\scipy\optimize\_highspy\_core.cp312-win_amd64.dll.a","1520","2026-05-14 22:15:04"
".venv\Lib\site-packages\scipy\optimize\_highspy\_core.cp312-win_amd64.pyd","6443520","2026-05-14 22:15:04"
".venv\Lib\site-packages\scipy\optimize\_highspy\_highs_options.cp312-win_amd64.dll.a","1628","2026-05-14 22:15:04"
".venv\Lib\site-packages\scipy\optimize\_highspy\_highs_options.cp312-win_amd64.pyd","1278464","2026-05-14 22:15:04"
".venv\Lib\site-packages\scipy\optimize\_highspy\_highs_wrapper.py","11632","2026-05-14 22:15:04"
".venv\Lib\site-packages\scipy\optimize\_isotonic.py","6234","2026-05-14 22:15:04"
".venv\Lib\site-packages\scipy\optimize\_lbfgsb_py.py","23727","2026-05-14 22:15:04"
".venv\Lib\site-packages\scipy\optimize\_lbfgsb.cp312-win_amd64.dll.a","1544","2026-05-14 22:15:04"
".venv\Lib\site-packages\scipy\optimize\_lbfgsb.cp312-win_amd64.pyd","171520","2026-05-14 22:15:04"
".venv\Lib\site-packages\scipy\optimize\_linesearch.py","28112","2026-05-14 22:15:04"
".venv\Lib\site-packages\scipy\optimize\_linprog_doc.py","63365","2026-05-14 22:15:04"
".venv\Lib\site-packages\scipy\optimize\_linprog_highs.py","17564","2026-05-14 22:15:04"
".venv\Lib\site-packages\scipy\optimize\_linprog_ip.py","47792","2026-05-14 22:15:04"
".venv\Lib\site-packages\scipy\optimize\_linprog_rs.py","23718","2026-05-14 22:15:04"
".venv\Lib\site-packages\scipy\optimize\_linprog_simplex.py","25411","2026-05-14 22:15:04"
".venv\Lib\site-packages\scipy\optimize\_linprog_util.py","64284","2026-05-14 22:15:04"
".venv\Lib\site-packages\scipy\optimize\_linprog.py","30995","2026-05-14 22:15:04"
".venv\Lib\site-packages\scipy\optimize\_lsap.cp312-win_amd64.dll.a","1520","2026-05-14 22:15:04"
".venv\Lib\site-packages\scipy\optimize\_lsap.cp312-win_amd64.pyd","177664","2026-05-14 22:15:04"
".venv\Lib\site-packages\scipy\optimize\_lsq\__init__.py","177","2026-05-14 22:15:04"
".venv\Lib\site-packages\scipy\optimize\_lsq\bvls.py","5378","2026-05-14 22:15:04"
".venv\Lib\site-packages\scipy\optimize\_lsq\common.py","21211","2026-05-14 22:15:04"
".venv\Lib\site-packages\scipy\optimize\_lsq\dogbox.py","12522","2026-05-14 22:15:04"
".venv\Lib\site-packages\scipy\optimize\_lsq\givens_elimination.cp312-win_amd64.dll.a","1676","2026-05-14 22:15:04"
".venv\Lib\site-packages\scipy\optimize\_lsq\givens_elimination.cp312-win_amd64.pyd","70656","2026-05-14 22:15:04"
".venv\Lib\site-packages\scipy\optimize\_lsq\least_squares.py","43856","2026-05-14 22:15:04"
".venv\Lib\site-packages\scipy\optimize\_lsq\lsq_linear.py","15414","2026-05-14 22:15:04"
".venv\Lib\site-packages\scipy\optimize\_lsq\trf_linear.py","7891","2026-05-14 22:15:04"
".venv\Lib\site-packages\scipy\optimize\_lsq\trf.py","21103","2026-05-14 22:15:04"
".venv\Lib\site-packages\scipy\optimize\_milp.py","15635","2026-05-14 22:15:04"
".venv\Lib\site-packages\scipy\optimize\_minimize.py","54249","2026-05-14 22:15:04"
".venv\Lib\site-packages\scipy\optimize\_minpack_py.py","46565","2026-05-14 22:15:04"
".venv\Lib\site-packages\scipy\optimize\_minpack.cp312-win_amd64.dll.a","1560","2026-05-14 22:15:04"
".venv\Lib\site-packages\scipy\optimize\_minpack.cp312-win_amd64.pyd","124928","2026-05-14 22:15:04"
".venv\Lib\site-packages\scipy\optimize\_moduleTNC.cp312-win_amd64.dll.a","1580","2026-05-14 22:15:04"
".venv\Lib\site-packages\scipy\optimize\_moduleTNC.cp312-win_amd64.pyd","145920","2026-05-14 22:15:04"
".venv\Lib\site-packages\scipy\optimize\_nnls.py","3011","2026-05-14 22:15:04"
".venv\Lib\site-packages\scipy\optimize\_nonlin.py","53854","2026-05-14 22:15:04"
".venv\Lib\site-packages\scipy\optimize\_numdiff.py","36788","2026-05-14 22:15:04"
".venv\Lib\site-packages\scipy\optimize\_optimize.py","153918","2026-05-14 22:15:04"
".venv\Lib\site-packages\scipy\optimize\_pava_pybind.cp312-win_amd64.dll.a","1608","2026-05-14 22:15:04"
".venv\Lib\site-packages\scipy\optimize\_pava_pybind.cp312-win_amd64.pyd","317952","2026-05-14 22:15:04"
".venv\Lib\site-packages\scipy\optimize\_qap.py","30150","2026-05-14 22:15:04"
".venv\Lib\site-packages\scipy\optimize\_remove_redundancy.py","19279","2026-05-14 22:15:04"
".venv\Lib\site-packages\scipy\optimize\_root_scalar.py","20929","2026-05-14 22:15:04"
".venv\Lib\site-packages\scipy\optimize\_root.py","29439","2026-05-14 22:15:04"
".venv\Lib\site-packages\scipy\optimize\_shgo_lib\__init__.py","0","2026-05-14 22:15:04"
".venv\Lib\site-packages\scipy\optimize\_shgo_lib\_complex.py","51488","2026-05-14 22:15:04"
".venv\Lib\site-packages\scipy\optimize\_shgo_lib\_vertex.py","14456","2026-05-14 22:15:04"
".venv\Lib\site-packages\scipy\optimize\_shgo.py","65219","2026-05-14 22:15:04"
".venv\Lib\site-packages\scipy\optimize\_slsqp_py.py","24908","2026-05-14 22:15:04"
".venv\Lib\site-packages\scipy\optimize\_slsqplib.cp312-win_amd64.dll.a","1568","2026-05-14 22:15:04"
".venv\Lib\site-packages\scipy\optimize\_slsqplib.cp312-win_amd64.pyd","172544","2026-05-14 22:15:04"
".venv\Lib\site-packages\scipy\optimize\_spectral.py","8388","2026-05-14 22:15:04"
".venv\Lib\site-packages\scipy\optimize\_tnc.py","17777","2026-05-14 22:15:04"
".venv\Lib\site-packages\scipy\optimize\_trlib\__init__.py","536","2026-05-14 22:15:04"
".venv\Lib\site-packages\scipy\optimize\_trlib\_trlib.cp312-win_amd64.dll.a","1532","2026-05-14 22:15:04"
".venv\Lib\site-packages\scipy\optimize\_trlib\_trlib.cp312-win_amd64.pyd","206848","2026-05-14 22:15:04"
".venv\Lib\site-packages\scipy\optimize\_trustregion_constr\__init__.py","186","2026-05-14 22:15:04"
".venv\Lib\site-packages\scipy\optimize\_trustregion_constr\canonical_constraint.py","12932","2026-05-14 22:15:04"
".venv\Lib\site-packages\scipy\optimize\_trustregion_constr\equality_constrained_sqp.py","9391","2026-05-14 22:15:04"
".venv\Lib\site-packages\scipy\optimize\_trustregion_constr\minimize_trustregion_constr.py","27180","2026-05-14 22:15:04"
".venv\Lib\site-packages\scipy\optimize\_trustregion_constr\projections.py","13928","2026-05-14 22:15:04"
".venv\Lib\site-packages\scipy\optimize\_trustregion_constr\qp_subproblem.py","23224","2026-05-14 22:15:04"
".venv\Lib\site-packages\scipy\optimize\_trustregion_constr\report.py","1831","2026-05-14 22:15:04"
".venv\Lib\site-packages\scipy\optimize\_trustregion_constr\tests\__init__.py","0","2026-05-14 22:15:04"
".venv\Lib\site-packages\scipy\optimize\_trustregion_constr\tests\test_canonical_constraint.py","10165","2026-05-14 22:15:04"
".venv\Lib\site-packages\scipy\optimize\_trustregion_constr\tests\test_nested_minimize.py","1255","2026-05-14 22:15:04"
".venv\Lib\site-packages\scipy\optimize\_trustregion_constr\tests\test_projections.py","9083","2026-05-14 22:15:04"
".venv\Lib\site-packages\scipy\optimize\_trustregion_constr\tests\test_qp_subproblem.py","28287","2026-05-14 22:15:04"
".venv\Lib\site-packages\scipy\optimize\_trustregion_constr\tests\test_report.py","1138","2026-05-14 22:15:04"
".venv\Lib\site-packages\scipy\optimize\_trustregion_constr\tr_interior_point.py","14756","2026-05-14 22:15:04"
".venv\Lib\site-packages\scipy\optimize\_trustregion_dogleg.py","4511","2026-05-14 22:15:04"
".venv\Lib\site-packages\scipy\optimize\_trustregion_exact.py","17130","2026-05-14 22:15:04"
".venv\Lib\site-packages\scipy\optimize\_trustregion_krylov.py","3095","2026-05-14 22:15:04"
".venv\Lib\site-packages\scipy\optimize\_trustregion_ncg.py","4706","2026-05-14 22:15:04"
".venv\Lib\site-packages\scipy\optimize\_trustregion.py","12195","2026-05-14 22:15:04"
".venv\Lib\site-packages\scipy\optimize\_tstutils.py","35019","2026-05-14 22:15:04"
".venv\Lib\site-packages\scipy\optimize\_zeros_py.py","58134","2026-05-14 22:15:04"
".venv\Lib\site-packages\scipy\optimize\_zeros.cp312-win_amd64.dll.a","1532","2026-05-14 22:15:04"
".venv\Lib\site-packages\scipy\optimize\_zeros.cp312-win_amd64.pyd","23040","2026-05-14 22:15:04"
".venv\Lib\site-packages\scipy\optimize\cobyla.py","576","2026-05-14 22:15:03"
".venv\Lib\site-packages\scipy\optimize\cython_optimize.pxd","453","2026-05-14 22:15:03"
".venv\Lib\site-packages\scipy\optimize\cython_optimize\__init__.py","5020","2026-05-14 22:15:04"
".venv\Lib\site-packages\scipy\optimize\cython_optimize\_zeros.cp312-win_amd64.dll.a","1532","2026-05-14 22:15:04"
".venv\Lib\site-packages\scipy\optimize\cython_optimize\_zeros.cp312-win_amd64.pyd","78848","2026-05-14 22:15:04"
".venv\Lib\site-packages\scipy\optimize\cython_optimize\_zeros.pxd","1272","2026-05-14 22:15:04"
".venv\Lib\site-packages\scipy\optimize\cython_optimize\c_zeros.pxd","1144","2026-05-14 22:15:04"
".venv\Lib\site-packages\scipy\optimize\elementwise.py","1228","2026-05-14 22:15:03"
".venv\Lib\site-packages\scipy\optimize\lbfgsb.py","624","2026-05-14 22:15:03"
".venv\Lib\site-packages\scipy\optimize\linesearch.py","553","2026-05-14 22:15:03"
".venv\Lib\site-packages\scipy\optimize\minpack.py","691","2026-05-14 22:15:03"
".venv\Lib\site-packages\scipy\optimize\minpack2.py","531","2026-05-14 22:15:03"
".venv\Lib\site-packages\scipy\optimize\moduleTNC.py","526","2026-05-14 22:15:03"
".venv\Lib\site-packages\scipy\optimize\nonlin.py","739","2026-05-14 22:15:03"
".venv\Lib\site-packages\scipy\optimize\optimize.py","917","2026-05-14 22:15:03"
".venv\Lib\site-packages\scipy\optimize\slsqp.py","591","2026-05-14 22:15:03"
".venv\Lib\site-packages\scipy\optimize\tests\__init__.py","0","2026-05-14 22:15:04"
".venv\Lib\site-packages\scipy\optimize\tests\_cython_examples\extending.pyx","1357","2026-05-14 22:15:04"
".venv\Lib\site-packages\scipy\optimize\tests\_cython_examples\meson.build","735","2026-05-14 22:15:04"
".venv\Lib\site-packages\scipy\optimize\tests\test__basinhopping.py","19767","2026-05-14 22:15:04"
".venv\Lib\site-packages\scipy\optimize\tests\test__differential_evolution.py","73562","2026-05-14 22:15:04"
".venv\Lib\site-packages\scipy\optimize\tests\test__dual_annealing.py","17018","2026-05-14 22:15:04"
".venv\Lib\site-packages\scipy\optimize\tests\test__linprog_clean_inputs.py","12196","2026-05-14 22:15:04"
".venv\Lib\site-packages\scipy\optimize\tests\test__numdiff.py","35512","2026-05-14 22:15:04"
".venv\Lib\site-packages\scipy\optimize\tests\test__remove_redundancy.py","7110","2026-05-14 22:15:04"
".venv\Lib\site-packages\scipy\optimize\tests\test__root.py","4322","2026-05-14 22:15:04"
".venv\Lib\site-packages\scipy\optimize\tests\test__shgo.py","43578","2026-05-14 22:15:04"
".venv\Lib\site-packages\scipy\optimize\tests\test__spectral.py","6864","2026-05-14 22:15:04"
".venv\Lib\site-packages\scipy\optimize\tests\test_bracket.py","37040","2026-05-14 22:15:04"
".venv\Lib\site-packages\scipy\optimize\tests\test_chandrupatla.py","39615","2026-05-14 22:15:04"
".venv\Lib\site-packages\scipy\optimize\tests\test_cobyla.py","7017","2026-05-14 22:15:04"
".venv\Lib\site-packages\scipy\optimize\tests\test_cobyqa.py","8395","2026-05-14 22:15:04"
".venv\Lib\site-packages\scipy\optimize\tests\test_constraint_conversion.py","12806","2026-05-14 22:15:04"
".venv\Lib\site-packages\scipy\optimize\tests\test_constraints.py","9662","2026-05-14 22:15:04"
".venv\Lib\site-packages\scipy\optimize\tests\test_cython_optimize.py","2730","2026-05-14 22:15:04"
".venv\Lib\site-packages\scipy\optimize\tests\test_differentiable_functions.py","39460","2026-05-14 22:15:04"
".venv\Lib\site-packages\scipy\optimize\tests\test_direct.py","13588","2026-05-14 22:15:04"
".venv\Lib\site-packages\scipy\optimize\tests\test_extending.py","1132","2026-05-14 22:15:04"
".venv\Lib\site-packages\scipy\optimize\tests\test_hessian_update_strategy.py","14637","2026-05-14 22:15:04"
".venv\Lib\site-packages\scipy\optimize\tests\test_isotonic_regression.py","7280","2026-05-14 22:15:04"
".venv\Lib\site-packages\scipy\optimize\tests\test_lbfgsb_hessinv.py","1999","2026-05-14 22:15:04"
".venv\Lib\site-packages\scipy\optimize\tests\test_lbfgsb_setulb.py","3704","2026-05-14 22:15:04"
".venv\Lib\site-packages\scipy\optimize\tests\test_least_squares.py","39296","2026-05-14 22:15:04"
".venv\Lib\site-packages\scipy\optimize\tests\test_linear_assignment.py","4219","2026-05-14 22:15:04"
".venv\Lib\site-packages\scipy\optimize\tests\test_linesearch.py","11932","2026-05-14 22:15:04"
".venv\Lib\site-packages\scipy\optimize\tests\test_linprog.py","107728","2026-05-14 22:15:04"
".venv\Lib\site-packages\scipy\optimize\tests\test_lsq_common.py","9797","2026-05-14 22:15:04"
".venv\Lib\site-packages\scipy\optimize\tests\test_lsq_linear.py","11290","2026-05-14 22:15:04"
".venv\Lib\site-packages\scipy\optimize\tests\test_milp.py","19288","2026-05-14 22:15:04"
".venv\Lib\site-packages\scipy\optimize\tests\test_minimize_constrained.py","28980","2026-05-14 22:15:04"
".venv\Lib\site-packages\scipy\optimize\tests\test_minpack.py","46074","2026-05-14 22:15:04"
".venv\Lib\site-packages\scipy\optimize\tests\test_nnls.py","27664","2026-05-14 22:15:04"
".venv\Lib\site-packages\scipy\optimize\tests\test_nonlin.py","20821","2026-05-14 22:15:04"
".venv\Lib\site-packages\scipy\optimize\tests\test_optimize.py","146794","2026-05-14 22:15:04"
".venv\Lib\site-packages\scipy\optimize\tests\test_quadratic_assignment.py","17960","2026-05-14 22:15:04"
".venv\Lib\site-packages\scipy\optimize\tests\test_regression.py","1117","2026-05-14 22:15:04"
".venv\Lib\site-packages\scipy\optimize\tests\test_slsqp.py","26341","2026-05-14 22:15:04"
".venv\Lib\site-packages\scipy\optimize\tests\test_tnc.py","13045","2026-05-14 22:15:04"
".venv\Lib\site-packages\scipy\optimize\tests\test_trustregion_exact.py","21780","2026-05-14 22:15:04"
".venv\Lib\site-packages\scipy\optimize\tests\test_trustregion_krylov.py","6739","2026-05-14 22:15:04"
".venv\Lib\site-packages\scipy\optimize\tests\test_trustregion.py","4747","2026-05-14 22:15:04"
".venv\Lib\site-packages\scipy\optimize\tests\test_zeros.py","38950","2026-05-14 22:15:04"
".venv\Lib\site-packages\scipy\optimize\tnc.py","582","2026-05-14 22:15:03"
".venv\Lib\site-packages\scipy\optimize\zeros.py","646","2026-05-14 22:15:03"
".venv\Lib\site-packages\scipy\signal\__init__.py","13882","2026-05-14 22:15:04"
".venv\Lib\site-packages\scipy\signal\_arraytools.py","8558","2026-05-14 22:15:04"
".venv\Lib\site-packages\scipy\signal\_czt.py","20020","2026-05-14 22:15:04"
".venv\Lib\site-packages\scipy\signal\_delegators.py","15220","2026-05-14 22:15:04"
".venv\Lib\site-packages\scipy\signal\_filter_design.py","210509","2026-05-14 22:15:04"
".venv\Lib\site-packages\scipy\signal\_fir_filter_design.py","65717","2026-05-14 22:15:04"
".venv\Lib\site-packages\scipy\signal\_lti_conversion.py","18836","2026-05-14 22:15:04"
".venv\Lib\site-packages\scipy\signal\_ltisys.py","124774","2026-05-14 22:15:04"
".venv\Lib\site-packages\scipy\signal\_max_len_seq_inner.cp312-win_amd64.dll.a","1676","2026-05-14 22:15:04"
".venv\Lib\site-packages\scipy\signal\_max_len_seq_inner.cp312-win_amd64.pyd","1006592","2026-05-14 22:15:04"
".venv\Lib\site-packages\scipy\signal\_max_len_seq.py","5199","2026-05-14 22:15:04"
".venv\Lib\site-packages\scipy\signal\_peak_finding_utils.cp312-win_amd64.dll.a","1688","2026-05-14 22:15:04"
".venv\Lib\site-packages\scipy\signal\_peak_finding_utils.cp312-win_amd64.pyd","148480","2026-05-14 22:15:04"
".venv\Lib\site-packages\scipy\signal\_peak_finding.py","50166","2026-05-14 22:15:04"
".venv\Lib\site-packages\scipy\signal\_polyutils.py","8677","2026-05-14 22:15:04"
".venv\Lib\site-packages\scipy\signal\_savitzky_golay.py","14755","2026-05-14 22:15:04"
".venv\Lib\site-packages\scipy\signal\_short_time_fft.py","103907","2026-05-14 22:15:04"
".venv\Lib\site-packages\scipy\signal\_signal_api.py","1267","2026-05-14 22:15:04"
".venv\Lib\site-packages\scipy\signal\_signaltools.py","201951","2026-05-14 22:15:04"
".venv\Lib\site-packages\scipy\signal\_sigtools.cp312-win_amd64.dll.a","1568","2026-05-14 22:15:04"
".venv\Lib\site-packages\scipy\signal\_sigtools.cp312-win_amd64.pyd","126976","2026-05-14 22:15:04"
".venv\Lib\site-packages\scipy\signal\_sosfilt.cp312-win_amd64.dll.a","1560","2026-05-14 22:15:04"
".venv\Lib\site-packages\scipy\signal\_sosfilt.cp312-win_amd64.pyd","106496","2026-05-14 22:15:04"
".venv\Lib\site-packages\scipy\signal\_spectral_py.py","99554","2026-05-14 22:15:04"
".venv\Lib\site-packages\scipy\signal\_spline_filters.py","26286","2026-05-14 22:15:04"
".venv\Lib\site-packages\scipy\signal\_spline.cp312-win_amd64.dll.a","1544","2026-05-14 22:15:04"
".venv\Lib\site-packages\scipy\signal\_spline.cp312-win_amd64.pyd","63488","2026-05-14 22:15:04"
".venv\Lib\site-packages\scipy\signal\_spline.pyi","982","2026-05-14 22:15:04"
".venv\Lib\site-packages\scipy\signal\_support_alternative_backends.py","18565","2026-05-14 22:15:04"
".venv\Lib\site-packages\scipy\signal\_upfirdn_apply.cp312-win_amd64.dll.a","1628","2026-05-14 22:15:04"
".venv\Lib\site-packages\scipy\signal\_upfirdn_apply.cp312-win_amd64.pyd","199680","2026-05-14 22:15:04"
".venv\Lib\site-packages\scipy\signal\_upfirdn.py","8195","2026-05-14 22:15:04"
".venv\Lib\site-packages\scipy\signal\_waveforms.py","23599","2026-05-14 22:15:04"
".venv\Lib\site-packages\scipy\signal\_wavelets.py","915","2026-05-14 22:15:04"
".venv\Lib\site-packages\scipy\signal\bsplines.py","672","2026-05-14 22:15:04"
".venv\Lib\site-packages\scipy\signal\filter_design.py","1140","2026-05-14 22:15:04"
".venv\Lib\site-packages\scipy\signal\fir_filter_design.py","678","2026-05-14 22:15:04"
".venv\Lib\site-packages\scipy\signal\lti_conversion.py","659","2026-05-14 22:15:04"
".venv\Lib\site-packages\scipy\signal\ltisys.py","894","2026-05-14 22:15:04"
".venv\Lib\site-packages\scipy\signal\signaltools.py","1065","2026-05-14 22:15:04"
".venv\Lib\site-packages\scipy\signal\spectral.py","683","2026-05-14 22:15:04"
".venv\Lib\site-packages\scipy\signal\spline.py","554","2026-05-14 22:15:04"
".venv\Lib\site-packages\scipy\signal\tests\__init__.py","0","2026-05-14 22:15:04"
".venv\Lib\site-packages\scipy\signal\tests\_scipy_spectral_test_shim.py","13059","2026-05-14 22:15:04"
".venv\Lib\site-packages\scipy\signal\tests\mpsig.py","3430","2026-05-14 22:15:04"
".venv\Lib\site-packages\scipy\signal\tests\test_array_tools.py","3700","2026-05-14 22:15:04"
".venv\Lib\site-packages\scipy\signal\tests\test_bsplines.py","19507","2026-05-14 22:15:04"
".venv\Lib\site-packages\scipy\signal\tests\test_cont2discrete.py","16008","2026-05-14 22:15:04"
".venv\Lib\site-packages\scipy\signal\tests\test_czt.py","7377","2026-05-14 22:15:04"
".venv\Lib\site-packages\scipy\signal\tests\test_dltisys.py","22168","2026-05-14 22:15:04"
".venv\Lib\site-packages\scipy\signal\tests\test_filter_design.py","234072","2026-05-14 22:15:04"
".venv\Lib\site-packages\scipy\signal\tests\test_fir_filter_design.py","37522","2026-05-14 22:15:04"
".venv\Lib\site-packages\scipy\signal\tests\test_ltisys.py","47342","2026-05-14 22:15:04"
".venv\Lib\site-packages\scipy\signal\tests\test_max_len_seq.py","3389","2026-05-14 22:15:04"
".venv\Lib\site-packages\scipy\signal\tests\test_peak_finding.py","36936","2026-05-14 22:15:04"
".venv\Lib\site-packages\scipy\signal\tests\test_result_type.py","1624","2026-05-14 22:15:04"
".venv\Lib\site-packages\scipy\signal\tests\test_savitzky_golay.py","14666","2026-05-14 22:15:04"
".venv\Lib\site-packages\scipy\signal\tests\test_short_time_fft.py","49410","2026-05-14 22:15:04"
".venv\Lib\site-packages\scipy\signal\tests\test_signaltools.py","201408","2026-05-14 22:15:04"
".venv\Lib\site-packages\scipy\signal\tests\test_spectral.py","85572","2026-05-14 22:15:04"
".venv\Lib\site-packages\scipy\signal\tests\test_splines.py","17379","2026-05-14 22:15:04"
".venv\Lib\site-packages\scipy\signal\tests\test_upfirdn.py","13346","2026-05-14 22:15:04"
".venv\Lib\site-packages\scipy\signal\tests\test_waveforms.py","13954","2026-05-14 22:15:04"
".venv\Lib\site-packages\scipy\signal\tests\test_wavelets.py","2204","2026-05-14 22:15:04"
".venv\Lib\site-packages\scipy\signal\tests\test_windows.py","56297","2026-05-14 22:15:04"
".venv\Lib\site-packages\scipy\signal\waveforms.py","619","2026-05-14 22:15:04"
".venv\Lib\site-packages\scipy\signal\wavelets.py","527","2026-05-14 22:15:04"
".venv\Lib\site-packages\scipy\signal\windows\__init__.py","2178","2026-05-14 22:15:04"
".venv\Lib\site-packages\scipy\signal\windows\_windows.py","97641","2026-05-14 22:15:04"
".venv\Lib\site-packages\scipy\signal\windows\windows.py","862","2026-05-14 22:15:04"
".venv\Lib\site-packages\scipy\sparse\__init__.py","10462","2026-05-14 22:15:04"
".venv\Lib\site-packages\scipy\sparse\_base.py","59949","2026-05-14 22:15:04"
".venv\Lib\site-packages\scipy\sparse\_bsr.py","32039","2026-05-14 22:15:04"
".venv\Lib\site-packages\scipy\sparse\_compressed.py","53395","2026-05-14 22:15:04"
".venv\Lib\site-packages\scipy\sparse\_construct.py","61367","2026-05-14 22:15:04"
".venv\Lib\site-packages\scipy\sparse\_coo.py","76919","2026-05-14 22:15:04"
".venv\Lib\site-packages\scipy\sparse\_csc.py","11529","2026-05-14 22:15:04"
".venv\Lib\site-packages\scipy\sparse\_csparsetools.cp312-win_amd64.dll.a","1616","2026-05-14 22:15:04"
".venv\Lib\site-packages\scipy\sparse\_csparsetools.cp312-win_amd64.pyd","483840","2026-05-14 22:15:04"
".venv\Lib\site-packages\scipy\sparse\_csr.py","19169","2026-05-14 22:15:04"
".venv\Lib\site-packages\scipy\sparse\_data.py","21549","2026-05-14 22:15:04"
".venv\Lib\site-packages\scipy\sparse\_dia.py","24296","2026-05-14 22:15:04"
".venv\Lib\site-packages\scipy\sparse\_dok.py","24082","2026-05-14 22:15:04"
".venv\Lib\site-packages\scipy\sparse\_extract.py","5236","2026-05-14 22:15:04"
".venv\Lib\site-packages\scipy\sparse\_index.py","18707","2026-05-14 22:15:04"
".venv\Lib\site-packages\scipy\sparse\_lil.py","21514","2026-05-14 22:15:04"
".venv\Lib\site-packages\scipy\sparse\_matrix_io.py","6413","2026-05-14 22:15:04"
".venv\Lib\site-packages\scipy\sparse\_matrix.py","5191","2026-05-14 22:15:04"
".venv\Lib\site-packages\scipy\sparse\_sparsetools.cp312-win_amd64.dll.a","1608","2026-05-14 22:15:04"
".venv\Lib\site-packages\scipy\sparse\_sparsetools.cp312-win_amd64.pyd","4114944","2026-05-14 22:15:04"
".venv\Lib\site-packages\scipy\sparse\_spfuncs.py","2063","2026-05-14 22:15:04"
".venv\Lib\site-packages\scipy\sparse\_sputils.py","21727","2026-05-14 22:15:04"
".venv\Lib\site-packages\scipy\sparse\base.py","633","2026-05-14 22:15:04"
".venv\Lib\site-packages\scipy\sparse\bsr.py","583","2026-05-14 22:15:04"
".venv\Lib\site-packages\scipy\sparse\compressed.py","570","2026-05-14 22:15:04"
".venv\Lib\site-packages\scipy\sparse\construct.py","850","2026-05-14 22:15:04"
".venv\Lib\site-packages\scipy\sparse\coo.py","615","2026-05-14 22:15:04"
".venv\Lib\site-packages\scipy\sparse\csc.py","583","2026-05-14 22:15:04"
".venv\Lib\site-packages\scipy\sparse\csgraph\__init__.py","8052","2026-05-14 22:15:04"
".venv\Lib\site-packages\scipy\sparse\csgraph\_flow.cp312-win_amd64.dll.a","1520","2026-05-14 22:15:04"
".venv\Lib\site-packages\scipy\sparse\csgraph\_flow.cp312-win_amd64.pyd","168960","2026-05-14 22:15:04"
".venv\Lib\site-packages\scipy\sparse\csgraph\_laplacian.py","18836","2026-05-14 22:15:04"
".venv\Lib\site-packages\scipy\sparse\csgraph\_matching.cp312-win_amd64.dll.a","1568","2026-05-14 22:15:04"
".venv\Lib\site-packages\scipy\sparse\csgraph\_matching.cp312-win_amd64.pyd","175104","2026-05-14 22:15:04"
".venv\Lib\site-packages\scipy\sparse\csgraph\_min_spanning_tree.cp312-win_amd64.dll.a","1676","2026-05-14 22:15:04"
".venv\Lib\site-packages\scipy\sparse\csgraph\_min_spanning_tree.cp312-win_amd64.pyd","104448","2026-05-14 22:15:04"
".venv\Lib\site-packages\scipy\sparse\csgraph\_reordering.cp312-win_amd64.dll.a","1592","2026-05-14 22:15:04"
".venv\Lib\site-packages\scipy\sparse\csgraph\_reordering.cp312-win_amd64.pyd","150528","2026-05-14 22:15:04"
".venv\Lib\site-packages\scipy\sparse\csgraph\_shortest_path.cp312-win_amd64.dll.a","1628","2026-05-14 22:15:04"
".venv\Lib\site-packages\scipy\sparse\csgraph\_shortest_path.cp312-win_amd64.pyd","544256","2026-05-14 22:15:04"
".venv\Lib\site-packages\scipy\sparse\csgraph\_tools.cp312-win_amd64.dll.a","1532","2026-05-14 22:15:04"
".venv\Lib\site-packages\scipy\sparse\csgraph\_tools.cp312-win_amd64.pyd","155136","2026-05-14 22:15:04"
".venv\Lib\site-packages\scipy\sparse\csgraph\_traversal.cp312-win_amd64.dll.a","1580","2026-05-14 22:15:04"
".venv\Lib\site-packages\scipy\sparse\csgraph\_traversal.cp312-win_amd64.pyd","344576","2026-05-14 22:15:04"
".venv\Lib\site-packages\scipy\sparse\csgraph\_validation.py","2695","2026-05-14 22:15:04"
".venv\Lib\site-packages\scipy\sparse\csgraph\tests\__init__.py","0","2026-05-14 22:15:04"
".venv\Lib\site-packages\scipy\sparse\csgraph\tests\test_connected_components.py","4067","2026-05-14 22:15:04"
".venv\Lib\site-packages\scipy\sparse\csgraph\tests\test_conversions.py","1915","2026-05-14 22:15:04"
".venv\Lib\site-packages\scipy\sparse\csgraph\tests\test_flow.py","7927","2026-05-14 22:15:04"
".venv\Lib\site-packages\scipy\sparse\csgraph\tests\test_graph_laplacian.py","11320","2026-05-14 22:15:04"
".venv\Lib\site-packages\scipy\sparse\csgraph\tests\test_matching.py","12673","2026-05-14 22:15:04"
".venv\Lib\site-packages\scipy\sparse\csgraph\tests\test_pydata_sparse.py","5164","2026-05-14 22:15:04"
".venv\Lib\site-packages\scipy\sparse\csgraph\tests\test_reordering.py","2639","2026-05-14 22:15:04"
".venv\Lib\site-packages\scipy\sparse\csgraph\tests\test_shortest_path.py","19291","2026-05-14 22:15:04"
".venv\Lib\site-packages\scipy\sparse\csgraph\tests\test_spanning_tree.py","2230","2026-05-14 22:15:04"
".venv\Lib\site-packages\scipy\sparse\csgraph\tests\test_traversal.py","6362","2026-05-14 22:15:04"
".venv\Lib\site-packages\scipy\sparse\csr.py","583","2026-05-14 22:15:04"
".venv\Lib\site-packages\scipy\sparse\data.py","522","2026-05-14 22:15:04"
".venv\Lib\site-packages\scipy\sparse\dia.py","583","2026-05-14 22:15:04"
".venv\Lib\site-packages\scipy\sparse\dok.py","583","2026-05-14 22:15:04"
".venv\Lib\site-packages\scipy\sparse\extract.py","590","2026-05-14 22:15:04"
".venv\Lib\site-packages\scipy\sparse\lil.py","584","2026-05-14 22:15:04"
".venv\Lib\site-packages\scipy\sparse\linalg\__init__.py","4378","2026-05-14 22:15:04"
".venv\Lib\site-packages\scipy\sparse\linalg\_dsolve\__init__.py","2110","2026-05-14 22:15:04"
".venv\Lib\site-packages\scipy\sparse\linalg\_dsolve\_add_newdocs.py","3890","2026-05-14 22:15:04"
".venv\Lib\site-packages\scipy\sparse\linalg\_dsolve\_superlu.cp312-win_amd64.dll.a","1560","2026-05-14 22:15:04"
".venv\Lib\site-packages\scipy\sparse\linalg\_dsolve\_superlu.cp312-win_amd64.pyd","542208","2026-05-14 22:15:04"
".venv\Lib\site-packages\scipy\sparse\linalg\_dsolve\linsolve.py","32213","2026-05-14 22:15:04"
".venv\Lib\site-packages\scipy\sparse\linalg\_dsolve\tests\__init__.py","0","2026-05-14 22:15:04"
".venv\Lib\site-packages\scipy\sparse\linalg\_dsolve\tests\test_linsolve.py","35572","2026-05-14 22:15:04"
".venv\Lib\site-packages\scipy\sparse\linalg\_eigen\__init__.py","482","2026-05-14 22:15:05"
".venv\Lib\site-packages\scipy\sparse\linalg\_eigen\_svds_doc.py","15385","2026-05-14 22:15:05"
".venv\Lib\site-packages\scipy\sparse\linalg\_eigen\_svds.py","20748","2026-05-14 22:15:05"
".venv\Lib\site-packages\scipy\sparse\linalg\_eigen\arpack\__init__.py","582","2026-05-14 22:15:05"
".venv\Lib\site-packages\scipy\sparse\linalg\_eigen\arpack\_arpacklib.cp312-win_amd64.dll.a","1580","2026-05-14 22:15:05"
".venv\Lib\site-packages\scipy\sparse\linalg\_eigen\arpack\_arpacklib.cp312-win_amd64.pyd","339968","2026-05-14 22:15:05"
".venv\Lib\site-packages\scipy\sparse\linalg\_eigen\arpack\arpack.py","71411","2026-05-14 22:15:05"
".venv\Lib\site-packages\scipy\sparse\linalg\_eigen\arpack\tests\__init__.py","0","2026-05-14 22:15:05"
".venv\Lib\site-packages\scipy\sparse\linalg\_eigen\arpack\tests\test_arpack.py","25374","2026-05-14 22:15:05"
".venv\Lib\site-packages\scipy\sparse\linalg\_eigen\lobpcg\__init__.py","436","2026-05-14 22:15:05"
".venv\Lib\site-packages\scipy\sparse\linalg\_eigen\lobpcg\lobpcg.py","43045","2026-05-14 22:15:05"
".venv\Lib\site-packages\scipy\sparse\linalg\_eigen\lobpcg\tests\__init__.py","0","2026-05-14 22:15:05"
".venv\Lib\site-packages\scipy\sparse\linalg\_eigen\lobpcg\tests\test_lobpcg.py","28270","2026-05-14 22:15:05"
".venv\Lib\site-packages\scipy\sparse\linalg\_eigen\tests\__init__.py","0","2026-05-14 22:15:05"
".venv\Lib\site-packages\scipy\sparse\linalg\_eigen\tests\test_svds.py","37496","2026-05-14 22:15:05"
".venv\Lib\site-packages\scipy\sparse\linalg\_expm_multiply.py","27307","2026-05-14 22:15:04"
".venv\Lib\site-packages\scipy\sparse\linalg\_funm_multiply_krylov.py","12542","2026-05-14 22:15:04"
".venv\Lib\site-packages\scipy\sparse\linalg\_interface.py","30507","2026-05-14 22:15:04"
".venv\Lib\site-packages\scipy\sparse\linalg\_isolve\__init__.py","499","2026-05-14 22:15:05"
".venv\Lib\site-packages\scipy\sparse\linalg\_isolve\_gcrotmk.py","16249","2026-05-14 22:15:05"
".venv\Lib\site-packages\scipy\sparse\linalg\_isolve\iterative.py","34474","2026-05-14 22:15:05"
".venv\Lib\site-packages\scipy\sparse\linalg\_isolve\lgmres.py","8853","2026-05-14 22:15:05"
".venv\Lib\site-packages\scipy\sparse\linalg\_isolve\lsmr.py","16136","2026-05-14 22:15:05"
".venv\Lib\site-packages\scipy\sparse\linalg\_isolve\lsqr.py","21911","2026-05-14 22:15:05"
".venv\Lib\site-packages\scipy\sparse\linalg\_isolve\minres.py","11234","2026-05-14 22:15:05"
".venv\Lib\site-packages\scipy\sparse\linalg\_isolve\tests\__init__.py","0","2026-05-14 22:15:05"
".venv\Lib\site-packages\scipy\sparse\linalg\_isolve\tests\test_gcrotmk.py","6258","2026-05-14 22:15:05"
".venv\Lib\site-packages\scipy\sparse\linalg\_isolve\tests\test_iterative.py","27076","2026-05-14 22:15:05"
".venv\Lib\site-packages\scipy\sparse\linalg\_isolve\tests\test_lgmres.py","7927","2026-05-14 22:15:05"
".venv\Lib\site-packages\scipy\sparse\linalg\_isolve\tests\test_lsmr.py","6547","2026-05-14 22:15:05"
".venv\Lib\site-packages\scipy\sparse\linalg\_isolve\tests\test_lsqr.py","3879","2026-05-14 22:15:05"
".venv\Lib\site-packages\scipy\sparse\linalg\_isolve\tests\test_minres.py","2531","2026-05-14 22:15:05"
".venv\Lib\site-packages\scipy\sparse\linalg\_isolve\tests\test_utils.py","274","2026-05-14 22:15:05"
".venv\Lib\site-packages\scipy\sparse\linalg\_isolve\tfqmr.py","6340","2026-05-14 22:15:05"
".venv\Lib\site-packages\scipy\sparse\linalg\_isolve\utils.py","3508","2026-05-14 22:15:05"
".venv\Lib\site-packages\scipy\sparse\linalg\_matfuncs.py","30278","2026-05-14 22:15:04"
".venv\Lib\site-packages\scipy\sparse\linalg\_norm.py","6314","2026-05-14 22:15:04"
".venv\Lib\site-packages\scipy\sparse\linalg\_onenormest.py","15949","2026-05-14 22:15:04"
".venv\Lib\site-packages\scipy\sparse\linalg\_propack.cp312-win_amd64.dll.a","1560","2026-05-14 22:15:04"
".venv\Lib\site-packages\scipy\sparse\linalg\_propack.cp312-win_amd64.pyd","288768","2026-05-14 22:15:04"
".venv\Lib\site-packages\scipy\sparse\linalg\_special_sparse_arrays.py","35313","2026-05-14 22:15:04"
".venv\Lib\site-packages\scipy\sparse\linalg\_svdp.py","10643","2026-05-14 22:15:04"
".venv\Lib\site-packages\scipy\sparse\linalg\dsolve.py","676","2026-05-14 22:15:04"
".venv\Lib\site-packages\scipy\sparse\linalg\eigen.py","647","2026-05-14 22:15:04"
".venv\Lib\site-packages\scipy\sparse\linalg\interface.py","593","2026-05-14 22:15:04"
".venv\Lib\site-packages\scipy\sparse\linalg\isolve.py","671","2026-05-14 22:15:04"
".venv\Lib\site-packages\scipy\sparse\linalg\matfuncs.py","588","2026-05-14 22:15:04"
".venv\Lib\site-packages\scipy\sparse\linalg\tests\__init__.py","0","2026-05-14 22:15:04"
".venv\Lib\site-packages\scipy\sparse\linalg\tests\propack_test_data.npz","600350","2026-05-14 22:15:04"
".venv\Lib\site-packages\scipy\sparse\linalg\tests\test_expm_multiply.py","15370","2026-05-14 22:15:04"
".venv\Lib\site-packages\scipy\sparse\linalg\tests\test_funm_multiply_krylov.py","7474","2026-05-14 22:15:04"
".venv\Lib\site-packages\scipy\sparse\linalg\tests\test_interface.py","21619","2026-05-14 22:15:04"
".venv\Lib\site-packages\scipy\sparse\linalg\tests\test_matfuncs.py","22620","2026-05-14 22:15:04"
".venv\Lib\site-packages\scipy\sparse\linalg\tests\test_norm.py","6653","2026-05-14 22:15:04"
".venv\Lib\site-packages\scipy\sparse\linalg\tests\test_onenormest.py","9552","2026-05-14 22:15:04"
".venv\Lib\site-packages\scipy\sparse\linalg\tests\test_propack.py","7656","2026-05-14 22:15:04"
".venv\Lib\site-packages\scipy\sparse\linalg\tests\test_pydata_sparse.py","7574","2026-05-14 22:15:04"
".venv\Lib\site-packages\scipy\sparse\linalg\tests\test_special_sparse_arrays.py","13447","2026-05-14 22:15:04"
".venv\Lib\site-packages\scipy\sparse\sparsetools.py","533","2026-05-14 22:15:04"
".venv\Lib\site-packages\scipy\sparse\spfuncs.py","525","2026-05-14 22:15:04"
".venv\Lib\site-packages\scipy\sparse\sputils.py","525","2026-05-14 22:15:04"
".venv\Lib\site-packages\scipy\sparse\tests\__init__.py","0","2026-05-14 22:15:05"
".venv\Lib\site-packages\scipy\sparse\tests\data\csc_py2.npz","846","2026-05-14 22:15:05"
".venv\Lib\site-packages\scipy\sparse\tests\data\csc_py3.npz","851","2026-05-14 22:15:05"
".venv\Lib\site-packages\scipy\sparse\tests\test_64bit.py","13278","2026-05-14 22:15:05"
".venv\Lib\site-packages\scipy\sparse\tests\test_arithmetic1d.py","12325","2026-05-14 22:15:05"
".venv\Lib\site-packages\scipy\sparse\tests\test_array_api.py","14746","2026-05-14 22:15:05"
".venv\Lib\site-packages\scipy\sparse\tests\test_base.py","230358","2026-05-14 22:15:05"
".venv\Lib\site-packages\scipy\sparse\tests\test_common1d.py","16097","2026-05-14 22:15:05"
".venv\Lib\site-packages\scipy\sparse\tests\test_construct.py","51223","2026-05-14 22:15:05"
".venv\Lib\site-packages\scipy\sparse\tests\test_coo.py","49755","2026-05-14 22:15:05"
".venv\Lib\site-packages\scipy\sparse\tests\test_csc.py","4444","2026-05-14 22:15:05"
".venv\Lib\site-packages\scipy\sparse\tests\test_csr.py","8466","2026-05-14 22:15:05"
".venv\Lib\site-packages\scipy\sparse\tests\test_dok.py","6854","2026-05-14 22:15:05"
".venv\Lib\site-packages\scipy\sparse\tests\test_extract.py","1736","2026-05-14 22:15:05"
".venv\Lib\site-packages\scipy\sparse\tests\test_indexing1d.py","21678","2026-05-14 22:15:05"
".venv\Lib\site-packages\scipy\sparse\tests\test_matrix_io.py","3996","2026-05-14 22:15:05"
".venv\Lib\site-packages\scipy\sparse\tests\test_minmax1d.py","4397","2026-05-14 22:15:05"
".venv\Lib\site-packages\scipy\sparse\tests\test_sparsetools.py","10953","2026-05-14 22:15:05"
".venv\Lib\site-packages\scipy\sparse\tests\test_spfuncs.py","3355","2026-05-14 22:15:05"
".venv\Lib\site-packages\scipy\sparse\tests\test_sputils.py","16910","2026-05-14 22:15:05"
".venv\Lib\site-packages\scipy\spatial\__init__.py","3882","2026-05-14 22:15:05"
".venv\Lib\site-packages\scipy\spatial\_ckdtree.cp312-win_amd64.dll.a","1560","2026-05-14 22:15:05"
".venv\Lib\site-packages\scipy\spatial\_ckdtree.cp312-win_amd64.pyd","1523200","2026-05-14 22:15:05"
".venv\Lib\site-packages\scipy\spatial\_distance_pybind.cp312-win_amd64.dll.a","1656","2026-05-14 22:15:05"
".venv\Lib\site-packages\scipy\spatial\_distance_pybind.cp312-win_amd64.pyd","1382912","2026-05-14 22:15:05"
".venv\Lib\site-packages\scipy\spatial\_distance_wrap.cp312-win_amd64.dll.a","1628","2026-05-14 22:15:05"
".venv\Lib\site-packages\scipy\spatial\_distance_wrap.cp312-win_amd64.pyd","107008","2026-05-14 22:15:05"
".venv\Lib\site-packages\scipy\spatial\_geometric_slerp.py","8875","2026-05-14 22:15:05"
".venv\Lib\site-packages\scipy\spatial\_hausdorff.cp312-win_amd64.dll.a","1580","2026-05-14 22:15:05"
".venv\Lib\site-packages\scipy\spatial\_hausdorff.cp312-win_amd64.pyd","95744","2026-05-14 22:15:05"
".venv\Lib\site-packages\scipy\spatial\_kdtree.py","34643","2026-05-14 22:15:05"
".venv\Lib\site-packages\scipy\spatial\_plotutils.py","7327","2026-05-14 22:15:05"
".venv\Lib\site-packages\scipy\spatial\_procrustes.py","4559","2026-05-14 22:15:05"
".venv\Lib\site-packages\scipy\spatial\_qhull.cp312-win_amd64.dll.a","1532","2026-05-14 22:15:05"
".venv\Lib\site-packages\scipy\spatial\_qhull.cp312-win_amd64.pyd","846336","2026-05-14 22:15:05"
".venv\Lib\site-packages\scipy\spatial\_qhull.pyi","6167","2026-05-14 22:15:05"
".venv\Lib\site-packages\scipy\spatial\_spherical_voronoi.py","13858","2026-05-14 22:15:05"
".venv\Lib\site-packages\scipy\spatial\_voronoi.cp312-win_amd64.dll.a","1560","2026-05-14 22:15:05"
".venv\Lib\site-packages\scipy\spatial\_voronoi.cp312-win_amd64.pyd","85504","2026-05-14 22:15:05"
".venv\Lib\site-packages\scipy\spatial\_voronoi.pyi","130","2026-05-14 22:15:05"
".venv\Lib\site-packages\scipy\spatial\ckdtree.py","541","2026-05-14 22:15:05"
".venv\Lib\site-packages\scipy\spatial\distance.py","94784","2026-05-14 22:15:05"
".venv\Lib\site-packages\scipy\spatial\distance.pyi","5207","2026-05-14 22:15:05"
".venv\Lib\site-packages\scipy\spatial\kdtree.py","661","2026-05-14 22:15:05"
".venv\Lib\site-packages\scipy\spatial\qhull_src\COPYING_QHULL.txt","1759","2026-05-14 22:15:05"
".venv\Lib\site-packages\scipy\spatial\qhull.py","647","2026-05-14 22:15:05"
".venv\Lib\site-packages\scipy\spatial\tests\__init__.py","0","2026-05-14 22:15:05"
".venv\Lib\site-packages\scipy\spatial\tests\data\cdist-X1.txt","5760","2026-05-14 22:15:05"
".venv\Lib\site-packages\scipy\spatial\tests\data\cdist-X2.txt","11520","2026-05-14 22:15:05"
".venv\Lib\site-packages\scipy\spatial\tests\data\degenerate_pointset.npz","22548","2026-05-14 22:15:05"
".venv\Lib\site-packages\scipy\spatial\tests\data\iris.txt","15150","2026-05-14 22:15:05"
".venv\Lib\site-packages\scipy\spatial\tests\data\pdist-boolean-inp.txt","50020","2026-05-14 22:15:05"
".venv\Lib\site-packages\scipy\spatial\tests\data\pdist-chebyshev-ml-iris.txt","178802","2026-05-14 22:15:05"
".venv\Lib\site-packages\scipy\spatial\tests\data\pdist-chebyshev-ml.txt","3042","2026-05-14 22:15:05"
".venv\Lib\site-packages\scipy\spatial\tests\data\pdist-cityblock-ml-iris.txt","178802","2026-05-14 22:15:05"
".venv\Lib\site-packages\scipy\spatial\tests\data\pdist-cityblock-ml.txt","3042","2026-05-14 22:15:05"
".venv\Lib\site-packages\scipy\spatial\tests\data\pdist-correlation-ml-iris.txt","178802","2026-05-14 22:15:05"
".venv\Lib\site-packages\scipy\spatial\tests\data\pdist-correlation-ml.txt","3042","2026-05-14 22:15:05"
".venv\Lib\site-packages\scipy\spatial\tests\data\pdist-cosine-ml-iris.txt","178802","2026-05-14 22:15:05"
".venv\Lib\site-packages\scipy\spatial\tests\data\pdist-cosine-ml.txt","3042","2026-05-14 22:15:05"
".venv\Lib\site-packages\scipy\spatial\tests\data\pdist-double-inp.txt","50020","2026-05-14 22:15:05"
".venv\Lib\site-packages\scipy\spatial\tests\data\pdist-euclidean-ml-iris.txt","178802","2026-05-14 22:15:05"
".venv\Lib\site-packages\scipy\spatial\tests\data\pdist-euclidean-ml.txt","3042","2026-05-14 22:15:05"
".venv\Lib\site-packages\scipy\spatial\tests\data\pdist-hamming-ml.txt","3042","2026-05-14 22:15:05"
".venv\Lib\site-packages\scipy\spatial\tests\data\pdist-jaccard-ml.txt","3042","2026-05-14 22:15:05"
".venv\Lib\site-packages\scipy\spatial\tests\data\pdist-jensenshannon-ml-iris.txt","172739","2026-05-14 22:15:05"
".venv\Lib\site-packages\scipy\spatial\tests\data\pdist-jensenshannon-ml.txt","2819","2026-05-14 22:15:05"
".venv\Lib\site-packages\scipy\spatial\tests\data\pdist-minkowski-3.2-ml-iris.txt","178802","2026-05-14 22:15:05"
".venv\Lib\site-packages\scipy\spatial\tests\data\pdist-minkowski-3.2-ml.txt","3042","2026-05-14 22:15:05"
".venv\Lib\site-packages\scipy\spatial\tests\data\pdist-minkowski-5.8-ml-iris.txt","178802","2026-05-14 22:15:05"
".venv\Lib\site-packages\scipy\spatial\tests\data\pdist-seuclidean-ml-iris.txt","178802","2026-05-14 22:15:05"
".venv\Lib\site-packages\scipy\spatial\tests\data\pdist-seuclidean-ml.txt","3042","2026-05-14 22:15:05"
".venv\Lib\site-packages\scipy\spatial\tests\data\pdist-spearman-ml.txt","3042","2026-05-14 22:15:05"
".venv\Lib\site-packages\scipy\spatial\tests\data\random-bool-data.txt","6100","2026-05-14 22:15:05"
".venv\Lib\site-packages\scipy\spatial\tests\data\random-double-data.txt","75100","2026-05-14 22:15:05"
".venv\Lib\site-packages\scipy\spatial\tests\data\random-int-data.txt","10366","2026-05-14 22:15:05"
".venv\Lib\site-packages\scipy\spatial\tests\data\random-uint-data.txt","8811","2026-05-14 22:15:05"
".venv\Lib\site-packages\scipy\spatial\tests\data\selfdual-4d-polytope.txt","507","2026-05-14 22:15:05"
".venv\Lib\site-packages\scipy\spatial\tests\test__plotutils.py","3905","2026-05-14 22:15:05"
".venv\Lib\site-packages\scipy\spatial\tests\test__procrustes.py","5090","2026-05-14 22:15:05"
".venv\Lib\site-packages\scipy\spatial\tests\test_distance.py","87013","2026-05-14 22:15:05"
".venv\Lib\site-packages\scipy\spatial\tests\test_hausdorff.py","8416","2026-05-14 22:15:05"
".venv\Lib\site-packages\scipy\spatial\tests\test_kdtree.py","50876","2026-05-14 22:15:05"
".venv\Lib\site-packages\scipy\spatial\tests\test_qhull.py","51432","2026-05-14 22:15:05"
".venv\Lib\site-packages\scipy\spatial\tests\test_slerp.py","18920","2026-05-14 22:15:05"
".venv\Lib\site-packages\scipy\spatial\tests\test_spherical_voronoi.py","14858","2026-05-14 22:15:05"
".venv\Lib\site-packages\scipy\spatial\transform\__init__.py","857","2026-05-14 22:15:05"
".venv\Lib\site-packages\scipy\spatial\transform\_rigid_transform_cy.cp312-win_amd64.dll.a","1688","2026-05-14 22:15:05"
".venv\Lib\site-packages\scipy\spatial\transform\_rigid_transform_cy.cp312-win_amd64.pyd","242688","2026-05-14 22:15:05"
".venv\Lib\site-packages\scipy\spatial\transform\_rigid_transform_xp.py","16960","2026-05-14 22:15:05"
".venv\Lib\site-packages\scipy\spatial\transform\_rigid_transform.py","73702","2026-05-14 22:15:05"
".venv\Lib\site-packages\scipy\spatial\transform\_rotation_cy.cp312-win_amd64.dll.a","1608","2026-05-14 22:15:05"
".venv\Lib\site-packages\scipy\spatial\transform\_rotation_cy.cp312-win_amd64.pyd","557568","2026-05-14 22:15:05"
".venv\Lib\site-packages\scipy\spatial\transform\_rotation_groups.py","4562","2026-05-14 22:15:05"
".venv\Lib\site-packages\scipy\spatial\transform\_rotation_spline.py","14709","2026-05-14 22:15:05"
".venv\Lib\site-packages\scipy\spatial\transform\_rotation_xp.py","45310","2026-05-14 22:15:05"
".venv\Lib\site-packages\scipy\spatial\transform\_rotation.py","110219","2026-05-14 22:15:05"
".venv\Lib\site-packages\scipy\spatial\transform\rotation.py","577","2026-05-14 22:15:05"
".venv\Lib\site-packages\scipy\spatial\transform\tests\__init__.py","0","2026-05-14 22:15:05"
".venv\Lib\site-packages\scipy\spatial\transform\tests\test_rigid_transform.py","60574","2026-05-14 22:15:05"
".venv\Lib\site-packages\scipy\spatial\transform\tests\test_rotation_groups.py","5721","2026-05-14 22:15:05"
".venv\Lib\site-packages\scipy\spatial\transform\tests\test_rotation_spline.py","6074","2026-05-14 22:15:05"
".venv\Lib\site-packages\scipy\spatial\transform\tests\test_rotation.py","118659","2026-05-14 22:15:05"
".venv\Lib\site-packages\scipy\special\__init__.pxd","43","2026-05-14 22:15:05"
".venv\Lib\site-packages\scipy\special\__init__.py","32659","2026-05-14 22:15:05"
".venv\Lib\site-packages\scipy\special\_add_newdocs.py","249693","2026-05-14 22:15:05"
".venv\Lib\site-packages\scipy\special\_basic.py","108676","2026-05-14 22:15:05"
".venv\Lib\site-packages\scipy\special\_comb.cp312-win_amd64.dll.a","1520","2026-05-14 22:15:05"
".venv\Lib\site-packages\scipy\special\_comb.cp312-win_amd64.pyd","46080","2026-05-14 22:15:05"
".venv\Lib\site-packages\scipy\special\_ellip_harm_2.cp312-win_amd64.dll.a","1616","2026-05-14 22:15:05"
".venv\Lib\site-packages\scipy\special\_ellip_harm_2.cp312-win_amd64.pyd","139264","2026-05-14 22:15:05"
".venv\Lib\site-packages\scipy\special\_ellip_harm.py","5602","2026-05-14 22:15:05"
".venv\Lib\site-packages\scipy\special\_gufuncs.cp312-win_amd64.dll.a","1560","2026-05-14 22:15:05"
".venv\Lib\site-packages\scipy\special\_gufuncs.cp312-win_amd64.pyd","1515008","2026-05-14 22:15:05"
".venv\Lib\site-packages\scipy\special\_input_validation.py","491","2026-05-14 22:15:05"
".venv\Lib\site-packages\scipy\special\_lambertw.py","4111","2026-05-14 22:15:05"
".venv\Lib\site-packages\scipy\special\_logsumexp.py","14852","2026-05-14 22:15:05"
".venv\Lib\site-packages\scipy\special\_mptestutils.py","14894","2026-05-14 22:15:05"
".venv\Lib\site-packages\scipy\special\_multiufuncs.py","20031","2026-05-14 22:15:05"
".venv\Lib\site-packages\scipy\special\_orthogonal.py","77376","2026-05-14 22:15:05"
".venv\Lib\site-packages\scipy\special\_orthogonal.pyi","8595","2026-05-14 22:15:05"
".venv\Lib\site-packages\scipy\special\_precompute\__init__.py","0","2026-05-14 22:15:06"
".venv\Lib\site-packages\scipy\special\_precompute\cosine_cdf.py","371","2026-05-14 22:15:05"
".venv\Lib\site-packages\scipy\special\_precompute\expn_asy.py","1319","2026-05-14 22:15:05"
".venv\Lib\site-packages\scipy\special\_precompute\gammainc_asy.py","2618","2026-05-14 22:15:05"
".venv\Lib\site-packages\scipy\special\_precompute\gammainc_data.py","4201","2026-05-14 22:15:05"
".venv\Lib\site-packages\scipy\special\_precompute\hyp2f1_data.py","15191","2026-05-14 22:15:05"
".venv\Lib\site-packages\scipy\special\_precompute\lambertw.py","2029","2026-05-14 22:15:05"
".venv\Lib\site-packages\scipy\special\_precompute\loggamma.py","1137","2026-05-14 22:15:05"
".venv\Lib\site-packages\scipy\special\_precompute\struve_convergence.py","3755","2026-05-14 22:15:05"
".venv\Lib\site-packages\scipy\special\_precompute\utils.py","925","2026-05-14 22:15:06"
".venv\Lib\site-packages\scipy\special\_precompute\wright_bessel_data.py","5799","2026-05-14 22:15:06"
".venv\Lib\site-packages\scipy\special\_precompute\wright_bessel.py","13210","2026-05-14 22:15:06"
".venv\Lib\site-packages\scipy\special\_precompute\wrightomega.py","996","2026-05-14 22:15:06"
".venv\Lib\site-packages\scipy\special\_precompute\zetac.py","618","2026-05-14 22:15:06"
".venv\Lib\site-packages\scipy\special\_sf_error.py","390","2026-05-14 22:15:05"
".venv\Lib\site-packages\scipy\special\_specfun.cp312-win_amd64.dll.a","1560","2026-05-14 22:15:05"
".venv\Lib\site-packages\scipy\special\_specfun.cp312-win_amd64.pyd","294400","2026-05-14 22:15:05"
".venv\Lib\site-packages\scipy\special\_special_ufuncs.cp312-win_amd64.dll.a","1640","2026-05-14 22:15:05"
".venv\Lib\site-packages\scipy\special\_special_ufuncs.cp312-win_amd64.pyd","2292224","2026-05-14 22:15:05"
".venv\Lib\site-packages\scipy\special\_spfun_stats.py","3978","2026-05-14 22:15:05"
".venv\Lib\site-packages\scipy\special\_spherical_bessel.py","12854","2026-05-14 22:15:05"
".venv\Lib\site-packages\scipy\special\_support_alternative_backends.py","29099","2026-05-14 22:15:05"
".venv\Lib\site-packages\scipy\special\_test_internal.cp312-win_amd64.dll.a","1628","2026-05-14 22:15:05"
".venv\Lib\site-packages\scipy\special\_test_internal.cp312-win_amd64.pyd","93696","2026-05-14 22:15:05"
".venv\Lib\site-packages\scipy\special\_test_internal.pyi","403","2026-05-14 22:15:05"
".venv\Lib\site-packages\scipy\special\_testutils.py","12292","2026-05-14 22:15:05"
".venv\Lib\site-packages\scipy\special\_ufuncs_cxx_defs.h","10465","2026-05-14 22:15:05"
".venv\Lib\site-packages\scipy\special\_ufuncs_cxx.cp312-win_amd64.dll.a","1592","2026-05-14 22:15:05"
".venv\Lib\site-packages\scipy\special\_ufuncs_cxx.cp312-win_amd64.pyd","2404864","2026-05-14 22:15:05"
".venv\Lib\site-packages\scipy\special\_ufuncs_cxx.pxd","6120","2026-05-14 22:15:05"
".venv\Lib\site-packages\scipy\special\_ufuncs_cxx.pyx","33723","2026-05-14 22:15:05"
".venv\Lib\site-packages\scipy\special\_ufuncs_defs.h","2885","2026-05-14 22:15:05"
".venv\Lib\site-packages\scipy\special\_ufuncs.cp312-win_amd64.dll.a","1544","2026-05-14 22:15:05"
".venv\Lib\site-packages\scipy\special\_ufuncs.cp312-win_amd64.pyd","1398784","2026-05-14 22:15:05"
".venv\Lib\site-packages\scipy\special\_ufuncs.pyi","9405","2026-05-14 22:15:05"
".venv\Lib\site-packages\scipy\special\_ufuncs.pyx","575364","2026-05-14 22:15:05"
".venv\Lib\site-packages\scipy\special\add_newdocs.py","451","2026-05-14 22:15:05"
".venv\Lib\site-packages\scipy\special\basic.py","1630","2026-05-14 22:15:05"
".venv\Lib\site-packages\scipy\special\cython_special.cp312-win_amd64.dll.a","1628","2026-05-14 22:15:05"
".venv\Lib\site-packages\scipy\special\cython_special.cp312-win_amd64.pyd","2196480","2026-05-14 22:15:05"
".venv\Lib\site-packages\scipy\special\cython_special.pxd","16779","2026-05-14 22:15:05"
".venv\Lib\site-packages\scipy\special\cython_special.pyi","61","2026-05-14 22:15:05"
".venv\Lib\site-packages\scipy\special\orthogonal.py","1769","2026-05-14 22:15:05"
".venv\Lib\site-packages\scipy\special\sf_error.py","593","2026-05-14 22:15:05"
".venv\Lib\site-packages\scipy\special\specfun.py","573","2026-05-14 22:15:05"
".venv\Lib\site-packages\scipy\special\spfun_stats.py","552","2026-05-14 22:15:05"
".venv\Lib\site-packages\scipy\special\tests\__init__.py","0","2026-05-14 22:15:05"
".venv\Lib\site-packages\scipy\special\tests\_cython_examples\extending.pyx","304","2026-05-14 22:15:05"
".venv\Lib\site-packages\scipy\special\tests\_cython_examples\meson.build","844","2026-05-14 22:15:05"
".venv\Lib\site-packages\scipy\special\tests\data\__init__.py","0","2026-05-14 22:15:05"
".venv\Lib\site-packages\scipy\special\tests\data\boost.npz","1270643","2026-05-14 22:15:05"
".venv\Lib\site-packages\scipy\special\tests\data\gsl.npz","51433","2026-05-14 22:15:05"
".venv\Lib\site-packages\scipy\special\tests\data\local.npz","203438","2026-05-14 22:15:05"
".venv\Lib\site-packages\scipy\special\tests\test_basic.py","204971","2026-05-14 22:15:05"
".venv\Lib\site-packages\scipy\special\tests\test_bdtr.py","3403","2026-05-14 22:15:05"
".venv\Lib\site-packages\scipy\special\tests\test_boost_ufuncs.py","3106","2026-05-14 22:15:05"
".venv\Lib\site-packages\scipy\special\tests\test_boxcox.py","3388","2026-05-14 22:15:05"
".venv\Lib\site-packages\scipy\special\tests\test_cdflib.py","33265","2026-05-14 22:15:05"
".venv\Lib\site-packages\scipy\special\tests\test_cdft_asymptotic.py","1671","2026-05-14 22:15:05"
".venv\Lib\site-packages\scipy\special\tests\test_cephes_intp_cast.py","1158","2026-05-14 22:15:05"
".venv\Lib\site-packages\scipy\special\tests\test_cosine_distr.py","2773","2026-05-14 22:15:05"
".venv\Lib\site-packages\scipy\special\tests\test_cython_special.py","19409","2026-05-14 22:15:05"
".venv\Lib\site-packages\scipy\special\tests\test_data.py","29028","2026-05-14 22:15:05"
".venv\Lib\site-packages\scipy\special\tests\test_dd.py","1606","2026-05-14 22:15:05"
".venv\Lib\site-packages\scipy\special\tests\test_digamma.py","1427","2026-05-14 22:15:05"
".venv\Lib\site-packages\scipy\special\tests\test_ellip_harm.py","10257","2026-05-14 22:15:05"
".venv\Lib\site-packages\scipy\special\tests\test_erfinv.py","3148","2026-05-14 22:15:05"
".venv\Lib\site-packages\scipy\special\tests\test_exponential_integrals.py","3986","2026-05-14 22:15:05"
".venv\Lib\site-packages\scipy\special\tests\test_extending.py","1212","2026-05-14 22:15:05"
".venv\Lib\site-packages\scipy\special\tests\test_faddeeva.py","2653","2026-05-14 22:15:05"
".venv\Lib\site-packages\scipy\special\tests\test_gamma.py","270","2026-05-14 22:15:05"
".venv\Lib\site-packages\scipy\special\tests\test_gammainc.py","4593","2026-05-14 22:15:05"
".venv\Lib\site-packages\scipy\special\tests\test_gen_harmonic.py","3209","2026-05-14 22:15:05"
".venv\Lib\site-packages\scipy\special\tests\test_hyp2f1.py","94827","2026-05-14 22:15:05"
".venv\Lib\site-packages\scipy\special\tests\test_hypergeometric.py","10230","2026-05-14 22:15:05"
".venv\Lib\site-packages\scipy\special\tests\test_iv_ratio.py","10357","2026-05-14 22:15:05"
".venv\Lib\site-packages\scipy\special\tests\test_kolmogorov.py","19771","2026-05-14 22:15:05"
".venv\Lib\site-packages\scipy\special\tests\test_lambertw.py","4681","2026-05-14 22:15:05"
".venv\Lib\site-packages\scipy\special\tests\test_legendre.py","54444","2026-05-14 22:15:05"
".venv\Lib\site-packages\scipy\special\tests\test_log1mexp.py","3227","2026-05-14 22:15:05"
".venv\Lib\site-packages\scipy\special\tests\test_loggamma.py","2062","2026-05-14 22:15:05"
".venv\Lib\site-packages\scipy\special\tests\test_logit.py","6631","2026-05-14 22:15:05"
".venv\Lib\site-packages\scipy\special\tests\test_logsumexp.py","19813","2026-05-14 22:15:05"
".venv\Lib\site-packages\scipy\special\tests\test_mpmath.py","71470","2026-05-14 22:15:05"
".venv\Lib\site-packages\scipy\special\tests\test_nan_inputs.py","2028","2026-05-14 22:15:05"
".venv\Lib\site-packages\scipy\special\tests\test_ndtr.py","2757","2026-05-14 22:15:05"
".venv\Lib\site-packages\scipy\special\tests\test_ndtri_exp.py","3802","2026-05-14 22:15:05"
".venv\Lib\site-packages\scipy\special\tests\test_orthogonal_eval.py","9851","2026-05-14 22:15:05"
".venv\Lib\site-packages\scipy\special\tests\test_orthogonal.py","33701","2026-05-14 22:15:05"
".venv\Lib\site-packages\scipy\special\tests\test_owens_t.py","1845","2026-05-14 22:15:05"
".venv\Lib\site-packages\scipy\special\tests\test_pcf.py","688","2026-05-14 22:15:05"
".venv\Lib\site-packages\scipy\special\tests\test_pdtr.py","1414","2026-05-14 22:15:05"
".venv\Lib\site-packages\scipy\special\tests\test_powm1.py","2341","2026-05-14 22:15:05"
".venv\Lib\site-packages\scipy\special\tests\test_precompute_expn_asy.py","607","2026-05-14 22:15:05"
".venv\Lib\site-packages\scipy\special\tests\test_precompute_gammainc.py","4732","2026-05-14 22:15:05"
".venv\Lib\site-packages\scipy\special\tests\test_precompute_utils.py","1201","2026-05-14 22:15:05"
".venv\Lib\site-packages\scipy\special\tests\test_round.py","529","2026-05-14 22:15:05"
".venv\Lib\site-packages\scipy\special\tests\test_sf_error.py","4715","2026-05-14 22:15:05"
".venv\Lib\site-packages\scipy\special\tests\test_sici.py","1263","2026-05-14 22:15:05"
".venv\Lib\site-packages\scipy\special\tests\test_specfun.py","1735","2026-05-14 22:15:05"
".venv\Lib\site-packages\scipy\special\tests\test_spence.py","1131","2026-05-14 22:15:05"
".venv\Lib\site-packages\scipy\special\tests\test_spfun_stats.py","2090","2026-05-14 22:15:05"
".venv\Lib\site-packages\scipy\special\tests\test_sph_harm.py","1828","2026-05-14 22:15:05"
".venv\Lib\site-packages\scipy\special\tests\test_spherical_bessel.py","15602","2026-05-14 22:15:05"
".venv\Lib\site-packages\scipy\special\tests\test_support_alternative_backends.py","16082","2026-05-14 22:15:05"
".venv\Lib\site-packages\scipy\special\tests\test_trig.py","2476","2026-05-14 22:15:05"
".venv\Lib\site-packages\scipy\special\tests\test_ufunc_signatures.py","2028","2026-05-14 22:15:05"
".venv\Lib\site-packages\scipy\special\tests\test_wright_bessel.py","7899","2026-05-14 22:15:05"
".venv\Lib\site-packages\scipy\special\tests\test_wrightomega.py","3677","2026-05-14 22:15:05"
".venv\Lib\site-packages\scipy\special\tests\test_zeta.py","11850","2026-05-14 22:15:05"
".venv\Lib\site-packages\scipy\stats\__init__.py","19511","2026-05-14 22:15:06"
".venv\Lib\site-packages\scipy\stats\_ansari_swilk_statistics.cp312-win_amd64.dll.a","1752","2026-05-14 22:15:06"
".venv\Lib\site-packages\scipy\stats\_ansari_swilk_statistics.cp312-win_amd64.pyd","107008","2026-05-14 22:15:06"
".venv\Lib\site-packages\scipy\stats\_axis_nan_policy.py","33360","2026-05-14 22:15:06"
".venv\Lib\site-packages\scipy\stats\_biasedurn.cp312-win_amd64.dll.a","1580","2026-05-14 22:15:06"
".venv\Lib\site-packages\scipy\stats\_biasedurn.cp312-win_amd64.pyd","349696","2026-05-14 22:15:06"
".venv\Lib\site-packages\scipy\stats\_biasedurn.pxd","1073","2026-05-14 22:15:06"
".venv\Lib\site-packages\scipy\stats\_binned_statistic.py","33646","2026-05-14 22:15:06"
".venv\Lib\site-packages\scipy\stats\_binomtest.py","13576","2026-05-14 22:15:06"
".venv\Lib\site-packages\scipy\stats\_bws_test.py","7322","2026-05-14 22:15:06"
".venv\Lib\site-packages\scipy\stats\_censored_data.py","18765","2026-05-14 22:15:06"
".venv\Lib\site-packages\scipy\stats\_common.py","177","2026-05-14 22:15:06"
".venv\Lib\site-packages\scipy\stats\_constants.py","1044","2026-05-14 22:15:06"
".venv\Lib\site-packages\scipy\stats\_continued_fraction.py","15895","2026-05-14 22:15:06"
".venv\Lib\site-packages\scipy\stats\_continuous_distns.py","421896","2026-05-14 22:15:06"
".venv\Lib\site-packages\scipy\stats\_correlation.py","15803","2026-05-14 22:15:06"
".venv\Lib\site-packages\scipy\stats\_covariance.py","23562","2026-05-14 22:15:06"
".venv\Lib\site-packages\scipy\stats\_crosstab.py","7555","2026-05-14 22:15:06"
".venv\Lib\site-packages\scipy\stats\_discrete_distns.py","68195","2026-05-14 22:15:06"
".venv\Lib\site-packages\scipy\stats\_distn_infrastructure.py","157798","2026-05-14 22:15:06"
".venv\Lib\site-packages\scipy\stats\_distr_params.py","9383","2026-05-14 22:15:06"
".venv\Lib\site-packages\scipy\stats\_distribution_infrastructure.py","243405","2026-05-14 22:15:06"
".venv\Lib\site-packages\scipy\stats\_entropy.py","16429","2026-05-14 22:15:06"
".venv\Lib\site-packages\scipy\stats\_finite_differences.py","4313","2026-05-14 22:15:06"
".venv\Lib\site-packages\scipy\stats\_fit.py","61023","2026-05-14 22:15:06"
".venv\Lib\site-packages\scipy\stats\_hypotests.py","89064","2026-05-14 22:15:06"
".venv\Lib\site-packages\scipy\stats\_kde.py","26424","2026-05-14 22:15:06"
".venv\Lib\site-packages\scipy\stats\_ksstats.py","20740","2026-05-14 22:15:06"
".venv\Lib\site-packages\scipy\stats\_levy_stable\__init__.py","47466","2026-05-14 22:15:06"
".venv\Lib\site-packages\scipy\stats\_levy_stable\levyst.cp312-win_amd64.dll.a","1532","2026-05-14 22:15:06"
".venv\Lib\site-packages\scipy\stats\_levy_stable\levyst.cp312-win_amd64.pyd","51200","2026-05-14 22:15:06"
".venv\Lib\site-packages\scipy\stats\_mannwhitneyu.py","20067","2026-05-14 22:15:06"
".venv\Lib\site-packages\scipy\stats\_mgc.py","21992","2026-05-14 22:15:06"
".venv\Lib\site-packages\scipy\stats\_morestats.py","188972","2026-05-14 22:15:06"
".venv\Lib\site-packages\scipy\stats\_mstats_basic.py","126603","2026-05-14 22:15:06"
".venv\Lib\site-packages\scipy\stats\_mstats_extras.py","16883","2026-05-14 22:15:06"
".venv\Lib\site-packages\scipy\stats\_multicomp.py","17368","2026-05-14 22:15:06"
".venv\Lib\site-packages\scipy\stats\_multivariate.py","281975","2026-05-14 22:15:06"
".venv\Lib\site-packages\scipy\stats\_new_distributions.py","19463","2026-05-14 22:15:06"
".venv\Lib\site-packages\scipy\stats\_odds_ratio.py","17471","2026-05-14 22:15:06"
".venv\Lib\site-packages\scipy\stats\_page_trend_test.py","19803","2026-05-14 22:15:06"
".venv\Lib\site-packages\scipy\stats\_probability_distribution.py","71992","2026-05-14 22:15:06"
".venv\Lib\site-packages\scipy\stats\_qmc_cy.cp312-win_amd64.dll.a","1544","2026-05-14 22:15:06"
".venv\Lib\site-packages\scipy\stats\_qmc_cy.cp312-win_amd64.pyd","278528","2026-05-14 22:15:06"
".venv\Lib\site-packages\scipy\stats\_qmc_cy.pyi","1188","2026-05-14 22:15:06"
".venv\Lib\site-packages\scipy\stats\_qmc.py","110739","2026-05-14 22:15:06"
".venv\Lib\site-packages\scipy\stats\_qmvnt_cy.cp312-win_amd64.dll.a","1568","2026-05-14 22:15:06"
".venv\Lib\site-packages\scipy\stats\_qmvnt_cy.cp312-win_amd64.pyd","128000","2026-05-14 22:15:06"
".venv\Lib\site-packages\scipy\stats\_qmvnt.py","16922","2026-05-14 22:15:06"
".venv\Lib\site-packages\scipy\stats\_quantile.py","21697","2026-05-14 22:15:06"
".venv\Lib\site-packages\scipy\stats\_rcont\__init__.py","88","2026-05-14 22:15:06"
".venv\Lib\site-packages\scipy\stats\_rcont\rcont.cp312-win_amd64.dll.a","1520","2026-05-14 22:15:06"
".venv\Lib\site-packages\scipy\stats\_rcont\rcont.cp312-win_amd64.pyd","109568","2026-05-14 22:15:06"
".venv\Lib\site-packages\scipy\stats\_relative_risk.py","9834","2026-05-14 22:15:06"
".venv\Lib\site-packages\scipy\stats\_resampling.py","108507","2026-05-14 22:15:06"
".venv\Lib\site-packages\scipy\stats\_result_classes.py","1125","2026-05-14 22:15:06"
".venv\Lib\site-packages\scipy\stats\_sampling.py","47721","2026-05-14 22:15:06"
".venv\Lib\site-packages\scipy\stats\_sensitivity_analysis.py","25839","2026-05-14 22:15:06"
".venv\Lib\site-packages\scipy\stats\_sobol_direction_numbers.npz","589334","2026-05-14 22:15:06"
".venv\Lib\site-packages\scipy\stats\_sobol.cp312-win_amd64.dll.a","1532","2026-05-14 22:15:06"
".venv\Lib\site-packages\scipy\stats\_sobol.cp312-win_amd64.pyd","192512","2026-05-14 22:15:06"
".venv\Lib\site-packages\scipy\stats\_sobol.pyi","1025","2026-05-14 22:15:06"
".venv\Lib\site-packages\scipy\stats\_stats_mstats_common.py","12905","2026-05-14 22:15:06"
".venv\Lib\site-packages\scipy\stats\_stats_py.py","429183","2026-05-14 22:15:06"
".venv\Lib\site-packages\scipy\stats\_stats_pythran.cp312-win_amd64.dll.a","1628","2026-05-14 22:15:06"
".venv\Lib\site-packages\scipy\stats\_stats_pythran.cp312-win_amd64.pyd","1107968","2026-05-14 22:15:06"
".venv\Lib\site-packages\scipy\stats\_stats.cp312-win_amd64.dll.a","1532","2026-05-14 22:15:06"
".venv\Lib\site-packages\scipy\stats\_stats.cp312-win_amd64.pyd","484352","2026-05-14 22:15:06"
".venv\Lib\site-packages\scipy\stats\_stats.pxd","719","2026-05-14 22:15:06"
".venv\Lib\site-packages\scipy\stats\_survival.py","26737","2026-05-14 22:15:06"
".venv\Lib\site-packages\scipy\stats\_tukeylambda_stats.py","7080","2026-05-14 22:15:06"
".venv\Lib\site-packages\scipy\stats\_unuran\__init__.py","0","2026-05-14 22:15:06"
".venv\Lib\site-packages\scipy\stats\_unuran\unuran_wrapper.cp312-win_amd64.dll.a","1628","2026-05-14 22:15:06"
".venv\Lib\site-packages\scipy\stats\_unuran\unuran_wrapper.cp312-win_amd64.pyd","1262080","2026-05-14 22:15:06"
".venv\Lib\site-packages\scipy\stats\_unuran\unuran_wrapper.pyi","5794","2026-05-14 22:15:06"
".venv\Lib\site-packages\scipy\stats\_variation.py","4988","2026-05-14 22:15:06"
".venv\Lib\site-packages\scipy\stats\_warnings_errors.py","1234","2026-05-14 22:15:06"
".venv\Lib\site-packages\scipy\stats\_wilcoxon.py","10731","2026-05-14 22:15:06"
".venv\Lib\site-packages\scipy\stats\biasedurn.py","447","2026-05-14 22:15:06"
".venv\Lib\site-packages\scipy\stats\contingency.py","19349","2026-05-14 22:15:06"
".venv\Lib\site-packages\scipy\stats\distributions.py","883","2026-05-14 22:15:06"
".venv\Lib\site-packages\scipy\stats\kde.py","534","2026-05-14 22:15:06"
".venv\Lib\site-packages\scipy\stats\morestats.py","984","2026-05-14 22:15:06"
".venv\Lib\site-packages\scipy\stats\mstats_basic.py","1436","2026-05-14 22:15:06"
".venv\Lib\site-packages\scipy\stats\mstats_extras.py","746","2026-05-14 22:15:06"
".venv\Lib\site-packages\scipy\stats\mstats.py","2606","2026-05-14 22:15:06"
".venv\Lib\site-packages\scipy\stats\mvn.py","515","2026-05-14 22:15:06"
".venv\Lib\site-packages\scipy\stats\qmc.py","11939","2026-05-14 22:15:06"
".venv\Lib\site-packages\scipy\stats\sampling.py","2012","2026-05-14 22:15:06"
".venv\Lib\site-packages\scipy\stats\stats.py","1537","2026-05-14 22:15:06"
".venv\Lib\site-packages\scipy\stats\tests\__init__.py","0","2026-05-14 22:15:06"
".venv\Lib\site-packages\scipy\stats\tests\common_tests.py","12676","2026-05-14 22:15:06"
".venv\Lib\site-packages\scipy\stats\tests\data\_mvt.py","7076","2026-05-14 22:15:06"
".venv\Lib\site-packages\scipy\stats\tests\data\fisher_exact_results_from_r.py","27956","2026-05-14 22:15:06"
".venv\Lib\site-packages\scipy\stats\tests\data\jf_skew_t_gamlss_pdf_data.npy","4064","2026-05-14 22:15:06"
".venv\Lib\site-packages\scipy\stats\tests\data\levy_stable\stable-loc-scale-sample-data.npy","9328","2026-05-14 22:15:06"
".venv\Lib\site-packages\scipy\stats\tests\data\levy_stable\stable-Z1-cdf-sample-data.npy","183728","2026-05-14 22:15:06"
".venv\Lib\site-packages\scipy\stats\tests\data\levy_stable\stable-Z1-pdf-sample-data.npy","183688","2026-05-14 22:15:06"
".venv\Lib\site-packages\scipy\stats\tests\data\nist_anova\AtmWtAg.dat","3171","2026-05-14 22:15:06"
".venv\Lib\site-packages\scipy\stats\tests\data\nist_anova\SiRstv.dat","2032","2026-05-14 22:15:06"
".venv\Lib\site-packages\scipy\stats\tests\data\nist_anova\SmLs01.dat","6304","2026-05-14 22:15:06"
".venv\Lib\site-packages\scipy\stats\tests\data\nist_anova\SmLs02.dat","48430","2026-05-14 22:15:06"
".venv\Lib\site-packages\scipy\stats\tests\data\nist_anova\SmLs03.dat","469635","2026-05-14 22:15:06"
".venv\Lib\site-packages\scipy\stats\tests\data\nist_anova\SmLs04.dat","7064","2026-05-14 22:15:06"
".venv\Lib\site-packages\scipy\stats\tests\data\nist_anova\SmLs05.dat","55668","2026-05-14 22:15:06"
".venv\Lib\site-packages\scipy\stats\tests\data\nist_anova\SmLs06.dat","541674","2026-05-14 22:15:06"
".venv\Lib\site-packages\scipy\stats\tests\data\nist_anova\SmLs07.dat","7630","2026-05-14 22:15:06"
".venv\Lib\site-packages\scipy\stats\tests\data\nist_anova\SmLs08.dat","61097","2026-05-14 22:15:06"
".venv\Lib\site-packages\scipy\stats\tests\data\nist_anova\SmLs09.dat","595702","2026-05-14 22:15:06"
".venv\Lib\site-packages\scipy\stats\tests\data\nist_linregress\Norris.dat","2688","2026-05-14 22:15:06"
".venv\Lib\site-packages\scipy\stats\tests\data\rel_breitwigner_pdf_sample_data_ROOT.npy","38624","2026-05-14 22:15:06"
".venv\Lib\site-packages\scipy\stats\tests\data\studentized_range_mpmath_ref.json","30737","2026-05-14 22:15:06"
".venv\Lib\site-packages\scipy\stats\tests\test_axis_nan_policy.py","65549","2026-05-14 22:15:06"
".venv\Lib\site-packages\scipy\stats\tests\test_binned_statistic.py","19412","2026-05-14 22:15:06"
".venv\Lib\site-packages\scipy\stats\tests\test_censored_data.py","7087","2026-05-14 22:15:06"
".venv\Lib\site-packages\scipy\stats\tests\test_contingency.py","11231","2026-05-14 22:15:06"
".venv\Lib\site-packages\scipy\stats\tests\test_continued_fraction.py","6882","2026-05-14 22:15:06"
".venv\Lib\site-packages\scipy\stats\tests\test_continuous_basic.py","44604","2026-05-14 22:15:06"
".venv\Lib\site-packages\scipy\stats\tests\test_continuous_fit_censored.py","24871","2026-05-14 22:15:06"
".venv\Lib\site-packages\scipy\stats\tests\test_continuous.py","95122","2026-05-14 22:15:06"
".venv\Lib\site-packages\scipy\stats\tests\test_correlation.py","10992","2026-05-14 22:15:06"
".venv\Lib\site-packages\scipy\stats\tests\test_crosstab.py","4021","2026-05-14 22:15:06"
".venv\Lib\site-packages\scipy\stats\tests\test_device_dtype.py","9514","2026-05-14 22:15:06"
".venv\Lib\site-packages\scipy\stats\tests\test_discrete_basic.py","23368","2026-05-14 22:15:06"
".venv\Lib\site-packages\scipy\stats\tests\test_discrete_distns.py","27763","2026-05-14 22:15:06"
".venv\Lib\site-packages\scipy\stats\tests\test_distributions.py","429723","2026-05-14 22:15:06"
".venv\Lib\site-packages\scipy\stats\tests\test_entropy.py","13157","2026-05-14 22:15:06"
".venv\Lib\site-packages\scipy\stats\tests\test_fast_gen_inversion.py","16496","2026-05-14 22:15:06"
".venv\Lib\site-packages\scipy\stats\tests\test_fit.py","50027","2026-05-14 22:15:06"
".venv\Lib\site-packages\scipy\stats\tests\test_hypotests.py","99327","2026-05-14 22:15:06"
".venv\Lib\site-packages\scipy\stats\tests\test_kdeoth.py","23540","2026-05-14 22:15:06"
".venv\Lib\site-packages\scipy\stats\tests\test_marray.py","17794","2026-05-14 22:15:06"
".venv\Lib\site-packages\scipy\stats\tests\test_mgc.py","8589","2026-05-14 22:15:06"
".venv\Lib\site-packages\scipy\stats\tests\test_morestats.py","160209","2026-05-14 22:15:06"
".venv\Lib\site-packages\scipy\stats\tests\test_mstats_basic.py","91926","2026-05-14 22:15:06"
".venv\Lib\site-packages\scipy\stats\tests\test_mstats_extras.py","7489","2026-05-14 22:15:06"
".venv\Lib\site-packages\scipy\stats\tests\test_multicomp.py","18231","2026-05-14 22:15:06"
".venv\Lib\site-packages\scipy\stats\tests\test_multivariate.py","203149","2026-05-14 22:15:06"
".venv\Lib\site-packages\scipy\stats\tests\test_new_distributions.py","891","2026-05-14 22:15:06"
".venv\Lib\site-packages\scipy\stats\tests\test_odds_ratio.py","6875","2026-05-14 22:15:06"
".venv\Lib\site-packages\scipy\stats\tests\test_qmc.py","60739","2026-05-14 22:15:06"
".venv\Lib\site-packages\scipy\stats\tests\test_quantile.py","18309","2026-05-14 22:15:06"
".venv\Lib\site-packages\scipy\stats\tests\test_rank.py","13123","2026-05-14 22:15:06"
".venv\Lib\site-packages\scipy\stats\tests\test_relative_risk.py","3741","2026-05-14 22:15:06"
".venv\Lib\site-packages\scipy\stats\tests\test_resampling.py","94416","2026-05-14 22:15:06"
".venv\Lib\site-packages\scipy\stats\tests\test_sampling.py","56322","2026-05-14 22:15:06"
".venv\Lib\site-packages\scipy\stats\tests\test_sensitivity_analysis.py","10988","2026-05-14 22:15:06"
".venv\Lib\site-packages\scipy\stats\tests\test_stats.py","412681","2026-05-14 22:15:06"
".venv\Lib\site-packages\scipy\stats\tests\test_survival.py","22424","2026-05-14 22:15:06"
".venv\Lib\site-packages\scipy\stats\tests\test_tukeylambda_stats.py","3316","2026-05-14 22:15:06"
".venv\Lib\site-packages\scipy\stats\tests\test_variation.py","9574","2026-05-14 22:15:06"
".venv\Lib\site-packages\scipy\version.py","330","2026-05-14 22:15:01"
".venv\Lib\site-packages\six-1.17.0.dist-info\INSTALLER","4","2026-05-14 22:14:44"
".venv\Lib\site-packages\six-1.17.0.dist-info\LICENSE","1066","2026-05-14 22:14:44"
".venv\Lib\site-packages\six-1.17.0.dist-info\METADATA","1658","2026-05-14 22:14:44"
".venv\Lib\site-packages\six-1.17.0.dist-info\RECORD","561","2026-05-14 22:14:44"
".venv\Lib\site-packages\six-1.17.0.dist-info\top_level.txt","4","2026-05-14 22:14:44"
".venv\Lib\site-packages\six-1.17.0.dist-info\WHEEL","109","2026-05-14 22:14:44"
".venv\Lib\site-packages\six.py","34703","2026-05-14 22:14:44"
".venv\Lib\site-packages\tzdata-2026.2.dist-info\INSTALLER","4","2026-05-14 22:14:44"
".venv\Lib\site-packages\tzdata-2026.2.dist-info\licenses\LICENSE","592","2026-05-14 22:14:43"
".venv\Lib\site-packages\tzdata-2026.2.dist-info\licenses\licenses\LICENSE_APACHE","11357","2026-05-14 22:14:43"
".venv\Lib\site-packages\tzdata-2026.2.dist-info\METADATA","1357","2026-05-14 22:14:43"
".venv\Lib\site-packages\tzdata-2026.2.dist-info\RECORD","56830","2026-05-14 22:14:44"
".venv\Lib\site-packages\tzdata-2026.2.dist-info\top_level.txt","7","2026-05-14 22:14:43"
".venv\Lib\site-packages\tzdata-2026.2.dist-info\WHEEL","109","2026-05-14 22:14:43"
".venv\Lib\site-packages\tzdata\__init__.py","252","2026-05-14 22:14:39"
".venv\Lib\site-packages\tzdata\zoneinfo\__init__.py","0","2026-05-14 22:14:40"
".venv\Lib\site-packages\tzdata\zoneinfo\Africa\__init__.py","0","2026-05-14 22:14:41"
".venv\Lib\site-packages\tzdata\zoneinfo\Africa\Abidjan","130","2026-05-14 22:14:40"
".venv\Lib\site-packages\tzdata\zoneinfo\Africa\Accra","130","2026-05-14 22:14:40"
".venv\Lib\site-packages\tzdata\zoneinfo\Africa\Addis_Ababa","191","2026-05-14 22:14:40"
".venv\Lib\site-packages\tzdata\zoneinfo\Africa\Algiers","470","2026-05-14 22:14:40"
".venv\Lib\site-packages\tzdata\zoneinfo\Africa\Asmara","191","2026-05-14 22:14:40"
".venv\Lib\site-packages\tzdata\zoneinfo\Africa\Asmera","191","2026-05-14 22:14:40"
".venv\Lib\site-packages\tzdata\zoneinfo\Africa\Bamako","130","2026-05-14 22:14:40"
".venv\Lib\site-packages\tzdata\zoneinfo\Africa\Bangui","180","2026-05-14 22:14:40"
".venv\Lib\site-packages\tzdata\zoneinfo\Africa\Banjul","130","2026-05-14 22:14:40"
".venv\Lib\site-packages\tzdata\zoneinfo\Africa\Bissau","149","2026-05-14 22:14:40"
".venv\Lib\site-packages\tzdata\zoneinfo\Africa\Blantyre","131","2026-05-14 22:14:40"
".venv\Lib\site-packages\tzdata\zoneinfo\Africa\Brazzaville","180","2026-05-14 22:14:40"
".venv\Lib\site-packages\tzdata\zoneinfo\Africa\Bujumbura","131","2026-05-14 22:14:40"
".venv\Lib\site-packages\tzdata\zoneinfo\Africa\Cairo","1309","2026-05-14 22:14:40"
".venv\Lib\site-packages\tzdata\zoneinfo\Africa\Casablanca","1919","2026-05-14 22:14:40"
".venv\Lib\site-packages\tzdata\zoneinfo\Africa\Ceuta","562","2026-05-14 22:14:40"
".venv\Lib\site-packages\tzdata\zoneinfo\Africa\Conakry","130","2026-05-14 22:14:40"
".venv\Lib\site-packages\tzdata\zoneinfo\Africa\Dakar","130","2026-05-14 22:14:40"
".venv\Lib\site-packages\tzdata\zoneinfo\Africa\Dar_es_Salaam","191","2026-05-14 22:14:40"
".venv\Lib\site-packages\tzdata\zoneinfo\Africa\Djibouti","191","2026-05-14 22:14:40"
".venv\Lib\site-packages\tzdata\zoneinfo\Africa\Douala","180","2026-05-14 22:14:40"
".venv\Lib\site-packages\tzdata\zoneinfo\Africa\El_Aaiun","1830","2026-05-14 22:14:40"
".venv\Lib\site-packages\tzdata\zoneinfo\Africa\Freetown","130","2026-05-14 22:14:40"
".venv\Lib\site-packages\tzdata\zoneinfo\Africa\Gaborone","131","2026-05-14 22:14:40"
".venv\Lib\site-packages\tzdata\zoneinfo\Africa\Harare","131","2026-05-14 22:14:40"
".venv\Lib\site-packages\tzdata\zoneinfo\Africa\Johannesburg","190","2026-05-14 22:14:40"
".venv\Lib\site-packages\tzdata\zoneinfo\Africa\Juba","458","2026-05-14 22:14:40"
".venv\Lib\site-packages\tzdata\zoneinfo\Africa\Kampala","191","2026-05-14 22:14:40"
".venv\Lib\site-packages\tzdata\zoneinfo\Africa\Khartoum","458","2026-05-14 22:14:40"
".venv\Lib\site-packages\tzdata\zoneinfo\Africa\Kigali","131","2026-05-14 22:14:40"
".venv\Lib\site-packages\tzdata\zoneinfo\Africa\Kinshasa","180","2026-05-14 22:14:40"
".venv\Lib\site-packages\tzdata\zoneinfo\Africa\Lagos","180","2026-05-14 22:14:40"
".venv\Lib\site-packages\tzdata\zoneinfo\Africa\Libreville","180","2026-05-14 22:14:41"
".venv\Lib\site-packages\tzdata\zoneinfo\Africa\Lome","130","2026-05-14 22:14:41"
".venv\Lib\site-packages\tzdata\zoneinfo\Africa\Luanda","180","2026-05-14 22:14:41"
".venv\Lib\site-packages\tzdata\zoneinfo\Africa\Lubumbashi","131","2026-05-14 22:14:41"
".venv\Lib\site-packages\tzdata\zoneinfo\Africa\Lusaka","131","2026-05-14 22:14:41"
".venv\Lib\site-packages\tzdata\zoneinfo\Africa\Malabo","180","2026-05-14 22:14:41"
".venv\Lib\site-packages\tzdata\zoneinfo\Africa\Maputo","131","2026-05-14 22:14:41"
".venv\Lib\site-packages\tzdata\zoneinfo\Africa\Maseru","190","2026-05-14 22:14:41"
".venv\Lib\site-packages\tzdata\zoneinfo\Africa\Mbabane","190","2026-05-14 22:14:41"
".venv\Lib\site-packages\tzdata\zoneinfo\Africa\Mogadishu","191","2026-05-14 22:14:41"
".venv\Lib\site-packages\tzdata\zoneinfo\Africa\Monrovia","164","2026-05-14 22:14:41"
".venv\Lib\site-packages\tzdata\zoneinfo\Africa\Nairobi","191","2026-05-14 22:14:41"
".venv\Lib\site-packages\tzdata\zoneinfo\Africa\Ndjamena","160","2026-05-14 22:14:41"
".venv\Lib\site-packages\tzdata\zoneinfo\Africa\Niamey","180","2026-05-14 22:14:41"
".venv\Lib\site-packages\tzdata\zoneinfo\Africa\Nouakchott","130","2026-05-14 22:14:41"
".venv\Lib\site-packages\tzdata\zoneinfo\Africa\Ouagadougou","130","2026-05-14 22:14:41"
".venv\Lib\site-packages\tzdata\zoneinfo\Africa\Porto-Novo","180","2026-05-14 22:14:41"
".venv\Lib\site-packages\tzdata\zoneinfo\Africa\Sao_Tome","173","2026-05-14 22:14:41"
".venv\Lib\site-packages\tzdata\zoneinfo\Africa\Timbuktu","130","2026-05-14 22:14:41"
".venv\Lib\site-packages\tzdata\zoneinfo\Africa\Tripoli","431","2026-05-14 22:14:41"
".venv\Lib\site-packages\tzdata\zoneinfo\Africa\Tunis","449","2026-05-14 22:14:41"
".venv\Lib\site-packages\tzdata\zoneinfo\Africa\Windhoek","638","2026-05-14 22:14:41"
".venv\Lib\site-packages\tzdata\zoneinfo\America\__init__.py","0","2026-05-14 22:14:42"
".venv\Lib\site-packages\tzdata\zoneinfo\America\Adak","969","2026-05-14 22:14:41"
".venv\Lib\site-packages\tzdata\zoneinfo\America\Anchorage","977","2026-05-14 22:14:41"
".venv\Lib\site-packages\tzdata\zoneinfo\America\Anguilla","177","2026-05-14 22:14:41"
".venv\Lib\site-packages\tzdata\zoneinfo\America\Antigua","177","2026-05-14 22:14:41"
".venv\Lib\site-packages\tzdata\zoneinfo\America\Araguaina","592","2026-05-14 22:14:41"
".venv\Lib\site-packages\tzdata\zoneinfo\America\Argentina\__init__.py","0","2026-05-14 22:14:42"
".venv\Lib\site-packages\tzdata\zoneinfo\America\Argentina\Buenos_Aires","708","2026-05-14 22:14:42"
".venv\Lib\site-packages\tzdata\zoneinfo\America\Argentina\Catamarca","708","2026-05-14 22:14:42"
".venv\Lib\site-packages\tzdata\zoneinfo\America\Argentina\ComodRivadavia","708","2026-05-14 22:14:42"
".venv\Lib\site-packages\tzdata\zoneinfo\America\Argentina\Cordoba","708","2026-05-14 22:14:42"
".venv\Lib\site-packages\tzdata\zoneinfo\America\Argentina\Jujuy","690","2026-05-14 22:14:42"
".venv\Lib\site-packages\tzdata\zoneinfo\America\Argentina\La_Rioja","717","2026-05-14 22:14:42"
".venv\Lib\site-packages\tzdata\zoneinfo\America\Argentina\Mendoza","708","2026-05-14 22:14:42"
".venv\Lib\site-packages\tzdata\zoneinfo\America\Argentina\Rio_Gallegos","708","2026-05-14 22:14:42"
".venv\Lib\site-packages\tzdata\zoneinfo\America\Argentina\Salta","690","2026-05-14 22:14:42"
".venv\Lib\site-packages\tzdata\zoneinfo\America\Argentina\San_Juan","717","2026-05-14 22:14:42"
".venv\Lib\site-packages\tzdata\zoneinfo\America\Argentina\San_Luis","717","2026-05-14 22:14:42"
".venv\Lib\site-packages\tzdata\zoneinfo\America\Argentina\Tucuman","726","2026-05-14 22:14:42"
".venv\Lib\site-packages\tzdata\zoneinfo\America\Argentina\Ushuaia","708","2026-05-14 22:14:42"
".venv\Lib\site-packages\tzdata\zoneinfo\America\Aruba","177","2026-05-14 22:14:41"
".venv\Lib\site-packages\tzdata\zoneinfo\America\Asuncion","1085","2026-05-14 22:14:41"
".venv\Lib\site-packages\tzdata\zoneinfo\America\Atikokan","149","2026-05-14 22:14:41"
".venv\Lib\site-packages\tzdata\zoneinfo\America\Atka","969","2026-05-14 22:14:41"
".venv\Lib\site-packages\tzdata\zoneinfo\America\Bahia","682","2026-05-14 22:14:41"
".venv\Lib\site-packages\tzdata\zoneinfo\America\Bahia_Banderas","700","2026-05-14 22:14:41"
".venv\Lib\site-packages\tzdata\zoneinfo\America\Barbados","278","2026-05-14 22:14:41"
".venv\Lib\site-packages\tzdata\zoneinfo\America\Belem","394","2026-05-14 22:14:41"
".venv\Lib\site-packages\tzdata\zoneinfo\America\Belize","1045","2026-05-14 22:14:41"
".venv\Lib\site-packages\tzdata\zoneinfo\America\Blanc-Sablon","177","2026-05-14 22:14:41"
".venv\Lib\site-packages\tzdata\zoneinfo\America\Boa_Vista","430","2026-05-14 22:14:41"
".venv\Lib\site-packages\tzdata\zoneinfo\America\Bogota","179","2026-05-14 22:14:41"
".venv\Lib\site-packages\tzdata\zoneinfo\America\Boise","999","2026-05-14 22:14:41"
".venv\Lib\site-packages\tzdata\zoneinfo\America\Buenos_Aires","708","2026-05-14 22:14:41"
".venv\Lib\site-packages\tzdata\zoneinfo\America\Cambridge_Bay","883","2026-05-14 22:14:41"
".venv\Lib\site-packages\tzdata\zoneinfo\America\Campo_Grande","952","2026-05-14 22:14:41"
".venv\Lib\site-packages\tzdata\zoneinfo\America\Cancun","538","2026-05-14 22:14:41"
".venv\Lib\site-packages\tzdata\zoneinfo\America\Caracas","190","2026-05-14 22:14:41"
".venv\Lib\site-packages\tzdata\zoneinfo\America\Catamarca","708","2026-05-14 22:14:41"
".venv\Lib\site-packages\tzdata\zoneinfo\America\Cayenne","151","2026-05-14 22:14:41"
".venv\Lib\site-packages\tzdata\zoneinfo\America\Cayman","149","2026-05-14 22:14:41"
".venv\Lib\site-packages\tzdata\zoneinfo\America\Chicago","1754","2026-05-14 22:14:41"
".venv\Lib\site-packages\tzdata\zoneinfo\America\Chihuahua","691","2026-05-14 22:14:41"
".venv\Lib\site-packages\tzdata\zoneinfo\America\Ciudad_Juarez","718","2026-05-14 22:14:41"
".venv\Lib\site-packages\tzdata\zoneinfo\America\Coral_Harbour","149","2026-05-14 22:14:41"
".venv\Lib\site-packages\tzdata\zoneinfo\America\Cordoba","708","2026-05-14 22:14:41"
".venv\Lib\site-packages\tzdata\zoneinfo\America\Costa_Rica","232","2026-05-14 22:14:41"
".venv\Lib\site-packages\tzdata\zoneinfo\America\Coyhaique","1362","2026-05-14 22:14:41"
".venv\Lib\site-packages\tzdata\zoneinfo\America\Creston","240","2026-05-14 22:14:41"
".venv\Lib\site-packages\tzdata\zoneinfo\America\Cuiaba","934","2026-05-14 22:14:41"
".venv\Lib\site-packages\tzdata\zoneinfo\America\Curacao","177","2026-05-14 22:14:41"
".venv\Lib\site-packages\tzdata\zoneinfo\America\Danmarkshavn","447","2026-05-14 22:14:42"
".venv\Lib\site-packages\tzdata\zoneinfo\America\Dawson","1029","2026-05-14 22:14:42"
".venv\Lib\site-packages\tzdata\zoneinfo\America\Dawson_Creek","683","2026-05-14 22:14:42"
".venv\Lib\site-packages\tzdata\zoneinfo\America\Denver","1042","2026-05-14 22:14:42"
".venv\Lib\site-packages\tzdata\zoneinfo\America\Detroit","899","2026-05-14 22:14:42"
".venv\Lib\site-packages\tzdata\zoneinfo\America\Dominica","177","2026-05-14 22:14:42"
".venv\Lib\site-packages\tzdata\zoneinfo\America\Edmonton","970","2026-05-14 22:14:42"
".venv\Lib\site-packages\tzdata\zoneinfo\America\Eirunepe","436","2026-05-14 22:14:42"
".venv\Lib\site-packages\tzdata\zoneinfo\America\El_Salvador","176","2026-05-14 22:14:42"
".venv\Lib\site-packages\tzdata\zoneinfo\America\Ensenada","1367","2026-05-14 22:14:42"
".venv\Lib\site-packages\tzdata\zoneinfo\America\Fort_Nelson","1448","2026-05-14 22:14:42"
".venv\Lib\site-packages\tzdata\zoneinfo\America\Fort_Wayne","531","2026-05-14 22:14:42"
".venv\Lib\site-packages\tzdata\zoneinfo\America\Fortaleza","484","2026-05-14 22:14:42"
".venv\Lib\site-packages\tzdata\zoneinfo\America\Glace_Bay","880","2026-05-14 22:14:42"
".venv\Lib\site-packages\tzdata\zoneinfo\America\Godthab","965","2026-05-14 22:14:42"
".venv\Lib\site-packages\tzdata\zoneinfo\America\Goose_Bay","1580","2026-05-14 22:14:42"
".venv\Lib\site-packages\tzdata\zoneinfo\America\Grand_Turk","853","2026-05-14 22:14:42"
".venv\Lib\site-packages\tzdata\zoneinfo\America\Grenada","177","2026-05-14 22:14:42"
".venv\Lib\site-packages\tzdata\zoneinfo\America\Guadeloupe","177","2026-05-14 22:14:42"
".venv\Lib\site-packages\tzdata\zoneinfo\America\Guatemala","212","2026-05-14 22:14:42"
".venv\Lib\site-packages\tzdata\zoneinfo\America\Guayaquil","179","2026-05-14 22:14:42"
".venv\Lib\site-packages\tzdata\zoneinfo\America\Guyana","181","2026-05-14 22:14:42"
".venv\Lib\site-packages\tzdata\zoneinfo\America\Halifax","1672","2026-05-14 22:14:42"
".venv\Lib\site-packages\tzdata\zoneinfo\America\Havana","1117","2026-05-14 22:14:42"
".venv\Lib\site-packages\tzdata\zoneinfo\America\Hermosillo","258","2026-05-14 22:14:42"
".venv\Lib\site-packages\tzdata\zoneinfo\America\Indiana\__init__.py","0","2026-05-14 22:14:42"
".venv\Lib\site-packages\tzdata\zoneinfo\America\Indiana\Indianapolis","531","2026-05-14 22:14:42"
".venv\Lib\site-packages\tzdata\zoneinfo\America\Indiana\Knox","1016","2026-05-14 22:14:42"
".venv\Lib\site-packages\tzdata\zoneinfo\America\Indiana\Marengo","567","2026-05-14 22:14:42"
".venv\Lib\site-packages\tzdata\zoneinfo\America\Indiana\Petersburg","683","2026-05-14 22:14:42"
".venv\Lib\site-packages\tzdata\zoneinfo\America\Indiana\Tell_City","522","2026-05-14 22:14:42"
".venv\Lib\site-packages\tzdata\zoneinfo\America\Indiana\Vevay","369","2026-05-14 22:14:42"
".venv\Lib\site-packages\tzdata\zoneinfo\America\Indiana\Vincennes","558","2026-05-14 22:14:42"
".venv\Lib\site-packages\tzdata\zoneinfo\America\Indiana\Winamac","603","2026-05-14 22:14:42"
".venv\Lib\site-packages\tzdata\zoneinfo\America\Indianapolis","531","2026-05-14 22:14:42"
".venv\Lib\site-packages\tzdata\zoneinfo\America\Inuvik","817","2026-05-14 22:14:42"
".venv\Lib\site-packages\tzdata\zoneinfo\America\Iqaluit","855","2026-05-14 22:14:42"
".venv\Lib\site-packages\tzdata\zoneinfo\America\Jamaica","339","2026-05-14 22:14:42"
".venv\Lib\site-packages\tzdata\zoneinfo\America\Jujuy","690","2026-05-14 22:14:42"
".venv\Lib\site-packages\tzdata\zoneinfo\America\Juneau","966","2026-05-14 22:14:42"
".venv\Lib\site-packages\tzdata\zoneinfo\America\Kentucky\__init__.py","0","2026-05-14 22:14:42"
".venv\Lib\site-packages\tzdata\zoneinfo\America\Kentucky\Louisville","1242","2026-05-14 22:14:42"
".venv\Lib\site-packages\tzdata\zoneinfo\America\Kentucky\Monticello","972","2026-05-14 22:14:42"
".venv\Lib\site-packages\tzdata\zoneinfo\America\Knox_IN","1016","2026-05-14 22:14:42"
".venv\Lib\site-packages\tzdata\zoneinfo\America\Kralendijk","177","2026-05-14 22:14:42"
".venv\Lib\site-packages\tzdata\zoneinfo\America\La_Paz","170","2026-05-14 22:14:42"
".venv\Lib\site-packages\tzdata\zoneinfo\America\Lima","283","2026-05-14 22:14:42"
".venv\Lib\site-packages\tzdata\zoneinfo\America\Los_Angeles","1294","2026-05-14 22:14:42"
".venv\Lib\site-packages\tzdata\zoneinfo\America\Louisville","1242","2026-05-14 22:14:42"
".venv\Lib\site-packages\tzdata\zoneinfo\America\Lower_Princes","177","2026-05-14 22:14:42"
".venv\Lib\site-packages\tzdata\zoneinfo\America\Maceio","502","2026-05-14 22:14:42"
".venv\Lib\site-packages\tzdata\zoneinfo\America\Managua","295","2026-05-14 22:14:42"
".venv\Lib\site-packages\tzdata\zoneinfo\America\Manaus","412","2026-05-14 22:14:42"
".venv\Lib\site-packages\tzdata\zoneinfo\America\Marigot","177","2026-05-14 22:14:42"
".venv\Lib\site-packages\tzdata\zoneinfo\America\Martinique","178","2026-05-14 22:14:42"
".venv\Lib\site-packages\tzdata\zoneinfo\America\Matamoros","437","2026-05-14 22:14:42"
".venv\Lib\site-packages\tzdata\zoneinfo\America\Mazatlan","690","2026-05-14 22:14:42"
".venv\Lib\site-packages\tzdata\zoneinfo\America\Mendoza","708","2026-05-14 22:14:42"
".venv\Lib\site-packages\tzdata\zoneinfo\America\Menominee","917","2026-05-14 22:14:42"
".venv\Lib\site-packages\tzdata\zoneinfo\America\Merida","654","2026-05-14 22:14:42"
".venv\Lib\site-packages\tzdata\zoneinfo\America\Metlakatla","586","2026-05-14 22:14:42"
".venv\Lib\site-packages\tzdata\zoneinfo\America\Mexico_City","773","2026-05-14 22:14:42"
".venv\Lib\site-packages\tzdata\zoneinfo\America\Miquelon","550","2026-05-14 22:14:42"
".venv\Lib\site-packages\tzdata\zoneinfo\America\Moncton","1493","2026-05-14 22:14:42"
".venv\Lib\site-packages\tzdata\zoneinfo\America\Monterrey","709","2026-05-14 22:14:42"
".venv\Lib\site-packages\tzdata\zoneinfo\America\Montevideo","969","2026-05-14 22:14:42"
".venv\Lib\site-packages\tzdata\zoneinfo\America\Montreal","1717","2026-05-14 22:14:42"
".venv\Lib\site-packages\tzdata\zoneinfo\America\Montserrat","177","2026-05-14 22:14:42"
".venv\Lib\site-packages\tzdata\zoneinfo\America\Nassau","1717","2026-05-14 22:14:42"
".venv\Lib\site-packages\tzdata\zoneinfo\America\New_York","1744","2026-05-14 22:14:42"
".venv\Lib\site-packages\tzdata\zoneinfo\America\Nipigon","1717","2026-05-14 22:14:42"
".venv\Lib\site-packages\tzdata\zoneinfo\America\Nome","975","2026-05-14 22:14:42"
".venv\Lib\site-packages\tzdata\zoneinfo\America\Noronha","484","2026-05-14 22:14:42"
".venv\Lib\site-packages\tzdata\zoneinfo\America\North_Dakota\__init__.py","0","2026-05-14 22:14:42"
".venv\Lib\site-packages\tzdata\zoneinfo\America\North_Dakota\Beulah","1043","2026-05-14 22:14:42"
".venv\Lib\site-packages\tzdata\zoneinfo\America\North_Dakota\Center","990","2026-05-14 22:14:42"
".venv\Lib\site-packages\tzdata\zoneinfo\America\North_Dakota\New_Salem","990","2026-05-14 22:14:42"
".venv\Lib\site-packages\tzdata\zoneinfo\America\Nuuk","965","2026-05-14 22:14:42"
".venv\Lib\site-packages\tzdata\zoneinfo\America\Ojinaga","718","2026-05-14 22:14:42"
".venv\Lib\site-packages\tzdata\zoneinfo\America\Panama","149","2026-05-14 22:14:42"
".venv\Lib\site-packages\tzdata\zoneinfo\America\Pangnirtung","855","2026-05-14 22:14:42"
".venv\Lib\site-packages\tzdata\zoneinfo\America\Paramaribo","187","2026-05-14 22:14:42"
".venv\Lib\site-packages\tzdata\zoneinfo\America\Phoenix","240","2026-05-14 22:14:42"
".venv\Lib\site-packages\tzdata\zoneinfo\America\Port_of_Spain","177","2026-05-14 22:14:42"
".venv\Lib\site-packages\tzdata\zoneinfo\America\Port-au-Prince","565","2026-05-14 22:14:42"
".venv\Lib\site-packages\tzdata\zoneinfo\America\Porto_Acre","418","2026-05-14 22:14:42"
".venv\Lib\site-packages\tzdata\zoneinfo\America\Porto_Velho","394","2026-05-14 22:14:42"
".venv\Lib\site-packages\tzdata\zoneinfo\America\Puerto_Rico","177","2026-05-14 22:14:42"
".venv\Lib\site-packages\tzdata\zoneinfo\America\Punta_Arenas","1218","2026-05-14 22:14:42"
".venv\Lib\site-packages\tzdata\zoneinfo\America\Rainy_River","1294","2026-05-14 22:14:42"
".venv\Lib\site-packages\tzdata\zoneinfo\America\Rankin_Inlet","807","2026-05-14 22:14:42"
".venv\Lib\site-packages\tzdata\zoneinfo\America\Recife","484","2026-05-14 22:14:42"
".venv\Lib\site-packages\tzdata\zoneinfo\America\Regina","638","2026-05-14 22:14:42"
".venv\Lib\site-packages\tzdata\zoneinfo\America\Resolute","807","2026-05-14 22:14:42"
".venv\Lib\site-packages\tzdata\zoneinfo\America\Rio_Branco","418","2026-05-14 22:14:42"
".venv\Lib\site-packages\tzdata\zoneinfo\America\Rosario","708","2026-05-14 22:14:42"
".venv\Lib\site-packages\tzdata\zoneinfo\America\Santa_Isabel","1367","2026-05-14 22:14:42"
".venv\Lib\site-packages\tzdata\zoneinfo\America\Santarem","409","2026-05-14 22:14:42"
".venv\Lib\site-packages\tzdata\zoneinfo\America\Santiago","1354","2026-05-14 22:14:42"
".venv\Lib\site-packages\tzdata\zoneinfo\America\Santo_Domingo","317","2026-05-14 22:14:42"
".venv\Lib\site-packages\tzdata\zoneinfo\America\Sao_Paulo","952","2026-05-14 22:14:42"
".venv\Lib\site-packages\tzdata\zoneinfo\America\Scoresbysund","984","2026-05-14 22:14:42"
".venv\Lib\site-packages\tzdata\zoneinfo\America\Shiprock","1042","2026-05-14 22:14:42"
".venv\Lib\site-packages\tzdata\zoneinfo\America\Sitka","956","2026-05-14 22:14:42"
".venv\Lib\site-packages\tzdata\zoneinfo\America\St_Barthelemy","177","2026-05-14 22:14:42"
".venv\Lib\site-packages\tzdata\zoneinfo\America\St_Johns","1878","2026-05-14 22:14:42"
".venv\Lib\site-packages\tzdata\zoneinfo\America\St_Kitts","177","2026-05-14 22:14:42"
".venv\Lib\site-packages\tzdata\zoneinfo\America\St_Lucia","177","2026-05-14 22:14:42"
".venv\Lib\site-packages\tzdata\zoneinfo\America\St_Thomas","177","2026-05-14 22:14:42"
".venv\Lib\site-packages\tzdata\zoneinfo\America\St_Vincent","177","2026-05-14 22:14:42"
".venv\Lib\site-packages\tzdata\zoneinfo\America\Swift_Current","368","2026-05-14 22:14:42"
".venv\Lib\site-packages\tzdata\zoneinfo\America\Tegucigalpa","194","2026-05-14 22:14:42"
".venv\Lib\site-packages\tzdata\zoneinfo\America\Thule","455","2026-05-14 22:14:42"
".venv\Lib\site-packages\tzdata\zoneinfo\America\Thunder_Bay","1717","2026-05-14 22:14:42"
".venv\Lib\site-packages\tzdata\zoneinfo\America\Tijuana","1367","2026-05-14 22:14:42"
".venv\Lib\site-packages\tzdata\zoneinfo\America\Toronto","1717","2026-05-14 22:14:42"
".venv\Lib\site-packages\tzdata\zoneinfo\America\Tortola","177","2026-05-14 22:14:42"
".venv\Lib\site-packages\tzdata\zoneinfo\America\Vancouver","1673","2026-05-14 22:14:42"
".venv\Lib\site-packages\tzdata\zoneinfo\America\Virgin","177","2026-05-14 22:14:42"
".venv\Lib\site-packages\tzdata\zoneinfo\America\Whitehorse","1029","2026-05-14 22:14:42"
".venv\Lib\site-packages\tzdata\zoneinfo\America\Winnipeg","1294","2026-05-14 22:14:42"
".venv\Lib\site-packages\tzdata\zoneinfo\America\Yakutat","946","2026-05-14 22:14:42"
".venv\Lib\site-packages\tzdata\zoneinfo\America\Yellowknife","970","2026-05-14 22:14:42"
".venv\Lib\site-packages\tzdata\zoneinfo\Antarctica\__init__.py","0","2026-05-14 22:14:43"
".venv\Lib\site-packages\tzdata\zoneinfo\Antarctica\Casey","287","2026-05-14 22:14:42"
".venv\Lib\site-packages\tzdata\zoneinfo\Antarctica\Davis","197","2026-05-14 22:14:42"
".venv\Lib\site-packages\tzdata\zoneinfo\Antarctica\DumontDUrville","154","2026-05-14 22:14:42"
".venv\Lib\site-packages\tzdata\zoneinfo\Antarctica\Macquarie","976","2026-05-14 22:14:42"
".venv\Lib\site-packages\tzdata\zoneinfo\Antarctica\Mawson","152","2026-05-14 22:14:42"
".venv\Lib\site-packages\tzdata\zoneinfo\Antarctica\McMurdo","1043","2026-05-14 22:14:42"
".venv\Lib\site-packages\tzdata\zoneinfo\Antarctica\Palmer","887","2026-05-14 22:14:42"
".venv\Lib\site-packages\tzdata\zoneinfo\Antarctica\Rothera","132","2026-05-14 22:14:42"
".venv\Lib\site-packages\tzdata\zoneinfo\Antarctica\South_Pole","1043","2026-05-14 22:14:42"
".venv\Lib\site-packages\tzdata\zoneinfo\Antarctica\Syowa","133","2026-05-14 22:14:42"
".venv\Lib\site-packages\tzdata\zoneinfo\Antarctica\Troll","158","2026-05-14 22:14:42"
".venv\Lib\site-packages\tzdata\zoneinfo\Antarctica\Vostok","170","2026-05-14 22:14:42"
".venv\Lib\site-packages\tzdata\zoneinfo\Arctic\__init__.py","0","2026-05-14 22:14:43"
".venv\Lib\site-packages\tzdata\zoneinfo\Arctic\Longyearbyen","705","2026-05-14 22:14:43"
".venv\Lib\site-packages\tzdata\zoneinfo\Asia\__init__.py","0","2026-05-14 22:14:43"
".venv\Lib\site-packages\tzdata\zoneinfo\Asia\Aden","133","2026-05-14 22:14:43"
".venv\Lib\site-packages\tzdata\zoneinfo\Asia\Almaty","618","2026-05-14 22:14:43"
".venv\Lib\site-packages\tzdata\zoneinfo\Asia\Amman","928","2026-05-14 22:14:43"
".venv\Lib\site-packages\tzdata\zoneinfo\Asia\Anadyr","743","2026-05-14 22:14:43"
".venv\Lib\site-packages\tzdata\zoneinfo\Asia\Aqtau","606","2026-05-14 22:14:43"
".venv\Lib\site-packages\tzdata\zoneinfo\Asia\Aqtobe","615","2026-05-14 22:14:43"
".venv\Lib\site-packages\tzdata\zoneinfo\Asia\Ashgabat","375","2026-05-14 22:14:43"
".venv\Lib\site-packages\tzdata\zoneinfo\Asia\Ashkhabad","375","2026-05-14 22:14:43"
".venv\Lib\site-packages\tzdata\zoneinfo\Asia\Atyrau","616","2026-05-14 22:14:43"
".venv\Lib\site-packages\tzdata\zoneinfo\Asia\Baghdad","630","2026-05-14 22:14:43"
".venv\Lib\site-packages\tzdata\zoneinfo\Asia\Bahrain","152","2026-05-14 22:14:43"
".venv\Lib\site-packages\tzdata\zoneinfo\Asia\Baku","744","2026-05-14 22:14:43"
".venv\Lib\site-packages\tzdata\zoneinfo\Asia\Bangkok","152","2026-05-14 22:14:43"
".venv\Lib\site-packages\tzdata\zoneinfo\Asia\Barnaul","753","2026-05-14 22:14:43"
".venv\Lib\site-packages\tzdata\zoneinfo\Asia\Beirut","732","2026-05-14 22:14:43"
".venv\Lib\site-packages\tzdata\zoneinfo\Asia\Bishkek","618","2026-05-14 22:14:43"
".venv\Lib\site-packages\tzdata\zoneinfo\Asia\Brunei","320","2026-05-14 22:14:43"
".venv\Lib\site-packages\tzdata\zoneinfo\Asia\Calcutta","220","2026-05-14 22:14:43"
".venv\Lib\site-packages\tzdata\zoneinfo\Asia\Chita","750","2026-05-14 22:14:43"
".venv\Lib\site-packages\tzdata\zoneinfo\Asia\Choibalsan","594","2026-05-14 22:14:43"
".venv\Lib\site-packages\tzdata\zoneinfo\Asia\Chongqing","393","2026-05-14 22:14:43"
".venv\Lib\site-packages\tzdata\zoneinfo\Asia\Chungking","393","2026-05-14 22:14:43"
".venv\Lib\site-packages\tzdata\zoneinfo\Asia\Colombo","247","2026-05-14 22:14:43"
".venv\Lib\site-packages\tzdata\zoneinfo\Asia\Dacca","231","2026-05-14 22:14:43"
".venv\Lib\site-packages\tzdata\zoneinfo\Asia\Damascus","1234","2026-05-14 22:14:43"
".venv\Lib\site-packages\tzdata\zoneinfo\Asia\Dhaka","231","2026-05-14 22:14:43"
".venv\Lib\site-packages\tzdata\zoneinfo\Asia\Dili","170","2026-05-14 22:14:43"
".venv\Lib\site-packages\tzdata\zoneinfo\Asia\Dubai","133","2026-05-14 22:14:43"
".venv\Lib\site-packages\tzdata\zoneinfo\Asia\Dushanbe","366","2026-05-14 22:14:43"
".venv\Lib\site-packages\tzdata\zoneinfo\Asia\Famagusta","940","2026-05-14 22:14:43"
".venv\Lib\site-packages\tzdata\zoneinfo\Asia\Gaza","2950","2026-05-14 22:14:43"
".venv\Lib\site-packages\tzdata\zoneinfo\Asia\Harbin","393","2026-05-14 22:14:43"
".venv\Lib\site-packages\tzdata\zoneinfo\Asia\Hebron","2968","2026-05-14 22:14:43"
".venv\Lib\site-packages\tzdata\zoneinfo\Asia\Ho_Chi_Minh","232","2026-05-14 22:14:43"
".venv\Lib\site-packages\tzdata\zoneinfo\Asia\Hong_Kong","775","2026-05-14 22:14:43"
".venv\Lib\site-packages\tzdata\zoneinfo\Asia\Hovd","594","2026-05-14 22:14:43"
".venv\Lib\site-packages\tzdata\zoneinfo\Asia\Irkutsk","760","2026-05-14 22:14:43"
".venv\Lib\site-packages\tzdata\zoneinfo\Asia\Istanbul","1200","2026-05-14 22:14:43"
".venv\Lib\site-packages\tzdata\zoneinfo\Asia\Jakarta","248","2026-05-14 22:14:43"
".venv\Lib\site-packages\tzdata\zoneinfo\Asia\Jayapura","171","2026-05-14 22:14:43"
".venv\Lib\site-packages\tzdata\zoneinfo\Asia\Jerusalem","1074","2026-05-14 22:14:43"
".venv\Lib\site-packages\tzdata\zoneinfo\Asia\Kabul","159","2026-05-14 22:14:43"
".venv\Lib\site-packages\tzdata\zoneinfo\Asia\Kamchatka","727","2026-05-14 22:14:43"
".venv\Lib\site-packages\tzdata\zoneinfo\Asia\Karachi","266","2026-05-14 22:14:43"
".venv\Lib\site-packages\tzdata\zoneinfo\Asia\Kashgar","133","2026-05-14 22:14:43"
".venv\Lib\site-packages\tzdata\zoneinfo\Asia\Kathmandu","161","2026-05-14 22:14:43"
".venv\Lib\site-packages\tzdata\zoneinfo\Asia\Katmandu","161","2026-05-14 22:14:43"
".venv\Lib\site-packages\tzdata\zoneinfo\Asia\Khandyga","775","2026-05-14 22:14:43"
".venv\Lib\site-packages\tzdata\zoneinfo\Asia\Kolkata","220","2026-05-14 22:14:43"
".venv\Lib\site-packages\tzdata\zoneinfo\Asia\Krasnoyarsk","741","2026-05-14 22:14:43"
".venv\Lib\site-packages\tzdata\zoneinfo\Asia\Kuala_Lumpur","256","2026-05-14 22:14:43"
".venv\Lib\site-packages\tzdata\zoneinfo\Asia\Kuching","320","2026-05-14 22:14:43"
".venv\Lib\site-packages\tzdata\zoneinfo\Asia\Kuwait","133","2026-05-14 22:14:43"
".venv\Lib\site-packages\tzdata\zoneinfo\Asia\Macao","791","2026-05-14 22:14:43"
".venv\Lib\site-packages\tzdata\zoneinfo\Asia\Macau","791","2026-05-14 22:14:43"
".venv\Lib\site-packages\tzdata\zoneinfo\Asia\Magadan","751","2026-05-14 22:14:43"
".venv\Lib\site-packages\tzdata\zoneinfo\Asia\Makassar","190","2026-05-14 22:14:43"
".venv\Lib\site-packages\tzdata\zoneinfo\Asia\Manila","274","2026-05-14 22:14:43"
".venv\Lib\site-packages\tzdata\zoneinfo\Asia\Muscat","133","2026-05-14 22:14:43"
".venv\Lib\site-packages\tzdata\zoneinfo\Asia\Nicosia","597","2026-05-14 22:14:43"
".venv\Lib\site-packages\tzdata\zoneinfo\Asia\Novokuznetsk","726","2026-05-14 22:14:43"
".venv\Lib\site-packages\tzdata\zoneinfo\Asia\Novosibirsk","753","2026-05-14 22:14:43"
".venv\Lib\site-packages\tzdata\zoneinfo\Asia\Omsk","741","2026-05-14 22:14:43"
".venv\Lib\site-packages\tzdata\zoneinfo\Asia\Oral","625","2026-05-14 22:14:43"
".venv\Lib\site-packages\tzdata\zoneinfo\Asia\Phnom_Penh","152","2026-05-14 22:14:43"
".venv\Lib\site-packages\tzdata\zoneinfo\Asia\Pontianak","247","2026-05-14 22:14:43"
".venv\Lib\site-packages\tzdata\zoneinfo\Asia\Pyongyang","183","2026-05-14 22:14:43"
".venv\Lib\site-packages\tzdata\zoneinfo\Asia\Qatar","152","2026-05-14 22:14:43"
".venv\Lib\site-packages\tzdata\zoneinfo\Asia\Qostanay","624","2026-05-14 22:14:43"
".venv\Lib\site-packages\tzdata\zoneinfo\Asia\Qyzylorda","624","2026-05-14 22:14:43"
".venv\Lib\site-packages\tzdata\zoneinfo\Asia\Rangoon","187","2026-05-14 22:14:43"
".venv\Lib\site-packages\tzdata\zoneinfo\Asia\Riyadh","133","2026-05-14 22:14:43"
".venv\Lib\site-packages\tzdata\zoneinfo\Asia\Saigon","232","2026-05-14 22:14:43"
".venv\Lib\site-packages\tzdata\zoneinfo\Asia\Sakhalin","755","2026-05-14 22:14:43"
".venv\Lib\site-packages\tzdata\zoneinfo\Asia\Samarkand","366","2026-05-14 22:14:43"
".venv\Lib\site-packages\tzdata\zoneinfo\Asia\Seoul","415","2026-05-14 22:14:43"
".venv\Lib\site-packages\tzdata\zoneinfo\Asia\Shanghai","393","2026-05-14 22:14:43"
".venv\Lib\site-packages\tzdata\zoneinfo\Asia\Singapore","256","2026-05-14 22:14:43"
".venv\Lib\site-packages\tzdata\zoneinfo\Asia\Srednekolymsk","742","2026-05-14 22:14:43"
".venv\Lib\site-packages\tzdata\zoneinfo\Asia\Taipei","511","2026-05-14 22:14:43"
".venv\Lib\site-packages\tzdata\zoneinfo\Asia\Tashkent","366","2026-05-14 22:14:43"
".venv\Lib\site-packages\tzdata\zoneinfo\Asia\Tbilisi","620","2026-05-14 22:14:43"
".venv\Lib\site-packages\tzdata\zoneinfo\Asia\Tehran","812","2026-05-14 22:14:43"
".venv\Lib\site-packages\tzdata\zoneinfo\Asia\Tel_Aviv","1074","2026-05-14 22:14:43"
".venv\Lib\site-packages\tzdata\zoneinfo\Asia\Thimbu","154","2026-05-14 22:14:43"
".venv\Lib\site-packages\tzdata\zoneinfo\Asia\Thimphu","154","2026-05-14 22:14:43"
".venv\Lib\site-packages\tzdata\zoneinfo\Asia\Tokyo","213","2026-05-14 22:14:43"
".venv\Lib\site-packages\tzdata\zoneinfo\Asia\Tomsk","753","2026-05-14 22:14:43"
".venv\Lib\site-packages\tzdata\zoneinfo\Asia\Ujung_Pandang","190","2026-05-14 22:14:43"
".venv\Lib\site-packages\tzdata\zoneinfo\Asia\Ulaanbaatar","594","2026-05-14 22:14:43"
".venv\Lib\site-packages\tzdata\zoneinfo\Asia\Ulan_Bator","594","2026-05-14 22:14:43"
".venv\Lib\site-packages\tzdata\zoneinfo\Asia\Urumqi","133","2026-05-14 22:14:43"
".venv\Lib\site-packages\tzdata\zoneinfo\Asia\Ust-Nera","771","2026-05-14 22:14:43"
".venv\Lib\site-packages\tzdata\zoneinfo\Asia\Vientiane","152","2026-05-14 22:14:43"
".venv\Lib\site-packages\tzdata\zoneinfo\Asia\Vladivostok","742","2026-05-14 22:14:43"
".venv\Lib\site-packages\tzdata\zoneinfo\Asia\Yakutsk","741","2026-05-14 22:14:43"
".venv\Lib\site-packages\tzdata\zoneinfo\Asia\Yangon","187","2026-05-14 22:14:43"
".venv\Lib\site-packages\tzdata\zoneinfo\Asia\Yekaterinburg","760","2026-05-14 22:14:43"
".venv\Lib\site-packages\tzdata\zoneinfo\Asia\Yerevan","708","2026-05-14 22:14:43"
".venv\Lib\site-packages\tzdata\zoneinfo\Atlantic\__init__.py","0","2026-05-14 22:14:43"
".venv\Lib\site-packages\tzdata\zoneinfo\Atlantic\Azores","1401","2026-05-14 22:14:43"
".venv\Lib\site-packages\tzdata\zoneinfo\Atlantic\Bermuda","1024","2026-05-14 22:14:43"
".venv\Lib\site-packages\tzdata\zoneinfo\Atlantic\Canary","478","2026-05-14 22:14:43"
".venv\Lib\site-packages\tzdata\zoneinfo\Atlantic\Cape_Verde","175","2026-05-14 22:14:43"
".venv\Lib\site-packages\tzdata\zoneinfo\Atlantic\Faeroe","441","2026-05-14 22:14:43"
".venv\Lib\site-packages\tzdata\zoneinfo\Atlantic\Faroe","441","2026-05-14 22:14:43"
".venv\Lib\site-packages\tzdata\zoneinfo\Atlantic\Jan_Mayen","705","2026-05-14 22:14:43"
".venv\Lib\site-packages\tzdata\zoneinfo\Atlantic\Madeira","1372","2026-05-14 22:14:43"
".venv\Lib\site-packages\tzdata\zoneinfo\Atlantic\Reykjavik","130","2026-05-14 22:14:43"
".venv\Lib\site-packages\tzdata\zoneinfo\Atlantic\South_Georgia","132","2026-05-14 22:14:43"
".venv\Lib\site-packages\tzdata\zoneinfo\Atlantic\St_Helena","130","2026-05-14 22:14:43"
".venv\Lib\site-packages\tzdata\zoneinfo\Atlantic\Stanley","789","2026-05-14 22:14:43"
".venv\Lib\site-packages\tzdata\zoneinfo\Australia\__init__.py","0","2026-05-14 22:14:43"
".venv\Lib\site-packages\tzdata\zoneinfo\Australia\ACT","904","2026-05-14 22:14:43"
".venv\Lib\site-packages\tzdata\zoneinfo\Australia\Adelaide","921","2026-05-14 22:14:43"
".venv\Lib\site-packages\tzdata\zoneinfo\Australia\Brisbane","289","2026-05-14 22:14:43"
".venv\Lib\site-packages\tzdata\zoneinfo\Australia\Broken_Hill","941","2026-05-14 22:14:43"
".venv\Lib\site-packages\tzdata\zoneinfo\Australia\Canberra","904","2026-05-14 22:14:43"
".venv\Lib\site-packages\tzdata\zoneinfo\Australia\Currie","1003","2026-05-14 22:14:43"
".venv\Lib\site-packages\tzdata\zoneinfo\Australia\Darwin","234","2026-05-14 22:14:43"
".venv\Lib\site-packages\tzdata\zoneinfo\Australia\Eucla","314","2026-05-14 22:14:43"
".venv\Lib\site-packages\tzdata\zoneinfo\Australia\Hobart","1003","2026-05-14 22:14:43"
".venv\Lib\site-packages\tzdata\zoneinfo\Australia\LHI","692","2026-05-14 22:14:43"
".venv\Lib\site-packages\tzdata\zoneinfo\Australia\Lindeman","325","2026-05-14 22:14:43"
".venv\Lib\site-packages\tzdata\zoneinfo\Australia\Lord_Howe","692","2026-05-14 22:14:43"
".venv\Lib\site-packages\tzdata\zoneinfo\Australia\Melbourne","904","2026-05-14 22:14:43"
".venv\Lib\site-packages\tzdata\zoneinfo\Australia\North","234","2026-05-14 22:14:43"
".venv\Lib\site-packages\tzdata\zoneinfo\Australia\NSW","904","2026-05-14 22:14:43"
".venv\Lib\site-packages\tzdata\zoneinfo\Australia\Perth","306","2026-05-14 22:14:43"
".venv\Lib\site-packages\tzdata\zoneinfo\Australia\Queensland","289","2026-05-14 22:14:43"
".venv\Lib\site-packages\tzdata\zoneinfo\Australia\South","921","2026-05-14 22:14:43"
".venv\Lib\site-packages\tzdata\zoneinfo\Australia\Sydney","904","2026-05-14 22:14:43"
".venv\Lib\site-packages\tzdata\zoneinfo\Australia\Tasmania","1003","2026-05-14 22:14:43"
".venv\Lib\site-packages\tzdata\zoneinfo\Australia\Victoria","904","2026-05-14 22:14:43"
".venv\Lib\site-packages\tzdata\zoneinfo\Australia\West","306","2026-05-14 22:14:43"
".venv\Lib\site-packages\tzdata\zoneinfo\Australia\Yancowinna","941","2026-05-14 22:14:43"
".venv\Lib\site-packages\tzdata\zoneinfo\Brazil\__init__.py","0","2026-05-14 22:14:43"
".venv\Lib\site-packages\tzdata\zoneinfo\Brazil\Acre","418","2026-05-14 22:14:43"
".venv\Lib\site-packages\tzdata\zoneinfo\Brazil\DeNoronha","484","2026-05-14 22:14:43"
".venv\Lib\site-packages\tzdata\zoneinfo\Brazil\East","952","2026-05-14 22:14:43"
".venv\Lib\site-packages\tzdata\zoneinfo\Brazil\West","412","2026-05-14 22:14:43"
".venv\Lib\site-packages\tzdata\zoneinfo\Canada\__init__.py","0","2026-05-14 22:14:43"
".venv\Lib\site-packages\tzdata\zoneinfo\Canada\Atlantic","1672","2026-05-14 22:14:43"
".venv\Lib\site-packages\tzdata\zoneinfo\Canada\Central","1294","2026-05-14 22:14:43"
".venv\Lib\site-packages\tzdata\zoneinfo\Canada\Eastern","1717","2026-05-14 22:14:43"
".venv\Lib\site-packages\tzdata\zoneinfo\Canada\Mountain","970","2026-05-14 22:14:43"
".venv\Lib\site-packages\tzdata\zoneinfo\Canada\Newfoundland","1878","2026-05-14 22:14:43"
".venv\Lib\site-packages\tzdata\zoneinfo\Canada\Pacific","1673","2026-05-14 22:14:43"
".venv\Lib\site-packages\tzdata\zoneinfo\Canada\Saskatchewan","638","2026-05-14 22:14:43"
".venv\Lib\site-packages\tzdata\zoneinfo\Canada\Yukon","1029","2026-05-14 22:14:43"
".venv\Lib\site-packages\tzdata\zoneinfo\CET","1103","2026-05-14 22:14:39"
".venv\Lib\site-packages\tzdata\zoneinfo\Chile\__init__.py","0","2026-05-14 22:14:43"
".venv\Lib\site-packages\tzdata\zoneinfo\Chile\Continental","1354","2026-05-14 22:14:43"
".venv\Lib\site-packages\tzdata\zoneinfo\Chile\EasterIsland","1174","2026-05-14 22:14:43"
".venv\Lib\site-packages\tzdata\zoneinfo\CST6CDT","1754","2026-05-14 22:14:39"
".venv\Lib\site-packages\tzdata\zoneinfo\Cuba","1117","2026-05-14 22:14:39"
".venv\Lib\site-packages\tzdata\zoneinfo\EET","682","2026-05-14 22:14:39"
".venv\Lib\site-packages\tzdata\zoneinfo\Egypt","1309","2026-05-14 22:14:39"
".venv\Lib\site-packages\tzdata\zoneinfo\Eire","1496","2026-05-14 22:14:39"
".venv\Lib\site-packages\tzdata\zoneinfo\EST","149","2026-05-14 22:14:39"
".venv\Lib\site-packages\tzdata\zoneinfo\EST5EDT","1744","2026-05-14 22:14:39"
".venv\Lib\site-packages\tzdata\zoneinfo\Etc\__init__.py","0","2026-05-14 22:14:43"
".venv\Lib\site-packages\tzdata\zoneinfo\Etc\GMT","111","2026-05-14 22:14:43"
".venv\Lib\site-packages\tzdata\zoneinfo\Etc\GMT-0","111","2026-05-14 22:14:43"
".venv\Lib\site-packages\tzdata\zoneinfo\Etc\GMT-1","114","2026-05-14 22:14:43"
".venv\Lib\site-packages\tzdata\zoneinfo\Etc\GMT-10","115","2026-05-14 22:14:43"
".venv\Lib\site-packages\tzdata\zoneinfo\Etc\GMT-11","115","2026-05-14 22:14:43"
".venv\Lib\site-packages\tzdata\zoneinfo\Etc\GMT-12","115","2026-05-14 22:14:43"
".venv\Lib\site-packages\tzdata\zoneinfo\Etc\GMT-13","115","2026-05-14 22:14:43"
".venv\Lib\site-packages\tzdata\zoneinfo\Etc\GMT-14","115","2026-05-14 22:14:43"
".venv\Lib\site-packages\tzdata\zoneinfo\Etc\GMT-2","114","2026-05-14 22:14:43"
".venv\Lib\site-packages\tzdata\zoneinfo\Etc\GMT-3","114","2026-05-14 22:14:43"
".venv\Lib\site-packages\tzdata\zoneinfo\Etc\GMT-4","114","2026-05-14 22:14:43"
".venv\Lib\site-packages\tzdata\zoneinfo\Etc\GMT-5","114","2026-05-14 22:14:43"
".venv\Lib\site-packages\tzdata\zoneinfo\Etc\GMT-6","114","2026-05-14 22:14:43"
".venv\Lib\site-packages\tzdata\zoneinfo\Etc\GMT-7","114","2026-05-14 22:14:43"
".venv\Lib\site-packages\tzdata\zoneinfo\Etc\GMT-8","114","2026-05-14 22:14:43"
".venv\Lib\site-packages\tzdata\zoneinfo\Etc\GMT-9","114","2026-05-14 22:14:43"
".venv\Lib\site-packages\tzdata\zoneinfo\Etc\GMT+0","111","2026-05-14 22:14:43"
".venv\Lib\site-packages\tzdata\zoneinfo\Etc\GMT+1","113","2026-05-14 22:14:43"
".venv\Lib\site-packages\tzdata\zoneinfo\Etc\GMT+10","114","2026-05-14 22:14:43"
".venv\Lib\site-packages\tzdata\zoneinfo\Etc\GMT+11","114","2026-05-14 22:14:43"
".venv\Lib\site-packages\tzdata\zoneinfo\Etc\GMT+12","114","2026-05-14 22:14:43"
".venv\Lib\site-packages\tzdata\zoneinfo\Etc\GMT+2","113","2026-05-14 22:14:43"
".venv\Lib\site-packages\tzdata\zoneinfo\Etc\GMT+3","113","2026-05-14 22:14:43"
".venv\Lib\site-packages\tzdata\zoneinfo\Etc\GMT+4","113","2026-05-14 22:14:43"
".venv\Lib\site-packages\tzdata\zoneinfo\Etc\GMT+5","113","2026-05-14 22:14:43"
".venv\Lib\site-packages\tzdata\zoneinfo\Etc\GMT+6","113","2026-05-14 22:14:43"
".venv\Lib\site-packages\tzdata\zoneinfo\Etc\GMT+7","113","2026-05-14 22:14:43"
".venv\Lib\site-packages\tzdata\zoneinfo\Etc\GMT+8","113","2026-05-14 22:14:43"
".venv\Lib\site-packages\tzdata\zoneinfo\Etc\GMT+9","113","2026-05-14 22:14:43"
".venv\Lib\site-packages\tzdata\zoneinfo\Etc\GMT0","111","2026-05-14 22:14:43"
".venv\Lib\site-packages\tzdata\zoneinfo\Etc\Greenwich","111","2026-05-14 22:14:43"
".venv\Lib\site-packages\tzdata\zoneinfo\Etc\UCT","111","2026-05-14 22:14:43"
".venv\Lib\site-packages\tzdata\zoneinfo\Etc\Universal","111","2026-05-14 22:14:43"
".venv\Lib\site-packages\tzdata\zoneinfo\Etc\UTC","111","2026-05-14 22:14:43"
".venv\Lib\site-packages\tzdata\zoneinfo\Etc\Zulu","111","2026-05-14 22:14:43"
".venv\Lib\site-packages\tzdata\zoneinfo\Europe\__init__.py","0","2026-05-14 22:14:43"
".venv\Lib\site-packages\tzdata\zoneinfo\Europe\Amsterdam","1103","2026-05-14 22:14:43"
".venv\Lib\site-packages\tzdata\zoneinfo\Europe\Andorra","389","2026-05-14 22:14:43"
".venv\Lib\site-packages\tzdata\zoneinfo\Europe\Astrakhan","726","2026-05-14 22:14:43"
".venv\Lib\site-packages\tzdata\zoneinfo\Europe\Athens","682","2026-05-14 22:14:43"
".venv\Lib\site-packages\tzdata\zoneinfo\Europe\Belfast","1599","2026-05-14 22:14:43"
".venv\Lib\site-packages\tzdata\zoneinfo\Europe\Belgrade","478","2026-05-14 22:14:43"
".venv\Lib\site-packages\tzdata\zoneinfo\Europe\Berlin","705","2026-05-14 22:14:43"
".venv\Lib\site-packages\tzdata\zoneinfo\Europe\Bratislava","723","2026-05-14 22:14:43"
".venv\Lib\site-packages\tzdata\zoneinfo\Europe\Brussels","1103","2026-05-14 22:14:43"
".venv\Lib\site-packages\tzdata\zoneinfo\Europe\Bucharest","661","2026-05-14 22:14:43"
".venv\Lib\site-packages\tzdata\zoneinfo\Europe\Budapest","766","2026-05-14 22:14:43"
".venv\Lib\site-packages\tzdata\zoneinfo\Europe\Busingen","497","2026-05-14 22:14:43"
".venv\Lib\site-packages\tzdata\zoneinfo\Europe\Chisinau","1207","2026-05-14 22:14:43"
".venv\Lib\site-packages\tzdata\zoneinfo\Europe\Copenhagen","705","2026-05-14 22:14:43"
".venv\Lib\site-packages\tzdata\zoneinfo\Europe\Dublin","1496","2026-05-14 22:14:43"
".venv\Lib\site-packages\tzdata\zoneinfo\Europe\Gibraltar","1220","2026-05-14 22:14:43"
".venv\Lib\site-packages\tzdata\zoneinfo\Europe\Guernsey","1599","2026-05-14 22:14:43"
".venv\Lib\site-packages\tzdata\zoneinfo\Europe\Helsinki","481","2026-05-14 22:14:43"
".venv\Lib\site-packages\tzdata\zoneinfo\Europe\Isle_of_Man","1599","2026-05-14 22:14:43"
".venv\Lib\site-packages\tzdata\zoneinfo\Europe\Istanbul","1200","2026-05-14 22:14:43"
".venv\Lib\site-packages\tzdata\zoneinfo\Europe\Jersey","1599","2026-05-14 22:14:43"
".venv\Lib\site-packages\tzdata\zoneinfo\Europe\Kaliningrad","904","2026-05-14 22:14:43"
".venv\Lib\site-packages\tzdata\zoneinfo\Europe\Kiev","558","2026-05-14 22:14:43"
".venv\Lib\site-packages\tzdata\zoneinfo\Europe\Kirov","735","2026-05-14 22:14:43"
".venv\Lib\site-packages\tzdata\zoneinfo\Europe\Kyiv","558","2026-05-14 22:14:43"
".venv\Lib\site-packages\tzdata\zoneinfo\Europe\Lisbon","1463","2026-05-14 22:14:43"
".venv\Lib\site-packages\tzdata\zoneinfo\Europe\Ljubljana","478","2026-05-14 22:14:43"
".venv\Lib\site-packages\tzdata\zoneinfo\Europe\London","1599","2026-05-14 22:14:43"
".venv\Lib\site-packages\tzdata\zoneinfo\Europe\Luxembourg","1103","2026-05-14 22:14:43"
".venv\Lib\site-packages\tzdata\zoneinfo\Europe\Madrid","897","2026-05-14 22:14:43"
".venv\Lib\site-packages\tzdata\zoneinfo\Europe\Malta","928","2026-05-14 22:14:43"
".venv\Lib\site-packages\tzdata\zoneinfo\Europe\Mariehamn","481","2026-05-14 22:14:43"
".venv\Lib\site-packages\tzdata\zoneinfo\Europe\Minsk","808","2026-05-14 22:14:43"
".venv\Lib\site-packages\tzdata\zoneinfo\Europe\Monaco","1105","2026-05-14 22:14:43"
".venv\Lib\site-packages\tzdata\zoneinfo\Europe\Moscow","908","2026-05-14 22:14:43"
".venv\Lib\site-packages\tzdata\zoneinfo\Europe\Nicosia","597","2026-05-14 22:14:43"
".venv\Lib\site-packages\tzdata\zoneinfo\Europe\Oslo","705","2026-05-14 22:14:43"
".venv\Lib\site-packages\tzdata\zoneinfo\Europe\Paris","1105","2026-05-14 22:14:43"
".venv\Lib\site-packages\tzdata\zoneinfo\Europe\Podgorica","478","2026-05-14 22:14:43"
".venv\Lib\site-packages\tzdata\zoneinfo\Europe\Prague","723","2026-05-14 22:14:43"
".venv\Lib\site-packages\tzdata\zoneinfo\Europe\Riga","694","2026-05-14 22:14:43"
".venv\Lib\site-packages\tzdata\zoneinfo\Europe\Rome","947","2026-05-14 22:14:43"
".venv\Lib\site-packages\tzdata\zoneinfo\Europe\Samara","732","2026-05-14 22:14:43"
".venv\Lib\site-packages\tzdata\zoneinfo\Europe\San_Marino","947","2026-05-14 22:14:43"
".venv\Lib\site-packages\tzdata\zoneinfo\Europe\Sarajevo","478","2026-05-14 22:14:43"
".venv\Lib\site-packages\tzdata\zoneinfo\Europe\Saratov","726","2026-05-14 22:14:43"
".venv\Lib\site-packages\tzdata\zoneinfo\Europe\Simferopol","865","2026-05-14 22:14:43"
".venv\Lib\site-packages\tzdata\zoneinfo\Europe\Skopje","478","2026-05-14 22:14:43"
".venv\Lib\site-packages\tzdata\zoneinfo\Europe\Sofia","592","2026-05-14 22:14:43"
".venv\Lib\site-packages\tzdata\zoneinfo\Europe\Stockholm","705","2026-05-14 22:14:43"
".venv\Lib\site-packages\tzdata\zoneinfo\Europe\Tallinn","675","2026-05-14 22:14:43"
".venv\Lib\site-packages\tzdata\zoneinfo\Europe\Tirane","604","2026-05-14 22:14:43"
".venv\Lib\site-packages\tzdata\zoneinfo\Europe\Tiraspol","1207","2026-05-14 22:14:43"
".venv\Lib\site-packages\tzdata\zoneinfo\Europe\Ulyanovsk","760","2026-05-14 22:14:43"
".venv\Lib\site-packages\tzdata\zoneinfo\Europe\Uzhgorod","558","2026-05-14 22:14:43"
".venv\Lib\site-packages\tzdata\zoneinfo\Europe\Vaduz","497","2026-05-14 22:14:43"
".venv\Lib\site-packages\tzdata\zoneinfo\Europe\Vatican","947","2026-05-14 22:14:43"
".venv\Lib\site-packages\tzdata\zoneinfo\Europe\Vienna","658","2026-05-14 22:14:43"
".venv\Lib\site-packages\tzdata\zoneinfo\Europe\Vilnius","676","2026-05-14 22:14:43"
".venv\Lib\site-packages\tzdata\zoneinfo\Europe\Volgograd","753","2026-05-14 22:14:43"
".venv\Lib\site-packages\tzdata\zoneinfo\Europe\Warsaw","923","2026-05-14 22:14:43"
".venv\Lib\site-packages\tzdata\zoneinfo\Europe\Zagreb","478","2026-05-14 22:14:43"
".venv\Lib\site-packages\tzdata\zoneinfo\Europe\Zaporozhye","558","2026-05-14 22:14:43"
".venv\Lib\site-packages\tzdata\zoneinfo\Europe\Zurich","497","2026-05-14 22:14:43"
".venv\Lib\site-packages\tzdata\zoneinfo\Factory","113","2026-05-14 22:14:39"
".venv\Lib\site-packages\tzdata\zoneinfo\GB","1599","2026-05-14 22:14:39"
".venv\Lib\site-packages\tzdata\zoneinfo\GB-Eire","1599","2026-05-14 22:14:39"
".venv\Lib\site-packages\tzdata\zoneinfo\GMT","111","2026-05-14 22:14:39"
".venv\Lib\site-packages\tzdata\zoneinfo\GMT-0","111","2026-05-14 22:14:39"
".venv\Lib\site-packages\tzdata\zoneinfo\GMT+0","111","2026-05-14 22:14:39"
".venv\Lib\site-packages\tzdata\zoneinfo\GMT0","111","2026-05-14 22:14:39"
".venv\Lib\site-packages\tzdata\zoneinfo\Greenwich","111","2026-05-14 22:14:39"
".venv\Lib\site-packages\tzdata\zoneinfo\Hongkong","775","2026-05-14 22:14:40"
".venv\Lib\site-packages\tzdata\zoneinfo\HST","221","2026-05-14 22:14:40"
".venv\Lib\site-packages\tzdata\zoneinfo\Iceland","130","2026-05-14 22:14:40"
".venv\Lib\site-packages\tzdata\zoneinfo\Indian\__init__.py","0","2026-05-14 22:14:43"
".venv\Lib\site-packages\tzdata\zoneinfo\Indian\Antananarivo","191","2026-05-14 22:14:43"
".venv\Lib\site-packages\tzdata\zoneinfo\Indian\Chagos","152","2026-05-14 22:14:43"
".venv\Lib\site-packages\tzdata\zoneinfo\Indian\Christmas","152","2026-05-14 22:14:43"
".venv\Lib\site-packages\tzdata\zoneinfo\Indian\Cocos","187","2026-05-14 22:14:43"
".venv\Lib\site-packages\tzdata\zoneinfo\Indian\Comoro","191","2026-05-14 22:14:43"
".venv\Lib\site-packages\tzdata\zoneinfo\Indian\Kerguelen","152","2026-05-14 22:14:43"
".venv\Lib\site-packages\tzdata\zoneinfo\Indian\Mahe","133","2026-05-14 22:14:43"
".venv\Lib\site-packages\tzdata\zoneinfo\Indian\Maldives","152","2026-05-14 22:14:43"
".venv\Lib\site-packages\tzdata\zoneinfo\Indian\Mauritius","179","2026-05-14 22:14:43"
".venv\Lib\site-packages\tzdata\zoneinfo\Indian\Mayotte","191","2026-05-14 22:14:43"
".venv\Lib\site-packages\tzdata\zoneinfo\Indian\Reunion","133","2026-05-14 22:14:43"
".venv\Lib\site-packages\tzdata\zoneinfo\Iran","812","2026-05-14 22:14:40"
".venv\Lib\site-packages\tzdata\zoneinfo\iso3166.tab","4841","2026-05-14 22:14:40"
".venv\Lib\site-packages\tzdata\zoneinfo\Israel","1074","2026-05-14 22:14:40"
".venv\Lib\site-packages\tzdata\zoneinfo\Jamaica","339","2026-05-14 22:14:40"
".venv\Lib\site-packages\tzdata\zoneinfo\Japan","213","2026-05-14 22:14:40"
".venv\Lib\site-packages\tzdata\zoneinfo\Kwajalein","219","2026-05-14 22:14:40"
".venv\Lib\site-packages\tzdata\zoneinfo\leapseconds","3698","2026-05-14 22:14:40"
".venv\Lib\site-packages\tzdata\zoneinfo\Libya","431","2026-05-14 22:14:40"
".venv\Lib\site-packages\tzdata\zoneinfo\MET","1103","2026-05-14 22:14:40"
".venv\Lib\site-packages\tzdata\zoneinfo\Mexico\__init__.py","0","2026-05-14 22:14:43"
".venv\Lib\site-packages\tzdata\zoneinfo\Mexico\BajaNorte","1367","2026-05-14 22:14:43"
".venv\Lib\site-packages\tzdata\zoneinfo\Mexico\BajaSur","690","2026-05-14 22:14:43"
".venv\Lib\site-packages\tzdata\zoneinfo\Mexico\General","773","2026-05-14 22:14:43"
".venv\Lib\site-packages\tzdata\zoneinfo\MST","240","2026-05-14 22:14:40"
".venv\Lib\site-packages\tzdata\zoneinfo\MST7MDT","1042","2026-05-14 22:14:40"
".venv\Lib\site-packages\tzdata\zoneinfo\Navajo","1042","2026-05-14 22:14:40"
".venv\Lib\site-packages\tzdata\zoneinfo\NZ","1043","2026-05-14 22:14:40"
".venv\Lib\site-packages\tzdata\zoneinfo\NZ-CHAT","808","2026-05-14 22:14:40"
".venv\Lib\site-packages\tzdata\zoneinfo\Pacific\__init__.py","0","2026-05-14 22:14:43"
".venv\Lib\site-packages\tzdata\zoneinfo\Pacific\Apia","407","2026-05-14 22:14:43"
".venv\Lib\site-packages\tzdata\zoneinfo\Pacific\Auckland","1043","2026-05-14 22:14:43"
".venv\Lib\site-packages\tzdata\zoneinfo\Pacific\Bougainville","201","2026-05-14 22:14:43"
".venv\Lib\site-packages\tzdata\zoneinfo\Pacific\Chatham","808","2026-05-14 22:14:43"
".venv\Lib\site-packages\tzdata\zoneinfo\Pacific\Chuuk","154","2026-05-14 22:14:43"
".venv\Lib\site-packages\tzdata\zoneinfo\Pacific\Easter","1174","2026-05-14 22:14:43"
".venv\Lib\site-packages\tzdata\zoneinfo\Pacific\Efate","342","2026-05-14 22:14:43"
".venv\Lib\site-packages\tzdata\zoneinfo\Pacific\Enderbury","172","2026-05-14 22:14:43"
".venv\Lib\site-packages\tzdata\zoneinfo\Pacific\Fakaofo","153","2026-05-14 22:14:43"
".venv\Lib\site-packages\tzdata\zoneinfo\Pacific\Fiji","396","2026-05-14 22:14:43"
".venv\Lib\site-packages\tzdata\zoneinfo\Pacific\Funafuti","134","2026-05-14 22:14:43"
".venv\Lib\site-packages\tzdata\zoneinfo\Pacific\Galapagos","175","2026-05-14 22:14:43"
".venv\Lib\site-packages\tzdata\zoneinfo\Pacific\Gambier","132","2026-05-14 22:14:43"
".venv\Lib\site-packages\tzdata\zoneinfo\Pacific\Guadalcanal","134","2026-05-14 22:14:43"
".venv\Lib\site-packages\tzdata\zoneinfo\Pacific\Guam","350","2026-05-14 22:14:43"
".venv\Lib\site-packages\tzdata\zoneinfo\Pacific\Honolulu","221","2026-05-14 22:14:43"
".venv\Lib\site-packages\tzdata\zoneinfo\Pacific\Johnston","221","2026-05-14 22:14:43"
".venv\Lib\site-packages\tzdata\zoneinfo\Pacific\Kanton","172","2026-05-14 22:14:43"
".venv\Lib\site-packages\tzdata\zoneinfo\Pacific\Kiritimati","174","2026-05-14 22:14:43"
".venv\Lib\site-packages\tzdata\zoneinfo\Pacific\Kosrae","242","2026-05-14 22:14:43"
".venv\Lib\site-packages\tzdata\zoneinfo\Pacific\Kwajalein","219","2026-05-14 22:14:43"
".venv\Lib\site-packages\tzdata\zoneinfo\Pacific\Majuro","134","2026-05-14 22:14:43"
".venv\Lib\site-packages\tzdata\zoneinfo\Pacific\Marquesas","139","2026-05-14 22:14:43"
".venv\Lib\site-packages\tzdata\zoneinfo\Pacific\Midway","146","2026-05-14 22:14:43"
".venv\Lib\site-packages\tzdata\zoneinfo\Pacific\Nauru","183","2026-05-14 22:14:43"
".venv\Lib\site-packages\tzdata\zoneinfo\Pacific\Niue","154","2026-05-14 22:14:43"
".venv\Lib\site-packages\tzdata\zoneinfo\Pacific\Norfolk","237","2026-05-14 22:14:43"
".venv\Lib\site-packages\tzdata\zoneinfo\Pacific\Noumea","198","2026-05-14 22:14:43"
".venv\Lib\site-packages\tzdata\zoneinfo\Pacific\Pago_Pago","146","2026-05-14 22:14:43"
".venv\Lib\site-packages\tzdata\zoneinfo\Pacific\Palau","148","2026-05-14 22:14:43"
".venv\Lib\site-packages\tzdata\zoneinfo\Pacific\Pitcairn","153","2026-05-14 22:14:43"
".venv\Lib\site-packages\tzdata\zoneinfo\Pacific\Pohnpei","134","2026-05-14 22:14:43"
".venv\Lib\site-packages\tzdata\zoneinfo\Pacific\Ponape","134","2026-05-14 22:14:43"
".venv\Lib\site-packages\tzdata\zoneinfo\Pacific\Port_Moresby","154","2026-05-14 22:14:43"
".venv\Lib\site-packages\tzdata\zoneinfo\Pacific\Rarotonga","406","2026-05-14 22:14:43"
".venv\Lib\site-packages\tzdata\zoneinfo\Pacific\Saipan","350","2026-05-14 22:14:43"
".venv\Lib\site-packages\tzdata\zoneinfo\Pacific\Samoa","146","2026-05-14 22:14:43"
".venv\Lib\site-packages\tzdata\zoneinfo\Pacific\Tahiti","133","2026-05-14 22:14:43"
".venv\Lib\site-packages\tzdata\zoneinfo\Pacific\Tarawa","134","2026-05-14 22:14:43"
".venv\Lib\site-packages\tzdata\zoneinfo\Pacific\Tongatapu","237","2026-05-14 22:14:43"
".venv\Lib\site-packages\tzdata\zoneinfo\Pacific\Truk","154","2026-05-14 22:14:43"
".venv\Lib\site-packages\tzdata\zoneinfo\Pacific\Wake","134","2026-05-14 22:14:43"
".venv\Lib\site-packages\tzdata\zoneinfo\Pacific\Wallis","134","2026-05-14 22:14:43"
".venv\Lib\site-packages\tzdata\zoneinfo\Pacific\Yap","154","2026-05-14 22:14:43"
".venv\Lib\site-packages\tzdata\zoneinfo\Poland","923","2026-05-14 22:14:40"
".venv\Lib\site-packages\tzdata\zoneinfo\Portugal","1463","2026-05-14 22:14:40"
".venv\Lib\site-packages\tzdata\zoneinfo\PRC","393","2026-05-14 22:14:40"
".venv\Lib\site-packages\tzdata\zoneinfo\PST8PDT","1294","2026-05-14 22:14:40"
".venv\Lib\site-packages\tzdata\zoneinfo\ROC","511","2026-05-14 22:14:40"
".venv\Lib\site-packages\tzdata\zoneinfo\ROK","415","2026-05-14 22:14:40"
".venv\Lib\site-packages\tzdata\zoneinfo\Singapore","256","2026-05-14 22:14:40"
".venv\Lib\site-packages\tzdata\zoneinfo\Turkey","1200","2026-05-14 22:14:40"
".venv\Lib\site-packages\tzdata\zoneinfo\tzdata.zi","107524","2026-05-14 22:14:40"
".venv\Lib\site-packages\tzdata\zoneinfo\UCT","111","2026-05-14 22:14:40"
".venv\Lib\site-packages\tzdata\zoneinfo\Universal","111","2026-05-14 22:14:40"
".venv\Lib\site-packages\tzdata\zoneinfo\US\__init__.py","0","2026-05-14 22:14:43"
".venv\Lib\site-packages\tzdata\zoneinfo\US\Alaska","977","2026-05-14 22:14:43"
".venv\Lib\site-packages\tzdata\zoneinfo\US\Aleutian","969","2026-05-14 22:14:43"
".venv\Lib\site-packages\tzdata\zoneinfo\US\Arizona","240","2026-05-14 22:14:43"
".venv\Lib\site-packages\tzdata\zoneinfo\US\Central","1754","2026-05-14 22:14:43"
".venv\Lib\site-packages\tzdata\zoneinfo\US\East-Indiana","531","2026-05-14 22:14:43"
".venv\Lib\site-packages\tzdata\zoneinfo\US\Eastern","1744","2026-05-14 22:14:43"
".venv\Lib\site-packages\tzdata\zoneinfo\US\Hawaii","221","2026-05-14 22:14:43"
".venv\Lib\site-packages\tzdata\zoneinfo\US\Indiana-Starke","1016","2026-05-14 22:14:43"
".venv\Lib\site-packages\tzdata\zoneinfo\US\Michigan","899","2026-05-14 22:14:43"
".venv\Lib\site-packages\tzdata\zoneinfo\US\Mountain","1042","2026-05-14 22:14:43"
".venv\Lib\site-packages\tzdata\zoneinfo\US\Pacific","1294","2026-05-14 22:14:43"
".venv\Lib\site-packages\tzdata\zoneinfo\US\Samoa","146","2026-05-14 22:14:43"
".venv\Lib\site-packages\tzdata\zoneinfo\UTC","111","2026-05-14 22:14:40"
".venv\Lib\site-packages\tzdata\zoneinfo\W-SU","908","2026-05-14 22:14:40"
".venv\Lib\site-packages\tzdata\zoneinfo\WET","1463","2026-05-14 22:14:40"
".venv\Lib\site-packages\tzdata\zoneinfo\zone.tab","18818","2026-05-14 22:14:40"
".venv\Lib\site-packages\tzdata\zoneinfo\zone1970.tab","17601","2026-05-14 22:14:40"
".venv\Lib\site-packages\tzdata\zoneinfo\zonenow.tab","8056","2026-05-14 22:14:40"
".venv\Lib\site-packages\tzdata\zoneinfo\Zulu","111","2026-05-14 22:14:40"
".venv\Lib\site-packages\tzdata\zones","9102","2026-05-14 22:14:39"
".venv\pyvenv.cfg","456","2026-05-14 22:13:52"
".venv\Scripts\activate","2188","2026-05-14 22:14:05"
".venv\Scripts\activate.bat","1006","2026-05-14 22:14:05"
".venv\Scripts\Activate.ps1","27975","2026-05-14 22:14:05"
".venv\Scripts\deactivate.bat","393","2026-05-14 22:14:05"
".venv\Scripts\f2py.exe","108400","2026-05-14 22:15:00"
".venv\Scripts\numpy-config.exe","108400","2026-05-14 22:15:00"
".venv\Scripts\pip.exe","108405","2026-05-14 22:14:05"
".venv\Scripts\pip3.12.exe","108405","2026-05-14 22:14:05"
".venv\Scripts\pip3.exe","108405","2026-05-14 22:14:05"
".venv\Scripts\py.test.exe","108405","2026-05-14 22:15:21"
".venv\Scripts\pygmentize.exe","108399","2026-05-14 22:14:50"
".venv\Scripts\pytest.exe","108405","2026-05-14 22:15:21"
".venv\Scripts\python.exe","274424","2026-05-14 22:13:52"
".venv\Scripts\pythonw.exe","263400","2026-05-14 22:13:52"
"AUDIT_FREEZE_TIMESTAMP.txt","251","2026-05-18 14:39:22"
"docs\SSZ_EQUATION_REGISTRY.md","2858","2026-05-14 18:36:36"
"docs\SSZ_LIGO_ANTI_CIRCULARITY_PROTOCOL.md","407","2026-05-14 18:28:57"
"docs\SSZ_LIGO_FORWARD_MODEL_SPEC.md","644","2026-05-14 18:28:37"
"docs\SSZ_LIGO_TEST_DESIGN.md","772","2026-05-14 18:29:17"
"logs\PYTEST_FULL_RUN.log","19198","2026-05-14 21:47:06"
"logs\verify_full.log","8371","2026-05-14 23:54:52"
"pyproject.toml","1220","2026-05-15 00:45:09"
"README.md","3108","2026-05-14 18:35:53"
"reports\BUILD_REPORT.md","2079","2026-05-14 18:36:16"
"reports\CURRENT_FILE_INVENTORY.csv","0","2026-05-18 14:40:13"
"reports\PYTEST_FULL_RUN_REPORT.md","129","2026-05-14 22:19:23"
"reports\PYTEST_FULL_RUN.log","129","2026-05-14 22:21:03"
"requirements.txt","67","2026-05-14 18:29:59"
"run_full_test.py","1768","2026-05-14 22:16:53"
"scripts\verify_real_ligo_tests.py","770","2026-05-14 23:54:27"
"src\_legacy_ssz_ligo\__init__.py","802","2026-05-14 18:14:44"
"src\_legacy_ssz_ligo\forward_model.py","5889","2026-05-14 18:14:27"
"src\_legacy_ssz_ligo\ssz_core.py","2545","2026-05-14 18:14:10"
"src\ssz_ligo_tests\__init__.py","4171","2026-05-15 00:49:18"
"src\ssz_ligo_tests\anti_circularity.py","5407","2026-05-14 18:24:14"
"src\ssz_ligo_tests\constants.py","785","2026-05-14 18:21:57"
"src\ssz_ligo_tests\detector_response.py","2273","2026-05-14 18:23:40"
"src\ssz_ligo_tests\equation_registry.py","8892","2026-05-14 18:21:42"
"src\ssz_ligo_tests\forward_model.py","77","2026-05-15 00:21:04"
"src\ssz_ligo_tests\inventory.py","6775","2026-05-14 18:20:36"
"src\ssz_ligo_tests\ligo_data.py","8126","2026-05-14 18:24:56"
"src\ssz_ligo_tests\likelihood.py","2063","2026-05-14 18:23:57"
"src\ssz_ligo_tests\provenance.py","2777","2026-05-14 18:24:31"
"src\ssz_ligo_tests\radial_scaling.py","4327","2026-05-14 18:53:32"
"src\ssz_ligo_tests\ssz_core.py","3895","2026-05-14 18:22:18"
"src\ssz_ligo_tests\ssz_inspiral.py","6028","2026-05-14 18:57:36"
"src\ssz_ligo_tests\ssz_metric.py","1192","2026-05-14 18:22:36"
"src\ssz_ligo_tests\ssz_phase.py","5013","2026-05-14 18:33:31"
"src\ssz_ligo_tests\ssz_ringdown.py","5467","2026-05-14 19:10:42"
"src\ssz_ligo_tests\ssz_waveform.py","2603","2026-05-14 18:22:59"
"STATUS.md","1904","2026-05-14 19:31:22"
"tests\integration\test_forward_model.py","7041","2026-05-14 21:50:08"
"tests\integration\test_inspiral_phase_forward_model.py","5139","2026-05-14 18:34:56"
"tests\integration\test_strong_to_weak_transition.py","3904","2026-05-14 18:35:35"
"tests\test_00_environment.py","1400","2026-05-14 18:25:36"
"tests\test_01_source_inventory.py","2114","2026-05-14 18:25:59"
"tests\test_02_equation_registry.py","3758","2026-05-14 18:26:21"
"tests\test_03_ssz_core.py","3962","2026-05-14 18:26:41"
"tests\test_04_forward_model_placeholders.py","2689","2026-05-14 18:26:57"
"tests\test_08_anti_circularity.py","2735","2026-05-14 18:27:18"
"tests\unit\test_radial_scaling_core.py","3101","2026-05-14 18:34:31"
"tests\unit\test_ssz_core.py","5408","2026-05-14 22:11:08"
"tests\validation\test_against_book.py","4457","2026-05-14 21:57:55"
"tests\validation\test_anti_circularity.py","5576","2026-05-14 21:53:44"
"tests\validation\test_ringdown_conflict_detection.py","4003","2026-05-14 18:35:14"
