window,band,sign,delay_ms,xcorr,coh,phase_std,resid_std,is_physical
TRIGGER,20-40,POS,-50.0,-0.1943748,0.996786,0.0066,0.027557,False
TRIGGER,20-40,POS,-49.0,-0.1994678,0.996786,0.0066,0.027557,False
TRIGGER,20-40,POS,-48.0,-0.2009635,0.996786,0.0066,0.027557,False
TRIGGER,20-40,POS,-47.0,-0.1990954,0.996786,0.0066,0.027557,False
TRIGGER,20-40,POS,-46.0,-0.1925507,0.996786,0.0066,0.027557,False
TRIGGER,20-40,POS,-45.0,-0.1844597,0.996786,0.0066,0.027557,False
TRIGGER,20-40,POS,-44.0,-0.1743339,0.996786,0.0066,0.027557,False
TRIGGER,20-40,POS,-43.0,-0.1626438,0.996786,0.0066,0.027557,False
TRIGGER,20-40,POS,-42.0,-0.1498285,0.996786,0.0066,0.027557,False
TRIGGER,20-40,POS,-41.0,-0.1362624,0.996786,0.0066,0.027557,False
TRIGGER,20-40,POS,-40.0,-0.1222252,0.996786,0.0066,0.027557,False
TRIGGER,20-40,POS,-39.0,-0.1078782,0.996786,0.0066,0.027557,False
TRIGGER,20-40,POS,-38.0,-0.0932486,0.996786,0.0066,0.027557,False
TRIGGER,20-40,POS,-37.0,-0.0782237,0.996786,0.0066,0.027557,False
TRIGGER,20-40,POS,-36.0,-0.0584965,0.996786,0.0066,0.027557,False
TRIGGER,20-40,POS,-35.0,-0.041494,0.996786,0.0066,0.027557,False
TRIGGER,20-40,POS,-34.0,-0.0228937,0.996786,0.0066,0.027557,False
TRIGGER,20-40,POS,-33.0,-0.0021725,0.996786,0.0066,0.027557,False
TRIGGER,20-40,POS,-32.0,0.0211894,0.996786,0.0066,0.027557,False
TRIGGER,20-40,POS,-31.0,0.0476551,0.996786,0.0066,0.027557,False
TRIGGER,20-40,POS,-30.0,0.0775744,0.996786,0.0066,0.027557,False
TRIGGER,20-40,POS,-29.0,0.1111277,0.996786,0.0066,0.027557,False
TRIGGER,20-40,POS,-28.0,0.1482741,0.996786,0.0066,0.027557,False
TRIGGER,20-40,POS,-27.0,0.1887075,0.996786,0.0066,0.027557,False
TRIGGER,20-40,POS,-26.0,0.2429208,0.996786,0.0066,0.027557,False
TRIGGER,20-40,POS,-25.0,0.2880577,0.996786,0.0066,0.027557,False
TRIGGER,20-40,POS,-24.0,0.3333605,0.996786,0.0066,0.027557,False
TRIGGER,20-40,POS,-23.0,0.3772215,0.996786,0.0066,0.027557,False
TRIGGER,20-40,POS,-22.0,0.4177833,0.996786,0.0066,0.027557,False
TRIGGER,20-40,POS,-21.0,0.4530016,0.996786,0.0066,0.027557,False
TRIGGER,20-40,POS,-20.0,0.4807251,0.996786,0.0066,0.027557,False
TRIGGER,20-40,POS,-19.0,0.498791,0.996786,0.0066,0.027557,False
TRIGGER,20-40,POS,-18.0,0.5051318,0.996786,0.0066,0.027557,False
TRIGGER,20-40,POS,-17.0,0.4978895,0.996786,0.0066,0.027557,False
TRIGGER,20-40,POS,-16.0,0.4755303,0.996786,0.0066,0.027557,False
TRIGGER,20-40,POS,-15.0,0.4246986,0.996786,0.0066,0.027557,False
TRIGGER,20-40,POS,-14.0,0.3651312,0.996786,0.0066,0.027557,False
TRIGGER,20-40,POS,-13.0,0.2889552,0.996786,0.0066,0.027557,False
TRIGGER,20-40,POS,-12.0,0.1970784,0.996786,0.0066,0.027557,False
TRIGGER,20-40,POS,-11.0,0.0911249,0.996786,0.0066,0.027557,False
TRIGGER,20-40,POS,-10.0,-0.0265714,0.996786,0.0066,0.027557,True
TRIGGER,20-40,POS,-9.0,-0.1530055,0.996786,0.0066,0.027557,True
TRIGGER,20-40,POS,-8.0,-0.284575,0.996786,0.0066,0.027557,True
TRIGGER,20-40,POS,-7.0,-0.4171861,0.996786,0.0066,0.027557,True
TRIGGER,20-40,POS,-6.0,-0.5463895,0.996786,0.0066,0.027557,True
TRIGGER,20-40,POS,-5.0,-0.6960243,0.996786,0.0066,0.027557,True
TRIGGER,20-40,POS,-4.0,-0.8005814,0.996786,0.0066,0.027557,True
TRIGGER,20-40,POS,-3.0,-0.8868825,0.996786,0.0066,0.027557,True
TRIGGER,20-40,POS,-2.0,-0.9509446,0.996786,0.0066,0.027557,True
TRIGGER,20-40,POS,-1.0,-0.9893909,0.996786,0.0066,0.027557,True
TRIGGER,20-40,POS,0.0,-0.9996202,0.996786,0.0066,0.027557,True
TRIGGER,20-40,POS,1.0,-0.9803611,0.996786,0.0066,0.027557,True
TRIGGER,20-40,POS,2.0,-0.9336766,0.996786,0.0066,0.027557,True
TRIGGER,20-40,POS,3.0,-0.8624089,0.996786,0.0066,0.027557,True
TRIGGER,20-40,POS,4.0,-0.7701224,0.996786,0.0066,0.027557,True
TRIGGER,20-40,POS,5.0,-0.6609297,0.996786,0.0066,0.027557,True
TRIGGER,20-40,POS,6.0,-0.5074978,0.996786,0.0066,0.027557,True
TRIGGER,20-40,POS,7.0,-0.3768577,0.996786,0.0066,0.027557,True
TRIGGER,20-40,POS,8.0,-0.2441721,0.996786,0.0066,0.027557,True
TRIGGER,20-40,POS,9.0,-0.1137816,0.996786,0.0066,0.027557,True
TRIGGER,20-40,POS,10.0,0.010369,0.996786,0.0066,0.027557,True
TRIGGER,20-40,POS,11.0,0.1248577,0.996786,0.0066,0.027557,False
TRIGGER,20-40,POS,12.0,0.2268809,0.996786,0.0066,0.027557,False
TRIGGER,20-40,POS,13.0,0.3143168,0.996786,0.0066,0.027557,False
TRIGGER,20-40,POS,14.0,0.3857542,0.996786,0.0066,0.027557,False
TRIGGER,20-40,POS,15.0,0.4404885,0.996786,0.0066,0.027557,False
TRIGGER,20-40,POS,16.0,0.4854281,0.996786,0.0066,0.027557,False
TRIGGER,20-40,POS,17.0,0.5033866,0.996786,0.0066,0.027557,False
TRIGGER,20-40,POS,18.0,0.5066439,0.996786,0.0066,0.027557,False
TRIGGER,20-40,POS,19.0,0.496826,0.996786,0.0066,0.027557,False
TRIGGER,20-40,POS,20.0,0.4758494,0.996786,0.0066,0.027557,False
TRIGGER,20-40,POS,21.0,0.4458064,0.996786,0.0066,0.027557,False
TRIGGER,20-40,POS,22.0,0.4088541,0.996786,0.0066,0.027557,False
TRIGGER,20-40,POS,23.0,0.3671112,0.996786,0.0066,0.027557,False
TRIGGER,20-40,POS,24.0,0.322567,0.996786,0.0066,0.027557,False
TRIGGER,20-40,POS,25.0,0.2770071,0.996786,0.0066,0.027557,False
TRIGGER,20-40,POS,26.0,0.2319567,0.996786,0.0066,0.027557,False
TRIGGER,20-40,POS,27.0,0.1782015,0.996786,0.0066,0.027557,False
TRIGGER,20-40,POS,28.0,0.1383092,0.996786,0.0066,0.027557,False
TRIGGER,20-40,POS,29.0,0.101773,0.996786,0.0066,0.027557,False
TRIGGER,20-40,POS,30.0,0.0688306,0.996786,0.0066,0.027557,False
TRIGGER,20-40,POS,31.0,0.0394685,0.996786,0.0066,0.027557,False
TRIGGER,20-40,POS,32.0,0.0134672,0.996786,0.0066,0.027557,False
TRIGGER,20-40,POS,33.0,-0.0095453,0.996786,0.0066,0.027557,False
TRIGGER,20-40,POS,34.0,-0.0300384,0.996786,0.0066,0.027557,False
TRIGGER,20-40,POS,35.0,-0.0485233,0.996786,0.0066,0.027557,False
TRIGGER,20-40,POS,36.0,-0.0655013,0.996786,0.0066,0.027557,False
TRIGGER,20-40,POS,37.0,-0.0852773,0.996786,0.0066,0.027557,False
TRIGGER,20-40,POS,38.0,-0.1003568,0.996786,0.0066,0.027557,False
TRIGGER,20-40,POS,39.0,-0.1150088,0.996786,0.0066,0.027557,False
TRIGGER,20-40,POS,40.0,-0.1293044,0.996786,0.0066,0.027557,False
TRIGGER,20-40,POS,41.0,-0.1431782,0.996786,0.0066,0.027557,False
TRIGGER,20-40,POS,42.0,-0.1564371,0.996786,0.0066,0.027557,False
TRIGGER,20-40,POS,43.0,-0.1687785,0.996786,0.0066,0.027557,False
TRIGGER,20-40,POS,44.0,-0.1798152,0.996786,0.0066,0.027557,False
TRIGGER,20-40,POS,45.0,-0.1891063,0.996786,0.0066,0.027557,False
TRIGGER,20-40,POS,46.0,-0.1961906,0.996786,0.0066,0.027557,False
TRIGGER,20-40,POS,47.0,-0.2012663,0.996786,0.0066,0.027557,False
TRIGGER,20-40,POS,48.0,-0.2018277,0.996786,0.0066,0.027557,False
TRIGGER,20-40,POS,49.0,-0.1989502,0.996786,0.0066,0.027557,False
TRIGGER,20-40,POS,50.0,-0.1924438,0.996786,0.0066,0.027557,False
TRIGGER,20-40,NEG,-10.0,0.0265714,0.996786,0.0066,0.027557,True
TRIGGER,20-40,NEG,-9.756,0.0574919,0.996786,0.0066,0.027557,True
TRIGGER,20-40,NEG,-9.512,0.0889084,0.996786,0.0066,0.027557,True
TRIGGER,20-40,NEG,-9.268,0.1207655,0.996786,0.0066,0.027557,True
TRIGGER,20-40,NEG,-9.024,0.1530055,0.996786,0.0066,0.027557,True
TRIGGER,20-40,NEG,-8.78,0.1855689,0.996786,0.0066,0.027557,True
TRIGGER,20-40,NEG,-8.536,0.2183942,0.996786,0.0066,0.027557,True
TRIGGER,20-40,NEG,-8.292,0.2514179,0.996786,0.0066,0.027557,True
TRIGGER,20-40,NEG,-8.048,0.284575,0.996786,0.0066,0.027557,True
TRIGGER,20-40,NEG,-7.804,0.317799,0.996786,0.0066,0.027557,True
TRIGGER,20-40,NEG,-7.56,0.3510219,0.996786,0.0066,0.027557,True
TRIGGER,20-40,NEG,-7.316,0.3841743,0.996786,0.0066,0.027557,True
TRIGGER,20-40,NEG,-7.072,0.4171861,0.996786,0.0066,0.027557,True
TRIGGER,20-40,NEG,-6.828,0.4499858,0.996786,0.0066,0.027557,True
TRIGGER,20-40,NEG,-6.584,0.4825014,0.996786,0.0066,0.027557,True
TRIGGER,20-40,NEG,-6.34,0.5146604,0.996786,0.0066,0.027557,True
TRIGGER,20-40,NEG,-6.096,0.5463895,0.996786,0.0066,0.027557,True
TRIGGER,20-40,NEG,-5.852,0.5776156,0.996786,0.0066,0.027557,True
TRIGGER,20-40,NEG,-5.608,0.6082652,0.996786,0.0066,0.027557,True
TRIGGER,20-40,NEG,-5.364,0.638265,0.996786,0.0066,0.027557,True
TRIGGER,20-40,NEG,-5.12,0.6675422,0.996786,0.0066,0.027557,True
TRIGGER,20-40,NEG,-4.876,0.6960243,0.996786,0.0066,0.027557,True
TRIGGER,20-40,NEG,-4.632,0.7236396,0.996786,0.0066,0.027557,True
TRIGGER,20-40,NEG,-4.388,0.7503172,0.996786,0.0066,0.027557,True
TRIGGER,20-40,NEG,-4.144,0.7759873,0.996786,0.0066,0.027557,True
TRIGGER,20-40,NEG,-3.9,0.8005814,0.996786,0.0066,0.027557,True
TRIGGER,20-40,NEG,-3.656,0.8240324,0.996786,0.0066,0.027557,True
TRIGGER,20-40,NEG,-3.412,0.846275,0.996786,0.0066,0.027557,True
TRIGGER,20-40,NEG,-3.168,0.8672455,0.996786,0.0066,0.027557,True
TRIGGER,20-40,NEG,-2.924,0.8868825,0.996786,0.0066,0.027557,True
TRIGGER,20-40,NEG,-2.68,0.9051266,0.996786,0.0066,0.027557,True
TRIGGER,20-40,NEG,-2.436,0.9219208,0.996786,0.0066,0.027557,True
TRIGGER,20-40,NEG,-2.192,0.9372107,0.996786,0.0066,0.027557,True
TRIGGER,20-40,NEG,-1.948,0.9509446,0.996786,0.0066,0.027557,True
TRIGGER,20-40,NEG,-1.704,0.9630737,0.996786,0.0066,0.027557,True
TRIGGER,20-40,NEG,-1.46,0.9735523,0.996786,0.0066,0.027557,True
TRIGGER,20-40,NEG,-1.216,0.9823377,0.996786,0.0066,0.027557,True
TRIGGER,20-40,NEG,-0.972,0.9893909,0.996786,0.0066,0.027557,True
TRIGGER,20-40,NEG,-0.728,0.994676,0.996786,0.0066,0.027557,True
TRIGGER,20-40,NEG,-0.484,0.9981608,0.996786,0.0066,0.027557,True
TRIGGER,20-40,NEG,-0.24,0.9998171,0.996786,0.0066,0.027557,True
TRIGGER,20-40,NEG,0.004,0.9996202,0.996786,0.0066,0.027557,True
TRIGGER,20-40,NEG,0.248,0.9975005,0.996786,0.0066,0.027557,True
TRIGGER,20-40,NEG,0.492,0.993564,0.996786,0.0066,0.027557,True
TRIGGER,20-40,NEG,0.736,0.9878399,0.996786,0.0066,0.027557,True
TRIGGER,20-40,NEG,0.98,0.9803611,0.996786,0.0066,0.027557,True
TRIGGER,20-40,NEG,1.224,0.9711639,0.996786,0.0066,0.027557,True
TRIGGER,20-40,NEG,1.468,0.9602882,0.996786,0.0066,0.027557,True
TRIGGER,20-40,NEG,1.712,0.947777,0.996786,0.0066,0.027557,True
TRIGGER,20-40,NEG,1.956,0.9336766,0.996786,0.0066,0.027557,True
TRIGGER,20-40,NEG,2.2,0.9180362,0.996786,0.0066,0.027557,True
TRIGGER,20-40,NEG,2.444,0.9009079,0.996786,0.0066,0.027557,True
TRIGGER,20-40,NEG,2.688,0.8823464,0.996786,0.0066,0.027557,True
TRIGGER,20-40,NEG,2.932,0.8624089,0.996786,0.0066,0.027557,True
TRIGGER,20-40,NEG,3.176,0.8411551,0.996786,0.0066,0.027557,True
TRIGGER,20-40,NEG,3.42,0.8186467,0.996786,0.0066,0.027557,True
TRIGGER,20-40,NEG,3.664,0.7949473,0.996786,0.0066,0.027557,True
TRIGGER,20-40,NEG,3.908,0.7701224,0.996786,0.0066,0.027557,True
TRIGGER,20-40,NEG,4.152,0.7442391,0.996786,0.0066,0.027557,True
TRIGGER,20-40,NEG,4.396,0.7173659,0.996786,0.0066,0.027557,True
TRIGGER,20-40,NEG,4.64,0.6895725,0.996786,0.0066,0.027557,True
TRIGGER,20-40,NEG,4.884,0.6609297,0.996786,0.0066,0.027557,True
TRIGGER,20-40,NEG,5.128,0.631509,0.996786,0.0066,0.027557,True
TRIGGER,20-40,NEG,5.372,0.6013826,0.996786,0.0066,0.027557,True
TRIGGER,20-40,NEG,5.616,0.5706233,0.996786,0.0066,0.027557,True
TRIGGER,20-40,NEG,5.86,0.539304,0.996786,0.0066,0.027557,True
TRIGGER,20-40,NEG,6.104,0.5074978,0.996786,0.0066,0.027557,True
TRIGGER,20-40,NEG,6.348,0.4752776,0.996786,0.0066,0.027557,True
TRIGGER,20-40,NEG,6.592,0.4427162,0.996786,0.0066,0.027557,True
TRIGGER,20-40,NEG,6.836,0.4098857,0.996786,0.0066,0.027557,True
TRIGGER,20-40,NEG,7.08,0.3768577,0.996786,0.0066,0.027557,True
TRIGGER,20-40,NEG,7.324,0.3437031,0.996786,0.0066,0.027557,True
TRIGGER,20-40,NEG,7.568,0.3104917,0.996786,0.0066,0.027557,True
TRIGGER,20-40,NEG,7.812,0.2772922,0.996786,0.0066,0.027557,True
TRIGGER,20-40,NEG,8.056,0.2441721,0.996786,0.0066,0.027557,True
TRIGGER,20-40,NEG,8.3,0.2111974,0.996786,0.0066,0.027557,True
TRIGGER,20-40,NEG,8.544,0.1784325,0.996786,0.0066,0.027557,True
TRIGGER,20-40,NEG,8.788,0.1459403,0.996786,0.0066,0.027557,True
TRIGGER,20-40,NEG,9.032,0.1137816,0.996786,0.0066,0.027557,True
TRIGGER,20-40,NEG,9.276,0.0820155,0.996786,0.0066,0.027557,True
TRIGGER,20-40,NEG,9.52,0.0506989,0.996786,0.0066,0.027557,True
TRIGGER,20-40,NEG,9.764,0.0198866,0.996786,0.0066,0.027557,True
TRIGGER,20-40,NEG,10.008,-0.010369,0.996786,0.0066,0.027557,True
TRIGGER,40-80,POS,-50.0,-0.0692114,0.994861,2.78956,0.026445,False
TRIGGER,40-80,POS,-49.0,-0.0758651,0.994861,2.78956,0.026445,False
TRIGGER,40-80,POS,-48.0,-0.0783075,0.994861,2.78956,0.026445,False
TRIGGER,40-80,POS,-47.0,-0.0768058,0.994861,2.78956,0.026445,False
TRIGGER,40-80,POS,-46.0,-0.0700014,0.994861,2.78956,0.026445,False
TRIGGER,40-80,POS,-45.0,-0.0610486,0.994861,2.78956,0.026445,False
TRIGGER,40-80,POS,-44.0,-0.0491529,0.994861,2.78956,0.026445,False
TRIGGER,40-80,POS,-43.0,-0.0342467,0.994861,2.78956,0.026445,False
TRIGGER,40-80,POS,-42.0,-0.016131,0.994861,2.78956,0.026445,False
TRIGGER,40-80,POS,-41.0,0.0053358,0.994861,2.78956,0.026445,False
TRIGGER,40-80,POS,-40.0,0.0299818,0.994861,2.78956,0.026445,False
TRIGGER,40-80,POS,-39.0,0.0570635,0.994861,2.78956,0.026445,False
TRIGGER,40-80,POS,-38.0,0.0850789,0.994861,2.78956,0.026445,False
TRIGGER,40-80,POS,-37.0,0.1117246,0.994861,2.78956,0.026445,False
TRIGGER,40-80,POS,-36.0,0.1385618,0.994861,2.78956,0.026445,False
TRIGGER,40-80,POS,-35.0,0.1508835,0.994861,2.78956,0.026445,False
TRIGGER,40-80,POS,-34.0,0.1518703,0.994861,2.78956,0.026445,False
TRIGGER,40-80,POS,-33.0,0.1395196,0.994861,2.78956,0.026445,False
TRIGGER,40-80,POS,-32.0,0.1132729,0.994861,2.78956,0.026445,False
TRIGGER,40-80,POS,-31.0,0.074341,0.994861,2.78956,0.026445,False
TRIGGER,40-80,POS,-30.0,0.0257375,0.994861,2.78956,0.026445,False
TRIGGER,40-80,POS,-29.0,-0.0280227,0.994861,2.78956,0.026445,False
TRIGGER,40-80,POS,-28.0,-0.0815376,0.994861,2.78956,0.026445,False
TRIGGER,40-80,POS,-27.0,-0.1293471,0.994861,2.78956,0.026445,False
TRIGGER,40-80,POS,-26.0,-0.174173,0.994861,2.78956,0.026445,False
TRIGGER,40-80,POS,-25.0,-0.1946772,0.994861,2.78956,0.026445,False
TRIGGER,40-80,POS,-24.0,-0.2008724,0.994861,2.78956,0.026445,False
TRIGGER,40-80,POS,-23.0,-0.1942752,0.994861,2.78956,0.026445,False
TRIGGER,40-80,POS,-22.0,-0.1778438,0.994861,2.78956,0.026445,False
TRIGGER,40-80,POS,-21.0,-0.1550737,0.994861,2.78956,0.026445,False
TRIGGER,40-80,POS,-20.0,-0.1289408,0.994861,2.78956,0.026445,False
TRIGGER,40-80,POS,-19.0,-0.1009546,0.994861,2.78956,0.026445,False
TRIGGER,40-80,POS,-18.0,-0.0705929,0.994861,2.78956,0.026445,False
TRIGGER,40-80,POS,-17.0,-0.0353259,0.994861,2.78956,0.026445,False
TRIGGER,40-80,POS,-16.0,0.0086802,0.994861,2.78956,0.026445,False
TRIGGER,40-80,POS,-15.0,0.0816721,0.994861,2.78956,0.026445,False
TRIGGER,40-80,POS,-14.0,0.1566031,0.994861,2.78956,0.026445,False
TRIGGER,40-80,POS,-13.0,0.2440419,0.994861,2.78956,0.026445,False
TRIGGER,40-80,POS,-12.0,0.3369589,0.994861,2.78956,0.026445,False
TRIGGER,40-80,POS,-11.0,0.4234752,0.994861,2.78956,0.026445,False
TRIGGER,40-80,POS,-10.0,0.487954,0.994861,2.78956,0.026445,True
TRIGGER,40-80,POS,-9.0,0.5132719,0.994861,2.78956,0.026445,True
TRIGGER,40-80,POS,-8.0,0.4839917,0.994861,2.78956,0.026445,True
TRIGGER,40-80,POS,-7.0,0.389911,0.994861,2.78956,0.026445,True
TRIGGER,40-80,POS,-6.0,0.2292876,0.994861,2.78956,0.026445,True
TRIGGER,40-80,POS,-5.0,-0.0504663,0.994861,2.78956,0.026445,True
TRIGGER,40-80,POS,-4.0,-0.311542,0.994861,2.78956,0.026445,True
TRIGGER,40-80,POS,-3.0,-0.5722772,0.994861,2.78956,0.026445,True
TRIGGER,40-80,POS,-2.0,-0.7964612,0.994861,2.78956,0.026445,True
TRIGGER,40-80,POS,-1.0,-0.9485491,0.994861,2.78956,0.026445,True
TRIGGER,40-80,POS,0.0,-0.9996503,0.994861,2.78956,0.026445,True
TRIGGER,40-80,POS,1.0,-0.9371611,0.994861,2.78956,0.026445,True
TRIGGER,40-80,POS,2.0,-0.7762282,0.994861,2.78956,0.026445,True
TRIGGER,40-80,POS,3.0,-0.5462719,0.994861,2.78956,0.026445,True
TRIGGER,40-80,POS,4.0,-0.2829213,0.994861,2.78956,0.026445,True
TRIGGER,40-80,POS,5.0,-0.0220906,0.994861,2.78956,0.026445,True
TRIGGER,40-80,POS,6.0,0.2542109,0.994861,2.78956,0.026445,True
TRIGGER,40-80,POS,7.0,0.410418,0.994861,2.78956,0.026445,True
TRIGGER,40-80,POS,8.0,0.4993727,0.994861,2.78956,0.026445,True
TRIGGER,40-80,POS,9.0,0.5234081,0.994861,2.78956,0.026445,True
TRIGGER,40-80,POS,10.0,0.4931558,0.994861,2.78956,0.026445,True
TRIGGER,40-80,POS,11.0,0.4243086,0.994861,2.78956,0.026445,False
TRIGGER,40-80,POS,12.0,0.3340955,0.994861,2.78956,0.026445,False
TRIGGER,40-80,POS,13.0,0.2381529,0.994861,2.78956,0.026445,False
TRIGGER,40-80,POS,14.0,0.1483072,0.994861,2.78956,0.026445,False
TRIGGER,40-80,POS,15.0,0.07153,0.994861,2.78956,0.026445,False
TRIGGER,40-80,POS,16.0,-0.0030255,0.994861,2.78956,0.026445,False
TRIGGER,40-80,POS,17.0,-0.0476731,0.994861,2.78956,0.026445,False
TRIGGER,40-80,POS,18.0,-0.082995,0.994861,2.78956,0.026445,False
TRIGGER,40-80,POS,19.0,-0.1127791,0.994861,2.78956,0.026445,False
TRIGGER,40-80,POS,20.0,-0.139535,0.994861,2.78956,0.026445,False
TRIGGER,40-80,POS,21.0,-0.1638142,0.994861,2.78956,0.026445,False
TRIGGER,40-80,POS,22.0,-0.1842003,0.994861,2.78956,0.026445,False
TRIGGER,40-80,POS,23.0,-0.197875,0.994861,2.78956,0.026445,False
TRIGGER,40-80,POS,24.0,-0.2015502,0.994861,2.78956,0.026445,False
TRIGGER,40-80,POS,25.0,-0.1925015,0.994861,2.78956,0.026445,False
TRIGGER,40-80,POS,26.0,-0.1694418,0.994861,2.78956,0.026445,False
TRIGGER,40-80,POS,27.0,-0.1221346,0.994861,2.78956,0.026445,False
TRIGGER,40-80,POS,28.0,-0.0730697,0.994861,2.78956,0.026445,False
TRIGGER,40-80,POS,29.0,-0.019007,0.994861,2.78956,0.026445,False
TRIGGER,40-80,POS,30.0,0.0346154,0.994861,2.78956,0.026445,False
TRIGGER,40-80,POS,31.0,0.0824792,0.994861,2.78956,0.026445,False
TRIGGER,40-80,POS,32.0,0.1201968,0.994861,2.78956,0.026445,False
TRIGGER,40-80,POS,33.0,0.1449043,0.994861,2.78956,0.026445,False
TRIGGER,40-80,POS,34.0,0.1555427,0.994861,2.78956,0.026445,False
TRIGGER,40-80,POS,35.0,0.1528079,0.994861,2.78956,0.026445,False
TRIGGER,40-80,POS,36.0,0.1388152,0.994861,2.78956,0.026445,False
TRIGGER,40-80,POS,37.0,0.110122,0.994861,2.78956,0.026445,False
TRIGGER,40-80,POS,38.0,0.0822421,0.994861,2.78956,0.026445,False
TRIGGER,40-80,POS,39.0,0.0532477,0.994861,2.78956,0.026445,False
TRIGGER,40-80,POS,40.0,0.0254569,0.994861,2.78956,0.026445,False
TRIGGER,40-80,POS,41.0,0.0003772,0.994861,2.78956,0.026445,False
TRIGGER,40-80,POS,42.0,-0.021247,0.994861,2.78956,0.026445,False
TRIGGER,40-80,POS,43.0,-0.0392483,0.994861,2.78956,0.026445,False
TRIGGER,40-80,POS,44.0,-0.0537788,0.994861,2.78956,0.026445,False
TRIGGER,40-80,POS,45.0,-0.0650579,0.994861,2.78956,0.026445,False
TRIGGER,40-80,POS,46.0,-0.0731857,0.994861,2.78956,0.026445,False
TRIGGER,40-80,POS,47.0,-0.0787386,0.994861,2.78956,0.026445,False
TRIGGER,40-80,POS,48.0,-0.0791382,0.994861,2.78956,0.026445,False
TRIGGER,40-80,POS,49.0,-0.0755813,0.994861,2.78956,0.026445,False
TRIGGER,40-80,POS,50.0,-0.0678764,0.994861,2.78956,0.026445,False
TRIGGER,40-80,NEG,-10.0,-0.487954,0.994861,0.01452,0.026445,True
TRIGGER,40-80,NEG,-9.756,-0.4986137,0.994861,0.01452,0.026445,True
TRIGGER,40-80,NEG,-9.512,-0.5065537,0.994861,0.01452,0.026445,True
TRIGGER,40-80,NEG,-9.268,-0.5115201,0.994861,0.01452,0.026445,True
TRIGGER,40-80,NEG,-9.024,-0.5132719,0.994861,0.01452,0.026445,True
TRIGGER,40-80,NEG,-8.78,-0.5115856,0.994861,0.01452,0.026445,True
TRIGGER,40-80,NEG,-8.536,-0.5062581,0.994861,0.01452,0.026445,True
TRIGGER,40-80,NEG,-8.292,-0.4971106,0.994861,0.01452,0.026445,True
TRIGGER,40-80,NEG,-8.048,-0.4839917,0.994861,0.01452,0.026445,True
TRIGGER,40-80,NEG,-7.804,-0.4667808,0.994861,0.01452,0.026445,True
TRIGGER,40-80,NEG,-7.56,-0.4453909,0.994861,0.01452,0.026445,True
TRIGGER,40-80,NEG,-7.316,-0.4197715,0.994861,0.01452,0.026445,True
TRIGGER,40-80,NEG,-7.072,-0.389911,0.994861,0.01452,0.026445,True
TRIGGER,40-80,NEG,-6.828,-0.3558386,0.994861,0.01452,0.026445,True
TRIGGER,40-80,NEG,-6.584,-0.3176261,0.994861,0.01452,0.026445,True
TRIGGER,40-80,NEG,-6.34,-0.275389,0.994861,0.01452,0.026445,True
TRIGGER,40-80,NEG,-6.096,-0.2292876,0.994861,0.01452,0.026445,True
TRIGGER,40-80,NEG,-5.852,-0.1795267,0.994861,0.01452,0.026445,True
TRIGGER,40-80,NEG,-5.608,-0.1263562,0.994861,0.01452,0.026445,True
TRIGGER,40-80,NEG,-5.364,-0.0700695,0.994861,0.01452,0.026445,True
TRIGGER,40-80,NEG,-5.12,-0.011003,0.994861,0.01452,0.026445,True
TRIGGER,40-80,NEG,-4.876,0.0504663,0.994861,0.01452,0.026445,True
TRIGGER,40-80,NEG,-4.632,0.1139226,0.994861,0.01452,0.026445,True
TRIGGER,40-80,NEG,-4.388,0.1789146,0.994861,0.01452,0.026445,True
TRIGGER,40-80,NEG,-4.144,0.2449585,0.994861,0.01452,0.026445,True
TRIGGER,40-80,NEG,-3.9,0.311542,0.994861,0.01452,0.026445,True
TRIGGER,40-80,NEG,-3.656,0.3781285,0.994861,0.01452,0.026445,True
TRIGGER,40-80,NEG,-3.412,0.4441619,0.994861,0.01452,0.026445,True
TRIGGER,40-80,NEG,-3.168,0.5090714,0.994861,0.01452,0.026445,True
TRIGGER,40-80,NEG,-2.924,0.5722772,0.994861,0.01452,0.026445,True
TRIGGER,40-80,NEG,-2.68,0.6331955,0.994861,0.01452,0.026445,True
TRIGGER,40-80,NEG,-2.436,0.6912453,0.994861,0.01452,0.026445,True
TRIGGER,40-80,NEG,-2.192,0.7458535,0.994861,0.01452,0.026445,True
TRIGGER,40-80,NEG,-1.948,0.7964612,0.994861,0.01452,0.026445,True
TRIGGER,40-80,NEG,-1.704,0.8425301,0.994861,0.01452,0.026445,True
TRIGGER,40-80,NEG,-1.46,0.883548,0.994861,0.01452,0.026445,True
TRIGGER,40-80,NEG,-1.216,0.919035,0.994861,0.01452,0.026445,True
TRIGGER,40-80,NEG,-0.972,0.9485491,0.994861,0.01452,0.026445,True
TRIGGER,40-80,NEG,-0.728,0.9716913,0.994861,0.01452,0.026445,True
TRIGGER,40-80,NEG,-0.484,0.9881112,0.994861,0.01452,0.026445,True
TRIGGER,40-80,NEG,-0.24,0.997511,0.994861,0.01452,0.026445,True
TRIGGER,40-80,NEG,0.004,0.9996503,0.994861,0.01452,0.026445,True
TRIGGER,40-80,NEG,0.248,0.9944718,0.994861,0.01452,0.026445,True
TRIGGER,40-80,NEG,0.492,0.9821504,0.994861,0.01452,0.026445,True
TRIGGER,40-80,NEG,0.736,0.9629428,0.994861,0.01452,0.026445,True
TRIGGER,40-80,NEG,0.98,0.9371611,0.994861,0.01452,0.026445,True
TRIGGER,40-80,NEG,1.224,0.9051688,0.994861,0.01452,0.026445,True
TRIGGER,40-80,NEG,1.468,0.8673757,0.994861,0.01452,0.026445,True
TRIGGER,40-80,NEG,1.712,0.8242331,0.994861,0.01452,0.026445,True
TRIGGER,40-80,NEG,1.956,0.7762282,0.994861,0.01452,0.026445,True
TRIGGER,40-80,NEG,2.2,0.7238787,0.994861,0.01452,0.026445,True
TRIGGER,40-80,NEG,2.444,0.6677269,0.994861,0.01452,0.026445,True
TRIGGER,40-80,NEG,2.688,0.6083335,0.994861,0.01452,0.026445,True
TRIGGER,40-80,NEG,2.932,0.5462719,0.994861,0.01452,0.026445,True
TRIGGER,40-80,NEG,3.176,0.4821222,0.994861,0.01452,0.026445,True
TRIGGER,40-80,NEG,3.42,0.4164651,0.994861,0.01452,0.026445,True
TRIGGER,40-80,NEG,3.664,0.3498764,0.994861,0.01452,0.026445,True
TRIGGER,40-80,NEG,3.908,0.2829213,0.994861,0.01452,0.026445,True
TRIGGER,40-80,NEG,4.152,0.2161493,0.994861,0.01452,0.026445,True
TRIGGER,40-80,NEG,4.396,0.1500894,0.994861,0.01452,0.026445,True
TRIGGER,40-80,NEG,4.64,0.085245,0.994861,0.01452,0.026445,True
TRIGGER,40-80,NEG,4.884,0.0220906,0.994861,0.01452,0.026445,True
TRIGGER,40-80,NEG,5.128,-0.0389327,0.994861,0.01452,0.026445,True
TRIGGER,40-80,NEG,5.372,-0.0974198,0.994861,0.01452,0.026445,True
TRIGGER,40-80,NEG,5.616,-0.1530047,0.994861,0.01452,0.026445,True
TRIGGER,40-80,NEG,5.86,-0.2053624,0.994861,0.01452,0.026445,True
TRIGGER,40-80,NEG,6.104,-0.2542109,0.994861,0.01452,0.026445,True
TRIGGER,40-80,NEG,6.348,-0.299312,0.994861,0.01452,0.026445,True
TRIGGER,40-80,NEG,6.592,-0.3404721,0.994861,0.01452,0.026445,True
TRIGGER,40-80,NEG,6.836,-0.3775423,0.994861,0.01452,0.026445,True
TRIGGER,40-80,NEG,7.08,-0.410418,0.994861,0.01452,0.026445,True
TRIGGER,40-80,NEG,7.324,-0.4390381,0.994861,0.01452,0.026445,True
TRIGGER,40-80,NEG,7.568,-0.4633833,0.994861,0.01452,0.026445,True
TRIGGER,40-80,NEG,7.812,-0.483475,0.994861,0.01452,0.026445,True
TRIGGER,40-80,NEG,8.056,-0.4993727,0.994861,0.01452,0.026445,True
TRIGGER,40-80,NEG,8.3,-0.5111718,0.994861,0.01452,0.026445,True
TRIGGER,40-80,NEG,8.544,-0.5190006,0.994861,0.01452,0.026445,True
TRIGGER,40-80,NEG,8.788,-0.5230177,0.994861,0.01452,0.026445,True
TRIGGER,40-80,NEG,9.032,-0.5234081,0.994861,0.01452,0.026445,True
TRIGGER,40-80,NEG,9.276,-0.5203807,0.994861,0.01452,0.026445,True
TRIGGER,40-80,NEG,9.52,-0.514164,0.994861,0.01452,0.026445,True
TRIGGER,40-80,NEG,9.764,-0.5050031,0.994861,0.01452,0.026445,True
TRIGGER,40-80,NEG,10.008,-0.4931558,0.994861,0.01452,0.026445,True
TRIGGER,80-120,POS,-50.0,-0.0428551,0.964449,0.00667,0.027633,False
TRIGGER,80-120,POS,-49.0,-0.0452871,0.964449,0.00667,0.027633,False
TRIGGER,80-120,POS,-48.0,-0.0372007,0.964449,0.00667,0.027633,False
TRIGGER,80-120,POS,-47.0,-0.0225627,0.964449,0.00667,0.027633,False
TRIGGER,80-120,POS,-46.0,-0.001648,0.964449,0.00667,0.027633,False
TRIGGER,80-120,POS,-45.0,0.0139285,0.964449,0.00667,0.027633,False
TRIGGER,80-120,POS,-44.0,0.0277908,0.964449,0.00667,0.027633,False
TRIGGER,80-120,POS,-43.0,0.0399392,0.964449,0.00667,0.027633,False
TRIGGER,80-120,POS,-42.0,0.0490159,0.964449,0.00667,0.027633,False
TRIGGER,80-120,POS,-41.0,0.0513465,0.964449,0.00667,0.027633,False
TRIGGER,80-120,POS,-40.0,0.0419361,0.964449,0.00667,0.027633,False
TRIGGER,80-120,POS,-39.0,0.0173595,0.964449,0.00667,0.027633,False
TRIGGER,80-120,POS,-38.0,-0.0207851,0.964449,0.00667,0.027633,False
TRIGGER,80-120,POS,-37.0,-0.0639126,0.964449,0.00667,0.027633,False
TRIGGER,80-120,POS,-36.0,-0.1028173,0.964449,0.00667,0.027633,False
TRIGGER,80-120,POS,-35.0,-0.1039455,0.964449,0.00667,0.027633,False
TRIGGER,80-120,POS,-34.0,-0.0701831,0.964449,0.00667,0.027633,False
TRIGGER,80-120,POS,-33.0,-0.0068713,0.964449,0.00667,0.027633,False
TRIGGER,80-120,POS,-32.0,0.067942,0.964449,0.00667,0.027633,False
TRIGGER,80-120,POS,-31.0,0.1288969,0.964449,0.00667,0.027633,False
TRIGGER,80-120,POS,-30.0,0.1527963,0.964449,0.00667,0.027633,False
TRIGGER,80-120,POS,-29.0,0.1283293,0.964449,0.00667,0.027633,False
TRIGGER,80-120,POS,-28.0,0.0616175,0.964449,0.00667,0.027633,False
TRIGGER,80-120,POS,-27.0,-0.0253259,0.964449,0.00667,0.027633,False
TRIGGER,80-120,POS,-26.0,-0.117803,0.964449,0.00667,0.027633,False
TRIGGER,80-120,POS,-25.0,-0.1501576,0.964449,0.00667,0.027633,False
TRIGGER,80-120,POS,-24.0,-0.1373575,0.964449,0.00667,0.027633,False
TRIGGER,80-120,POS,-23.0,-0.0900239,0.964449,0.00667,0.027633,False
TRIGGER,80-120,POS,-22.0,-0.02927,0.964449,0.00667,0.027633,False
TRIGGER,80-120,POS,-21.0,0.0243451,0.964449,0.00667,0.027633,False
TRIGGER,80-120,POS,-20.0,0.0604564,0.964449,0.00667,0.027633,False
TRIGGER,80-120,POS,-19.0,0.0818462,0.964449,0.00667,0.027633,False
TRIGGER,80-120,POS,-18.0,0.0989586,0.964449,0.00667,0.027633,False
TRIGGER,80-120,POS,-17.0,0.1190452,0.964449,0.00667,0.027633,False
TRIGGER,80-120,POS,-16.0,0.1365881,0.964449,0.00667,0.027633,False
TRIGGER,80-120,POS,-15.0,0.1240834,0.964449,0.00667,0.027633,False
TRIGGER,80-120,POS,-14.0,0.0577954,0.964449,0.00667,0.027633,False
TRIGGER,80-120,POS,-13.0,-0.0667481,0.964449,0.00667,0.027633,False
TRIGGER,80-120,POS,-12.0,-0.2249591,0.964449,0.00667,0.027633,False
TRIGGER,80-120,POS,-11.0,-0.3608827,0.964449,0.00667,0.027633,False
TRIGGER,80-120,POS,-10.0,-0.4048663,0.964449,0.00667,0.027633,True
TRIGGER,80-120,POS,-9.0,-0.3047466,0.964449,0.00667,0.027633,True
TRIGGER,80-120,POS,-8.0,-0.0575276,0.964449,0.00667,0.027633,True
TRIGGER,80-120,POS,-7.0,0.2747542,0.964449,0.00667,0.027633,True
TRIGGER,80-120,POS,-6.0,0.5767362,0.964449,0.00667,0.027633,True
TRIGGER,80-120,POS,-5.0,0.7180937,0.964449,0.00667,0.027633,True
TRIGGER,80-120,POS,-4.0,0.5465777,0.964449,0.00667,0.027633,True
TRIGGER,80-120,POS,-3.0,0.1413078,0.964449,0.00667,0.027633,True
TRIGGER,80-120,POS,-2.0,-0.3741758,0.964449,0.00667,0.027633,True
TRIGGER,80-120,POS,-1.0,-0.8140879,0.964449,0.00667,0.027633,True
TRIGGER,80-120,POS,0.0,-0.9996181,0.964449,0.00667,0.027633,True
TRIGGER,80-120,POS,1.0,-0.8388909,0.964449,0.00667,0.027633,True
TRIGGER,80-120,POS,2.0,-0.4116997,0.964449,0.00667,0.027633,True
TRIGGER,80-120,POS,3.0,0.1062308,0.964449,0.00667,0.027633,True
TRIGGER,80-120,POS,4.0,0.5260034,0.964449,0.00667,0.027633,True
TRIGGER,80-120,POS,5.0,0.7168196,0.964449,0.00667,0.027633,True
TRIGGER,80-120,POS,6.0,0.5944421,0.964449,0.00667,0.027633,True
TRIGGER,80-120,POS,7.0,0.2976101,0.964449,0.00667,0.027633,True
TRIGGER,80-120,POS,8.0,-0.0387421,0.964449,0.00667,0.027633,True
TRIGGER,80-120,POS,9.0,-0.2956493,0.964449,0.00667,0.027633,True
TRIGGER,80-120,POS,10.0,-0.4060288,0.964449,0.00667,0.027633,True
TRIGGER,80-120,POS,11.0,-0.3687681,0.964449,0.00667,0.027633,False
TRIGGER,80-120,POS,12.0,-0.2343968,0.964449,0.00667,0.027633,False
TRIGGER,80-120,POS,13.0,-0.0735683,0.964449,0.00667,0.027633,False
TRIGGER,80-120,POS,14.0,0.0551765,0.964449,0.00667,0.027633,False
TRIGGER,80-120,POS,15.0,0.1246485,0.964449,0.00667,0.027633,False
TRIGGER,80-120,POS,16.0,0.1378137,0.964449,0.00667,0.027633,False
TRIGGER,80-120,POS,17.0,0.1187483,0.964449,0.00667,0.027633,False
TRIGGER,80-120,POS,18.0,0.0970324,0.964449,0.00667,0.027633,False
TRIGGER,80-120,POS,19.0,0.0796905,0.964449,0.00667,0.027633,False
TRIGGER,80-120,POS,20.0,0.059988,0.964449,0.00667,0.027633,False
TRIGGER,80-120,POS,21.0,0.0267676,0.964449,0.00667,0.027633,False
TRIGGER,80-120,POS,22.0,-0.024255,0.964449,0.00667,0.027633,False
TRIGGER,80-120,POS,23.0,-0.0841711,0.964449,0.00667,0.027633,False
TRIGGER,80-120,POS,24.0,-0.1330596,0.964449,0.00667,0.027633,False
TRIGGER,80-120,POS,25.0,-0.1493009,0.964449,0.00667,0.027633,False
TRIGGER,80-120,POS,26.0,-0.1208745,0.964449,0.00667,0.027633,False
TRIGGER,80-120,POS,27.0,-0.031564,0.964449,0.00667,0.027633,False
TRIGGER,80-120,POS,28.0,0.0554395,0.964449,0.00667,0.027633,False
TRIGGER,80-120,POS,29.0,0.1244336,0.964449,0.00667,0.027633,False
TRIGGER,80-120,POS,30.0,0.152369,0.964449,0.00667,0.027633,False
TRIGGER,80-120,POS,31.0,0.1317075,0.964449,0.00667,0.027633,False
TRIGGER,80-120,POS,32.0,0.0725907,0.964449,0.00667,0.027633,False
TRIGGER,80-120,POS,33.0,-0.0022544,0.964449,0.00667,0.027633,False
TRIGGER,80-120,POS,34.0,-0.067142,0.964449,0.00667,0.027633,False
TRIGGER,80-120,POS,35.0,-0.103157,0.964449,0.00667,0.027633,False
TRIGGER,80-120,POS,36.0,-0.1039978,0.964449,0.00667,0.027633,False
TRIGGER,80-120,POS,37.0,-0.0662295,0.964449,0.00667,0.027633,False
TRIGGER,80-120,POS,38.0,-0.0228839,0.964449,0.00667,0.027633,False
TRIGGER,80-120,POS,39.0,0.0160561,0.964449,0.00667,0.027633,False
TRIGGER,80-120,POS,40.0,0.0414694,0.964449,0.00667,0.027633,False
TRIGGER,80-120,POS,41.0,0.0513822,0.964449,0.00667,0.027633,False
TRIGGER,80-120,POS,42.0,0.0491492,0.964449,0.00667,0.027633,False
TRIGGER,80-120,POS,43.0,0.0399606,0.964449,0.00667,0.027633,False
TRIGGER,80-120,POS,44.0,0.027779,0.964449,0.00667,0.027633,False
TRIGGER,80-120,POS,45.0,0.0141458,0.964449,0.00667,0.027633,False
TRIGGER,80-120,POS,46.0,-0.0009732,0.964449,0.00667,0.027633,False
TRIGGER,80-120,POS,47.0,-0.0213522,0.964449,0.00667,0.027633,False
TRIGGER,80-120,POS,48.0,-0.0359319,0.964449,0.00667,0.027633,False
TRIGGER,80-120,POS,49.0,-0.0444451,0.964449,0.00667,0.027633,False
TRIGGER,80-120,POS,50.0,-0.0428299,0.964449,0.00667,0.027633,False
TRIGGER,80-120,NEG,-10.0,0.4048663,0.964449,0.00667,0.027633,True
TRIGGER,80-120,NEG,-9.756,0.3945069,0.964449,0.00667,0.027633,True
TRIGGER,80-120,NEG,-9.512,0.3744601,0.964449,0.00667,0.027633,True
TRIGGER,80-120,NEG,-9.268,0.3445242,0.964449,0.00667,0.027633,True
TRIGGER,80-120,NEG,-9.024,0.3047466,0.964449,0.00667,0.027633,True
TRIGGER,80-120,NEG,-8.78,0.2554389,0.964449,0.00667,0.027633,True
TRIGGER,80-120,NEG,-8.536,0.1971846,0.964449,0.00667,0.027633,True
TRIGGER,80-120,NEG,-8.292,0.1308402,0.964449,0.00667,0.027633,True
TRIGGER,80-120,NEG,-8.048,0.0575276,0.964449,0.00667,0.027633,True
TRIGGER,80-120,NEG,-7.804,-0.0213812,0.964449,0.00667,0.027633,True
TRIGGER,80-120,NEG,-7.56,-0.1042874,0.964449,0.00667,0.027633,True
TRIGGER,80-120,NEG,-7.316,-0.1893959,0.964449,0.00667,0.027633,True
TRIGGER,80-120,NEG,-7.072,-0.2747542,0.964449,0.00667,0.027633,True
TRIGGER,80-120,NEG,-6.828,-0.3582961,0.964449,0.00667,0.027633,True
TRIGGER,80-120,NEG,-6.584,-0.4378919,0.964449,0.00667,0.027633,True
TRIGGER,80-120,NEG,-6.34,-0.5114025,0.964449,0.00667,0.027633,True
TRIGGER,80-120,NEG,-6.096,-0.5767362,0.964449,0.00667,0.027633,True
TRIGGER,80-120,NEG,-5.852,-0.6319066,0.964449,0.00667,0.027633,True
TRIGGER,80-120,NEG,-5.608,-0.6750908,0.964449,0.00667,0.027633,True
TRIGGER,80-120,NEG,-5.364,-0.704685,0.964449,0.00667,0.027633,True
TRIGGER,80-120,NEG,-5.12,-0.7193572,0.964449,0.00667,0.027633,True
TRIGGER,80-120,NEG,-4.876,-0.7180937,0.964449,0.00667,0.027633,True
TRIGGER,80-120,NEG,-4.632,-0.7002397,0.964449,0.00667,0.027633,True
TRIGGER,80-120,NEG,-4.388,-0.6655315,0.964449,0.00667,0.027633,True
TRIGGER,80-120,NEG,-4.144,-0.6141189,0.964449,0.00667,0.027633,True
TRIGGER,80-120,NEG,-3.9,-0.5465777,0.964449,0.00667,0.027633,True
TRIGGER,80-120,NEG,-3.656,-0.4639112,0.964449,0.00667,0.027633,True
TRIGGER,80-120,NEG,-3.412,-0.3675397,0.964449,0.00667,0.027633,True
TRIGGER,80-120,NEG,-3.168,-0.2592792,0.964449,0.00667,0.027633,True
TRIGGER,80-120,NEG,-2.924,-0.1413078,0.964449,0.00667,0.027633,True
TRIGGER,80-120,NEG,-2.68,-0.0161219,0.964449,0.00667,0.027633,True
TRIGGER,80-120,NEG,-2.436,0.1135177,0.964449,0.00667,0.027633,True
TRIGGER,80-120,NEG,-2.192,0.2446483,0.964449,0.00667,0.027633,True
TRIGGER,80-120,NEG,-1.948,0.3741758,0.964449,0.00667,0.027633,True
TRIGGER,80-120,NEG,-1.704,0.49895,0.964449,0.00667,0.027633,True
TRIGGER,80-120,NEG,-1.46,0.6158442,0.964449,0.00667,0.027633,True
TRIGGER,80-120,NEG,-1.216,0.721836,0.964449,0.00667,0.027633,True
TRIGGER,80-120,NEG,-0.972,0.8140879,0.964449,0.00667,0.027633,True
TRIGGER,80-120,NEG,-0.728,0.8900251,0.964449,0.00667,0.027633,True
TRIGGER,80-120,NEG,-0.484,0.9474082,0.964449,0.00667,0.027633,True
TRIGGER,80-120,NEG,-0.24,0.9843992,0.964449,0.00667,0.027633,True
TRIGGER,80-120,NEG,0.004,0.9996181,0.964449,0.00667,0.027633,True
TRIGGER,80-120,NEG,0.248,0.9913284,0.964449,0.00667,0.027633,True
TRIGGER,80-120,NEG,0.492,0.9608793,0.964449,0.00667,0.027633,True
TRIGGER,80-120,NEG,0.736,0.9094986,0.964449,0.00667,0.027633,True
TRIGGER,80-120,NEG,0.98,0.8388909,0.964449,0.00667,0.027633,True
TRIGGER,80-120,NEG,1.224,0.7511837,0.964449,0.00667,0.027633,True
TRIGGER,80-120,NEG,1.468,0.6488641,0.964449,0.00667,0.027633,True
TRIGGER,80-120,NEG,1.712,0.5347072,0.964449,0.00667,0.027633,True
TRIGGER,80-120,NEG,1.956,0.4116997,0.964449,0.00667,0.027633,True
TRIGGER,80-120,NEG,2.2,0.2829588,0.964449,0.00667,0.027633,True
TRIGGER,80-120,NEG,2.444,0.1516514,0.964449,0.00667,0.027633,True
TRIGGER,80-120,NEG,2.688,0.0209128,0.964449,0.00667,0.027633,True
TRIGGER,80-120,NEG,2.932,-0.1062308,0.964449,0.00667,0.027633,True
TRIGGER,80-120,NEG,3.176,-0.2269345,0.964449,0.00667,0.027633,True
TRIGGER,80-120,NEG,3.42,-0.3386011,0.964449,0.00667,0.027633,True
TRIGGER,80-120,NEG,3.664,-0.4389376,0.964449,0.00667,0.027633,True
TRIGGER,80-120,NEG,3.908,-0.5260034,0.964449,0.00667,0.027633,True
TRIGGER,80-120,NEG,4.152,-0.5982469,0.964449,0.00667,0.027633,True
TRIGGER,80-120,NEG,4.396,-0.6545312,0.964449,0.00667,0.027633,True
TRIGGER,80-120,NEG,4.64,-0.6941479,0.964449,0.00667,0.027633,True
TRIGGER,80-120,NEG,4.884,-0.7168196,0.964449,0.00667,0.027633,True
TRIGGER,80-120,NEG,5.128,-0.7226905,0.964449,0.00667,0.027633,True
TRIGGER,80-120,NEG,5.372,-0.712307,0.964449,0.00667,0.027633,True
TRIGGER,80-120,NEG,5.616,-0.6865878,0.964449,0.00667,0.027633,True
TRIGGER,80-120,NEG,5.86,-0.6467856,0.964449,0.00667,0.027633,True
TRIGGER,80-120,NEG,6.104,-0.5944421,0.964449,0.00667,0.027633,True
TRIGGER,80-120,NEG,6.348,-0.531336,0.964449,0.00667,0.027633,True
TRIGGER,80-120,NEG,6.592,-0.4594282,0.964449,0.00667,0.027633,True
TRIGGER,80-120,NEG,6.836,-0.380803,0.964449,0.00667,0.027633,True
TRIGGER,80-120,NEG,7.08,-0.2976101,0.964449,0.00667,0.027633,True
TRIGGER,80-120,NEG,7.324,-0.212006,0.964449,0.00667,0.027633,True
TRIGGER,80-120,NEG,7.568,-0.1260986,0.964449,0.00667,0.027633,True
TRIGGER,80-120,NEG,7.812,-0.0418958,0.964449,0.00667,0.027633,True
TRIGGER,80-120,NEG,8.056,0.0387421,0.964449,0.00667,0.027633,True
TRIGGER,80-120,NEG,8.3,0.1141421,0.964449,0.00667,0.027633,True
TRIGGER,80-120,NEG,8.544,0.1828524,0.964449,0.00667,0.027633,True
TRIGGER,80-120,NEG,8.788,0.2436681,0.964449,0.00667,0.027633,True
TRIGGER,80-120,NEG,9.032,0.2956493,0.964449,0.00667,0.027633,True
TRIGGER,80-120,NEG,9.276,0.338131,0.964449,0.00667,0.027633,True
TRIGGER,80-120,NEG,9.52,0.3707242,0.964449,0.00667,0.027633,True
TRIGGER,80-120,NEG,9.764,0.3933105,0.964449,0.00667,0.027633,True
TRIGGER,80-120,NEG,10.008,0.4060288,0.964449,0.00667,0.027633,True
TRIGGER,120-160,POS,-50.0,-0.0394871,0.821201,2.7515,0.016189,False
TRIGGER,120-160,POS,-49.0,-0.0369037,0.821201,2.7515,0.016189,False
TRIGGER,120-160,POS,-48.0,-0.0159596,0.821201,2.7515,0.016189,False
TRIGGER,120-160,POS,-47.0,0.0090306,0.821201,2.7515,0.016189,False
TRIGGER,120-160,POS,-46.0,0.0281219,0.821201,2.7515,0.016189,False
TRIGGER,120-160,POS,-45.0,0.0303288,0.821201,2.7515,0.016189,False
TRIGGER,120-160,POS,-44.0,0.0238418,0.821201,2.7515,0.016189,False
TRIGGER,120-160,POS,-43.0,0.0100173,0.821201,2.7515,0.016189,False
TRIGGER,120-160,POS,-42.0,-0.0116266,0.821201,2.7515,0.016189,False
TRIGGER,120-160,POS,-41.0,-0.0371163,0.821201,2.7515,0.016189,False
TRIGGER,120-160,POS,-40.0,-0.0531295,0.821201,2.7515,0.016189,False
TRIGGER,120-160,POS,-39.0,-0.04242,0.821201,2.7515,0.016189,False
TRIGGER,120-160,POS,-38.0,0.0009088,0.821201,2.7515,0.016189,False
TRIGGER,120-160,POS,-37.0,0.0586731,0.821201,2.7515,0.016189,False
TRIGGER,120-160,POS,-36.0,0.0938279,0.821201,2.7515,0.016189,False
TRIGGER,120-160,POS,-35.0,0.0569768,0.821201,2.7515,0.016189,False
TRIGGER,120-160,POS,-34.0,-0.0275076,0.821201,2.7515,0.016189,False
TRIGGER,120-160,POS,-33.0,-0.1087152,0.821201,2.7515,0.016189,False
TRIGGER,120-160,POS,-32.0,-0.1280736,0.821201,2.7515,0.016189,False
TRIGGER,120-160,POS,-31.0,-0.0629478,0.821201,2.7515,0.016189,False
TRIGGER,120-160,POS,-30.0,0.0509292,0.821201,2.7515,0.016189,False
TRIGGER,120-160,POS,-29.0,0.1393002,0.821201,2.7515,0.016189,False
TRIGGER,120-160,POS,-28.0,0.1407161,0.821201,2.7515,0.016189,False
TRIGGER,120-160,POS,-27.0,0.0519427,0.821201,2.7515,0.016189,False
TRIGGER,120-160,POS,-26.0,-0.0935384,0.821201,2.7515,0.016189,False
TRIGGER,120-160,POS,-25.0,-0.1457667,0.821201,2.7515,0.016189,False
TRIGGER,120-160,POS,-24.0,-0.1080002,0.821201,2.7515,0.016189,False
TRIGGER,120-160,POS,-23.0,-0.0150051,0.821201,2.7515,0.016189,False
TRIGGER,120-160,POS,-22.0,0.069265,0.821201,2.7515,0.016189,False
TRIGGER,120-160,POS,-21.0,0.1017327,0.821201,2.7515,0.016189,False
TRIGGER,120-160,POS,-20.0,0.0850111,0.821201,2.7515,0.016189,False
TRIGGER,120-160,POS,-19.0,0.0492018,0.821201,2.7515,0.016189,False
TRIGGER,120-160,POS,-18.0,0.0136224,0.821201,2.7515,0.016189,False
TRIGGER,120-160,POS,-17.0,-0.0299537,0.821201,2.7515,0.016189,False
TRIGGER,120-160,POS,-16.0,-0.0936193,0.821201,2.7515,0.016189,False
TRIGGER,120-160,POS,-15.0,-0.1626776,0.821201,2.7515,0.016189,False
TRIGGER,120-160,POS,-14.0,-0.1325177,0.821201,2.7515,0.016189,False
TRIGGER,120-160,POS,-13.0,0.0164717,0.821201,2.7515,0.016189,False
TRIGGER,120-160,POS,-12.0,0.2277971,0.821201,2.7515,0.016189,False
TRIGGER,120-160,POS,-11.0,0.3547255,0.821201,2.7515,0.016189,False
TRIGGER,120-160,POS,-10.0,0.2569368,0.821201,2.7515,0.016189,True
TRIGGER,120-160,POS,-9.0,-0.0692394,0.821201,2.7515,0.016189,True
TRIGGER,120-160,POS,-8.0,-0.4385628,0.821201,2.7515,0.016189,True
TRIGGER,120-160,POS,-7.0,-0.5746688,0.821201,2.7515,0.016189,True
TRIGGER,120-160,POS,-6.0,-0.3138266,0.821201,2.7515,0.016189,True
TRIGGER,120-160,POS,-5.0,0.3766338,0.821201,2.7515,0.016189,True
TRIGGER,120-160,POS,-4.0,0.7732713,0.821201,2.7515,0.016189,True
TRIGGER,120-160,POS,-3.0,0.6704665,0.821201,2.7515,0.016189,True
TRIGGER,120-160,POS,-2.0,0.0669195,0.821201,2.7515,0.016189,True
TRIGGER,120-160,POS,-1.0,-0.6623124,0.821201,2.7515,0.016189,True
TRIGGER,120-160,POS,0.0,-0.999869,0.821201,2.7515,0.016189,True
TRIGGER,120-160,POS,1.0,-0.6765539,0.821201,2.7515,0.016189,True
TRIGGER,120-160,POS,2.0,0.047904,0.821201,2.7515,0.016189,True
TRIGGER,120-160,POS,3.0,0.6571474,0.821201,2.7515,0.016189,True
TRIGGER,120-160,POS,4.0,0.7716109,0.821201,2.7515,0.016189,True
TRIGGER,120-160,POS,5.0,0.3859027,0.821201,2.7515,0.016189,True
TRIGGER,120-160,POS,6.0,-0.2995439,0.821201,2.7515,0.016189,True
TRIGGER,120-160,POS,7.0,-0.5646356,0.821201,2.7515,0.016189,True
TRIGGER,120-160,POS,8.0,-0.4372353,0.821201,2.7515,0.016189,True
TRIGGER,120-160,POS,9.0,-0.076481,0.821201,2.7515,0.016189,True
TRIGGER,120-160,POS,10.0,0.2453702,0.821201,2.7515,0.016189,True
TRIGGER,120-160,POS,11.0,0.3449012,0.821201,2.7515,0.016189,False
TRIGGER,120-160,POS,12.0,0.2245809,0.821201,2.7515,0.016189,False
TRIGGER,120-160,POS,13.0,0.0211503,0.821201,2.7515,0.016189,False
TRIGGER,120-160,POS,14.0,-0.1227967,0.821201,2.7515,0.016189,False
TRIGGER,120-160,POS,15.0,-0.1533041,0.821201,2.7515,0.016189,False
TRIGGER,120-160,POS,16.0,-0.0913405,0.821201,2.7515,0.016189,False
TRIGGER,120-160,POS,17.0,-0.0346666,0.821201,2.7515,0.016189,False
TRIGGER,120-160,POS,18.0,0.0049323,0.821201,2.7515,0.016189,False
TRIGGER,120-160,POS,19.0,0.0415259,0.821201,2.7515,0.016189,False
TRIGGER,120-160,POS,20.0,0.0824085,0.821201,2.7515,0.016189,False
TRIGGER,120-160,POS,21.0,0.1051443,0.821201,2.7515,0.016189,False
TRIGGER,120-160,POS,22.0,0.0762714,0.821201,2.7515,0.016189,False
TRIGGER,120-160,POS,23.0,-0.0085098,0.821201,2.7515,0.016189,False
TRIGGER,120-160,POS,24.0,-0.1053775,0.821201,2.7515,0.016189,False
TRIGGER,120-160,POS,25.0,-0.1479165,0.821201,2.7515,0.016189,False
TRIGGER,120-160,POS,26.0,-0.0987559,0.821201,2.7515,0.016189,False
TRIGGER,120-160,POS,27.0,0.0471532,0.821201,2.7515,0.016189,False
TRIGGER,120-160,POS,28.0,0.1389445,0.821201,2.7515,0.016189,False
TRIGGER,120-160,POS,29.0,0.1410191,0.821201,2.7515,0.016189,False
TRIGGER,120-160,POS,30.0,0.0548634,0.821201,2.7515,0.016189,False
TRIGGER,120-160,POS,31.0,-0.058945,0.821201,2.7515,0.016189,False
TRIGGER,120-160,POS,32.0,-0.1259052,0.821201,2.7515,0.016189,False
TRIGGER,120-160,POS,33.0,-0.1092188,0.821201,2.7515,0.016189,False
TRIGGER,120-160,POS,34.0,-0.0302074,0.821201,2.7515,0.016189,False
TRIGGER,120-160,POS,35.0,0.0535352,0.821201,2.7515,0.016189,False
TRIGGER,120-160,POS,36.0,0.0913528,0.821201,2.7515,0.016189,False
TRIGGER,120-160,POS,37.0,0.058912,0.821201,2.7515,0.016189,False
TRIGGER,120-160,POS,38.0,0.0031756,0.821201,2.7515,0.016189,False
TRIGGER,120-160,POS,39.0,-0.0393668,0.821201,2.7515,0.016189,False
TRIGGER,120-160,POS,40.0,-0.0508965,0.821201,2.7515,0.016189,False
TRIGGER,120-160,POS,41.0,-0.0368274,0.821201,2.7515,0.016189,False
TRIGGER,120-160,POS,42.0,-0.0133336,0.821201,2.7515,0.016189,False
TRIGGER,120-160,POS,43.0,0.0073306,0.821201,2.7515,0.016189,False
TRIGGER,120-160,POS,44.0,0.0216618,0.821201,2.7515,0.016189,False
TRIGGER,120-160,POS,45.0,0.0297745,0.821201,2.7515,0.016189,False
TRIGGER,120-160,POS,46.0,0.0293564,0.821201,2.7515,0.016189,False
TRIGGER,120-160,POS,47.0,0.0112987,0.821201,2.7515,0.016189,False
TRIGGER,120-160,POS,48.0,-0.0142569,0.821201,2.7515,0.016189,False
TRIGGER,120-160,POS,49.0,-0.0365864,0.821201,2.7515,0.016189,False
TRIGGER,120-160,POS,50.0,-0.0405664,0.821201,2.7515,0.016189,False
TRIGGER,120-160,NEG,-10.0,-0.2569368,0.821201,0.0095,0.016189,True
TRIGGER,120-160,NEG,-9.756,-0.1926056,0.821201,0.0095,0.016189,True
TRIGGER,120-160,NEG,-9.512,-0.1148714,0.821201,0.0095,0.016189,True
TRIGGER,120-160,NEG,-9.268,-0.0264445,0.821201,0.0095,0.016189,True
TRIGGER,120-160,NEG,-9.024,0.0692394,0.821201,0.0095,0.016189,True
TRIGGER,120-160,NEG,-8.78,0.1681457,0.821201,0.0095,0.016189,True
TRIGGER,120-160,NEG,-8.536,0.2658058,0.821201,0.0095,0.016189,True
TRIGGER,120-160,NEG,-8.292,0.3575165,0.821201,0.0095,0.016189,True
TRIGGER,120-160,NEG,-8.048,0.4385628,0.821201,0.0095,0.016189,True
TRIGGER,120-160,NEG,-7.804,0.5044559,0.821201,0.0095,0.016189,True
TRIGGER,120-160,NEG,-7.56,0.5511728,0.821201,0.0095,0.016189,True
TRIGGER,120-160,NEG,-7.316,0.5753856,0.821201,0.0095,0.016189,True
TRIGGER,120-160,NEG,-7.072,0.5746688,0.821201,0.0095,0.016189,True
TRIGGER,120-160,NEG,-6.828,0.5476702,0.821201,0.0095,0.016189,True
TRIGGER,120-160,NEG,-6.584,0.4942377,0.821201,0.0095,0.016189,True
TRIGGER,120-160,NEG,-6.34,0.4154897,0.821201,0.0095,0.016189,True
TRIGGER,120-160,NEG,-6.096,0.3138266,0.821201,0.0095,0.016189,True
TRIGGER,120-160,NEG,-5.852,0.1928756,0.821201,0.0095,0.016189,True
TRIGGER,120-160,NEG,-5.608,0.0573725,0.821201,0.0095,0.016189,True
TRIGGER,120-160,NEG,-5.364,-0.0870192,0.821201,0.0095,0.016189,True
TRIGGER,120-160,NEG,-5.12,-0.2339437,0.821201,0.0095,0.016189,True
TRIGGER,120-160,NEG,-4.876,-0.3766338,0.821201,0.0095,0.016189,True
TRIGGER,120-160,NEG,-4.632,-0.5082247,0.821201,0.0095,0.016189,True
TRIGGER,120-160,NEG,-4.388,-0.6220869,0.821201,0.0095,0.016189,True
TRIGGER,120-160,NEG,-4.144,-0.7121597,0.821201,0.0095,0.016189,True
TRIGGER,120-160,NEG,-3.9,-0.7732713,0.821201,0.0095,0.016189,True
TRIGGER,120-160,NEG,-3.656,-0.8014267,0.821201,0.0095,0.016189,True
TRIGGER,120-160,NEG,-3.412,-0.794048,0.821201,0.0095,0.016189,True
TRIGGER,120-160,NEG,-3.168,-0.750154,0.821201,0.0095,0.016189,True
TRIGGER,120-160,NEG,-2.924,-0.6704665,0.821201,0.0095,0.016189,True
TRIGGER,120-160,NEG,-2.68,-0.5574362,0.821201,0.0095,0.016189,True
TRIGGER,120-160,NEG,-2.436,-0.4151848,0.821201,0.0095,0.016189,True
TRIGGER,120-160,NEG,-2.192,-0.2493614,0.821201,0.0095,0.016189,True
TRIGGER,120-160,NEG,-1.948,-0.0669195,0.821201,0.0095,0.016189,True
TRIGGER,120-160,NEG,-1.704,0.1241772,0.821201,0.0095,0.016189,True
TRIGGER,120-160,NEG,-1.46,0.3153085,0.821201,0.0095,0.016189,True
TRIGGER,120-160,NEG,-1.216,0.4975937,0.821201,0.0095,0.016189,True
TRIGGER,120-160,NEG,-0.972,0.6623124,0.821201,0.0095,0.016189,True
TRIGGER,120-160,NEG,-0.728,0.8013292,0.821201,0.0095,0.016189,True
TRIGGER,120-160,NEG,-0.484,0.9075014,0.821201,0.0095,0.016189,True
TRIGGER,120-160,NEG,-0.24,0.9750493,0.821201,0.0095,0.016189,True
TRIGGER,120-160,NEG,0.004,0.999869,0.821201,0.0095,0.016189,True
TRIGGER,120-160,NEG,0.248,0.9791931,0.821201,0.0095,0.016189,True
TRIGGER,120-160,NEG,0.492,0.9154825,0.821201,0.0095,0.016189,True
TRIGGER,120-160,NEG,0.736,0.8127119,0.821201,0.0095,0.016189,True
TRIGGER,120-160,NEG,0.98,0.6765539,0.821201,0.0095,0.016189,True
TRIGGER,120-160,NEG,1.224,0.5140692,0.821201,0.0095,0.016189,True
TRIGGER,120-160,NEG,1.468,0.3333383,0.821201,0.0095,0.016189,True
TRIGGER,120-160,NEG,1.712,0.1430539,0.821201,0.0095,0.016189,True
TRIGGER,120-160,NEG,1.956,-0.047904,0.821201,0.0095,0.016189,True
TRIGGER,120-160,NEG,2.2,-0.2308902,0.821201,0.0095,0.016189,True
TRIGGER,120-160,NEG,2.444,-0.3978929,0.821201,0.0095,0.016189,True
TRIGGER,120-160,NEG,2.688,-0.54189,0.821201,0.0095,0.016189,True
TRIGGER,120-160,NEG,2.932,-0.6571474,0.821201,0.0095,0.016189,True
TRIGGER,120-160,NEG,3.176,-0.7394455,0.821201,0.0095,0.016189,True
TRIGGER,120-160,NEG,3.42,-0.7862269,0.821201,0.0095,0.016189,True
TRIGGER,120-160,NEG,3.664,-0.7966588,0.821201,0.0095,0.016189,True
TRIGGER,120-160,NEG,3.908,-0.7716109,0.821201,0.0095,0.016189,True
TRIGGER,120-160,NEG,4.152,-0.7135529,0.821201,0.0095,0.016189,True
TRIGGER,120-160,NEG,4.396,-0.6263786,0.821201,0.0095,0.016189,True
TRIGGER,120-160,NEG,4.64,-0.5151681,0.821201,0.0095,0.016189,True
TRIGGER,120-160,NEG,4.884,-0.3859027,0.821201,0.0095,0.016189,True
TRIGGER,120-160,NEG,5.128,-0.245147,0.821201,0.0095,0.016189,True
TRIGGER,120-160,NEG,5.372,-0.0997161,0.821201,0.0095,0.016189,True
TRIGGER,120-160,NEG,5.616,0.0436562,0.821201,0.0095,0.016189,True
TRIGGER,120-160,NEG,5.86,0.1786305,0.821201,0.0095,0.016189,True
TRIGGER,120-160,NEG,6.104,0.2995439,0.821201,0.0095,0.016189,True
TRIGGER,120-160,NEG,6.348,0.4016453,0.821201,0.0095,0.016189,True
TRIGGER,120-160,NEG,6.592,0.4812778,0.821201,0.0095,0.016189,True
TRIGGER,120-160,NEG,6.836,0.5359987,0.821201,0.0095,0.016189,True
TRIGGER,120-160,NEG,7.08,0.5646356,0.821201,0.0095,0.016189,True
TRIGGER,120-160,NEG,7.324,0.567278,0.821201,0.0095,0.016189,True
TRIGGER,120-160,NEG,7.568,0.5452081,0.821201,0.0095,0.016189,True
TRIGGER,120-160,NEG,7.812,0.5007769,0.821201,0.0095,0.016189,True
TRIGGER,120-160,NEG,8.056,0.4372353,0.821201,0.0095,0.016189,True
TRIGGER,120-160,NEG,8.3,0.3585293,0.821201,0.0095,0.016189,True
TRIGGER,120-160,NEG,8.544,0.269073,0.821201,0.0095,0.016189,True
TRIGGER,120-160,NEG,8.788,0.1735105,0.821201,0.0095,0.016189,True
TRIGGER,120-160,NEG,9.032,0.076481,0.821201,0.0095,0.016189,True
TRIGGER,120-160,NEG,9.276,-0.0176032,0.821201,0.0095,0.016189,True
TRIGGER,120-160,NEG,9.52,-0.1047542,0.821201,0.0095,0.016189,True
TRIGGER,120-160,NEG,9.764,-0.181572,0.821201,0.0095,0.016189,True
TRIGGER,120-160,NEG,10.008,-0.2453702,0.821201,0.0095,0.016189,True
TRIGGER,160-210,POS,-50.0,-0.0175504,0.598599,1.22198,0.033296,False
TRIGGER,160-210,POS,-49.0,-0.0354792,0.598599,1.22198,0.033296,False
TRIGGER,160-210,POS,-48.0,-0.018075,0.598599,1.22198,0.033296,False
TRIGGER,160-210,POS,-47.0,0.0220338,0.598599,1.22198,0.033296,False
TRIGGER,160-210,POS,-46.0,0.0421315,0.598599,1.22198,0.033296,False
TRIGGER,160-210,POS,-45.0,0.0093616,0.598599,1.22198,0.033296,False
TRIGGER,160-210,POS,-44.0,-0.0353645,0.598599,1.22198,0.033296,False
TRIGGER,160-210,POS,-43.0,-0.0448897,0.598599,1.22198,0.033296,False
TRIGGER,160-210,POS,-42.0,-0.0091569,0.598599,1.22198,0.033296,False
TRIGGER,160-210,POS,-41.0,0.0340797,0.598599,1.22198,0.033296,False
TRIGGER,160-210,POS,-40.0,0.0421589,0.598599,1.22198,0.033296,False
TRIGGER,160-210,POS,-39.0,0.0120421,0.598599,1.22198,0.033296,False
TRIGGER,160-210,POS,-38.0,-0.0236329,0.598599,1.22198,0.033296,False
TRIGGER,160-210,POS,-37.0,-0.035986,0.598599,1.22198,0.033296,False
TRIGGER,160-210,POS,-36.0,-0.017043,0.598599,1.22198,0.033296,False
TRIGGER,160-210,POS,-35.0,0.0105973,0.598599,1.22198,0.033296,False
TRIGGER,160-210,POS,-34.0,0.0368219,0.598599,1.22198,0.033296,False
TRIGGER,160-210,POS,-33.0,0.0436487,0.598599,1.22198,0.033296,False
TRIGGER,160-210,POS,-32.0,0.0113981,0.598599,1.22198,0.033296,False
TRIGGER,160-210,POS,-31.0,-0.0485163,0.598599,1.22198,0.033296,False
TRIGGER,160-210,POS,-30.0,-0.0790756,0.598599,1.22198,0.033296,False
TRIGGER,160-210,POS,-29.0,-0.029251,0.598599,1.22198,0.033296,False
TRIGGER,160-210,POS,-28.0,0.0705862,0.598599,1.22198,0.033296,False
TRIGGER,160-210,POS,-27.0,0.1150352,0.598599,1.22198,0.033296,False
TRIGGER,160-210,POS,-26.0,0.0030558,0.598599,1.22198,0.033296,False
TRIGGER,160-210,POS,-25.0,-0.1212393,0.598599,1.22198,0.033296,False
TRIGGER,160-210,POS,-24.0,-0.1258919,0.598599,1.22198,0.033296,False
TRIGGER,160-210,POS,-23.0,0.0061638,0.598599,1.22198,0.033296,False
TRIGGER,160-210,POS,-22.0,0.1369611,0.598599,1.22198,0.033296,False
TRIGGER,160-210,POS,-21.0,0.1265363,0.598599,1.22198,0.033296,False
TRIGGER,160-210,POS,-20.0,-0.0085697,0.598599,1.22198,0.033296,False
TRIGGER,160-210,POS,-19.0,-0.1231411,0.598599,1.22198,0.033296,False
TRIGGER,160-210,POS,-18.0,-0.114098,0.598599,1.22198,0.033296,False
TRIGGER,160-210,POS,-17.0,-0.0168663,0.598599,1.22198,0.033296,False
TRIGGER,160-210,POS,-16.0,0.0718286,0.598599,1.22198,0.033296,False
TRIGGER,160-210,POS,-15.0,0.1080122,0.598599,1.22198,0.033296,False
TRIGGER,160-210,POS,-14.0,0.0780882,0.598599,1.22198,0.033296,False
TRIGGER,160-210,POS,-13.0,-0.0225131,0.598599,1.22198,0.033296,False
TRIGGER,160-210,POS,-12.0,-0.1690928,0.598599,1.22198,0.033296,False
TRIGGER,160-210,POS,-11.0,-0.2176688,0.598599,1.22198,0.033296,False
TRIGGER,160-210,POS,-10.0,-0.0255732,0.598599,1.22198,0.033296,True
TRIGGER,160-210,POS,-9.0,0.2986397,0.598599,1.22198,0.033296,True
TRIGGER,160-210,POS,-8.0,0.3882897,0.598599,1.22198,0.033296,True
TRIGGER,160-210,POS,-7.0,0.0205066,0.598599,1.22198,0.033296,True
TRIGGER,160-210,POS,-6.0,-0.4976595,0.598599,1.22198,0.033296,True
TRIGGER,160-210,POS,-5.0,-0.4453949,0.598599,1.22198,0.033296,True
TRIGGER,160-210,POS,-4.0,0.2663796,0.598599,1.22198,0.033296,True
TRIGGER,160-210,POS,-3.0,0.8077991,0.598599,1.22198,0.033296,True
TRIGGER,160-210,POS,-2.0,0.4728253,0.598599,1.22198,0.033296,True
TRIGGER,160-210,POS,-1.0,-0.4850251,0.598599,1.22198,0.033296,True
TRIGGER,160-210,POS,0.0,-0.9994455,0.598599,1.22198,0.033296,True
TRIGGER,160-210,POS,1.0,-0.4403431,0.598599,1.22198,0.033296,True
TRIGGER,160-210,POS,2.0,0.5073749,0.598599,1.22198,0.033296,True
TRIGGER,160-210,POS,3.0,0.79664,0.598599,1.22198,0.033296,True
TRIGGER,160-210,POS,4.0,0.2295626,0.598599,1.22198,0.033296,True
TRIGGER,160-210,POS,5.0,-0.4637893,0.598599,1.22198,0.033296,True
TRIGGER,160-210,POS,6.0,-0.4767268,0.598599,1.22198,0.033296,True
TRIGGER,160-210,POS,7.0,0.0425745,0.598599,1.22198,0.033296,True
TRIGGER,160-210,POS,8.0,0.3883825,0.598599,1.22198,0.033296,True
TRIGGER,160-210,POS,9.0,0.2833913,0.598599,1.22198,0.033296,True
TRIGGER,160-210,POS,10.0,-0.0353218,0.598599,1.22198,0.033296,True
TRIGGER,160-210,POS,11.0,-0.2140566,0.598599,1.22198,0.033296,False
TRIGGER,160-210,POS,12.0,-0.1617173,0.598599,1.22198,0.033296,False
TRIGGER,160-210,POS,13.0,-0.0212366,0.598599,1.22198,0.033296,False
TRIGGER,160-210,POS,14.0,0.0751629,0.598599,1.22198,0.033296,False
TRIGGER,160-210,POS,15.0,0.1078409,0.598599,1.22198,0.033296,False
TRIGGER,160-210,POS,16.0,0.0745784,0.598599,1.22198,0.033296,False
TRIGGER,160-210,POS,17.0,-0.0181115,0.598599,1.22198,0.033296,False
TRIGGER,160-210,POS,18.0,-0.1191989,0.598599,1.22198,0.033296,False
TRIGGER,160-210,POS,19.0,-0.1254455,0.598599,1.22198,0.033296,False
TRIGGER,160-210,POS,20.0,-0.004205,0.598599,1.22198,0.033296,False
TRIGGER,160-210,POS,21.0,0.1328918,0.598599,1.22198,0.033296,False
TRIGGER,160-210,POS,22.0,0.1377575,0.598599,1.22198,0.033296,False
TRIGGER,160-210,POS,23.0,0.0003967,0.598599,1.22198,0.033296,False
TRIGGER,160-210,POS,24.0,-0.1316207,0.598599,1.22198,0.033296,False
TRIGGER,160-210,POS,25.0,-0.1207691,0.598599,1.22198,0.033296,False
TRIGGER,160-210,POS,26.0,0.0086311,0.598599,1.22198,0.033296,False
TRIGGER,160-210,POS,27.0,0.118267,0.598599,1.22198,0.033296,False
TRIGGER,160-210,POS,28.0,0.0684114,0.598599,1.22198,0.033296,False
TRIGGER,160-210,POS,29.0,-0.0338175,0.598599,1.22198,0.033296,False
TRIGGER,160-210,POS,30.0,-0.0814148,0.598599,1.22198,0.033296,False
TRIGGER,160-210,POS,31.0,-0.0470576,0.598599,1.22198,0.033296,False
TRIGGER,160-210,POS,32.0,0.0146109,0.598599,1.22198,0.033296,False
TRIGGER,160-210,POS,33.0,0.0456785,0.598599,1.22198,0.033296,False
TRIGGER,160-210,POS,34.0,0.036339,0.598599,1.22198,0.033296,False
TRIGGER,160-210,POS,35.0,0.0083437,0.598599,1.22198,0.033296,False
TRIGGER,160-210,POS,36.0,-0.0191992,0.598599,1.22198,0.033296,False
TRIGGER,160-210,POS,37.0,-0.0357729,0.598599,1.22198,0.033296,False
TRIGGER,160-210,POS,38.0,-0.021479,0.598599,1.22198,0.033296,False
TRIGGER,160-210,POS,39.0,0.0143124,0.598599,1.22198,0.033296,False
TRIGGER,160-210,POS,40.0,0.0423784,0.598599,1.22198,0.033296,False
TRIGGER,160-210,POS,41.0,0.0318587,0.598599,1.22198,0.033296,False
TRIGGER,160-210,POS,42.0,-0.0117227,0.598599,1.22198,0.033296,False
TRIGGER,160-210,POS,43.0,-0.0451293,0.598599,1.22198,0.033296,False
TRIGGER,160-210,POS,44.0,-0.0328961,0.598599,1.22198,0.033296,False
TRIGGER,160-210,POS,45.0,0.0119834,0.598599,1.22198,0.033296,False
TRIGGER,160-210,POS,46.0,0.0420404,0.598599,1.22198,0.033296,False
TRIGGER,160-210,POS,47.0,0.0190105,0.598599,1.22198,0.033296,False
TRIGGER,160-210,POS,48.0,-0.0198506,0.598599,1.22198,0.033296,False
TRIGGER,160-210,POS,49.0,-0.0339787,0.598599,1.22198,0.033296,False
TRIGGER,160-210,POS,50.0,-0.0144656,0.598599,1.22198,0.033296,False
TRIGGER,160-210,NEG,-10.0,0.0255732,0.598599,0.01966,0.033296,True
TRIGGER,160-210,NEG,-9.756,-0.0548909,0.598599,0.01966,0.033296,True
TRIGGER,160-210,NEG,-9.512,-0.1400103,0.598599,0.01966,0.033296,True
TRIGGER,160-210,NEG,-9.268,-0.2235422,0.598599,0.01966,0.033296,True
TRIGGER,160-210,NEG,-9.024,-0.2986397,0.598599,0.01966,0.033296,True
TRIGGER,160-210,NEG,-8.78,-0.3583929,0.598599,0.01966,0.033296,True
TRIGGER,160-210,NEG,-8.536,-0.3964341,0.598599,0.01966,0.033296,True
TRIGGER,160-210,NEG,-8.292,-0.4075566,0.598599,0.01966,0.033296,True
TRIGGER,160-210,NEG,-8.048,-0.3882897,0.598599,0.01966,0.033296,True
TRIGGER,160-210,NEG,-7.804,-0.3373719,0.598599,0.01966,0.033296,True
TRIGGER,160-210,NEG,-7.56,-0.2560691,0.598599,0.01966,0.033296,True
TRIGGER,160-210,NEG,-7.316,-0.1482952,0.598599,0.01966,0.033296,True
TRIGGER,160-210,NEG,-7.072,-0.0205066,0.598599,0.01966,0.033296,True
TRIGGER,160-210,NEG,-6.828,0.1186379,0.598599,0.01966,0.033296,True
TRIGGER,160-210,NEG,-6.584,0.2588394,0.598599,0.01966,0.033296,True
TRIGGER,160-210,NEG,-6.34,0.3889101,0.598599,0.01966,0.033296,True
TRIGGER,160-210,NEG,-6.096,0.4976595,0.598599,0.01966,0.033296,True
TRIGGER,160-210,NEG,-5.852,0.5748459,0.598599,0.01966,0.033296,True
TRIGGER,160-210,NEG,-5.608,0.6121135,0.598599,0.01966,0.033296,True
TRIGGER,160-210,NEG,-5.364,0.60383,0.598599,0.01966,0.033296,True
TRIGGER,160-210,NEG,-5.12,0.5477443,0.598599,0.01966,0.033296,True
TRIGGER,160-210,NEG,-4.876,0.4453949,0.598599,0.01966,0.033296,True
TRIGGER,160-210,NEG,-4.632,0.3022175,0.598599,0.01966,0.033296,True
TRIGGER,160-210,NEG,-4.388,0.1273235,0.598599,0.01966,0.033296,True
TRIGGER,160-210,NEG,-4.144,-0.0670482,0.598599,0.01966,0.033296,True
TRIGGER,160-210,NEG,-3.9,-0.2663796,0.598599,0.01966,0.033296,True
TRIGGER,160-210,NEG,-3.656,-0.4549623,0.598599,0.01966,0.033296,True
TRIGGER,160-210,NEG,-3.412,-0.6171459,0.598599,0.01966,0.033296,True
TRIGGER,160-210,NEG,-3.168,-0.7386455,0.598599,0.01966,0.033296,True
TRIGGER,160-210,NEG,-2.924,-0.8077991,0.598599,0.01966,0.033296,True
TRIGGER,160-210,NEG,-2.68,-0.8166625,0.598599,0.01966,0.033296,True
TRIGGER,160-210,NEG,-2.436,-0.7618417,0.598599,0.01966,0.033296,True
TRIGGER,160-210,NEG,-2.192,-0.644977,0.598599,0.01966,0.033296,True
TRIGGER,160-210,NEG,-1.948,-0.4728253,0.598599,0.01966,0.033296,True
TRIGGER,160-210,NEG,-1.704,-0.2569136,0.598599,0.01966,0.033296,True
TRIGGER,160-210,NEG,-1.46,-0.0127779,0.598599,0.01966,0.033296,True
TRIGGER,160-210,NEG,-1.216,0.2411642,0.598599,0.01966,0.033296,True
TRIGGER,160-210,NEG,-0.972,0.4850251,0.598599,0.01966,0.033296,True
TRIGGER,160-210,NEG,-0.728,0.6990332,0.598599,0.01966,0.033296,True
TRIGGER,160-210,NEG,-0.484,0.865164,0.598599,0.01966,0.033296,True
TRIGGER,160-210,NEG,-0.24,0.96868,0.598599,0.01966,0.033296,True
TRIGGER,160-210,NEG,0.004,0.9994455,0.598599,0.01966,0.033296,True
TRIGGER,160-210,NEG,0.248,0.9540927,0.598599,0.01966,0.033296,True
TRIGGER,160-210,NEG,0.492,0.8376489,0.598599,0.01966,0.033296,True
TRIGGER,160-210,NEG,0.736,0.6612401,0.598599,0.01966,0.033296,True
TRIGGER,160-210,NEG,0.98,0.4403431,0.598599,0.01966,0.033296,True
TRIGGER,160-210,NEG,1.224,0.1934174,0.598599,0.01966,0.033296,True
TRIGGER,160-210,NEG,1.468,-0.0596603,0.598599,0.01966,0.033296,True
TRIGGER,160-210,NEG,1.712,-0.2992242,0.598599,0.01966,0.033296,True
TRIGGER,160-210,NEG,1.956,-0.5073749,0.598599,0.01966,0.033296,True
TRIGGER,160-210,NEG,2.2,-0.6693364,0.598599,0.01966,0.033296,True
TRIGGER,160-210,NEG,2.444,-0.7745109,0.598599,0.01966,0.033296,True
TRIGGER,160-210,NEG,2.688,-0.8171555,0.598599,0.01966,0.033296,True
TRIGGER,160-210,NEG,2.932,-0.79664,0.598599,0.01966,0.033296,True
TRIGGER,160-210,NEG,3.176,-0.717281,0.598599,0.01966,0.033296,True
TRIGGER,160-210,NEG,3.42,-0.5877835,0.598599,0.01966,0.033296,True
TRIGGER,160-210,NEG,3.664,-0.4203526,0.598599,0.01966,0.033296,True
TRIGGER,160-210,NEG,3.908,-0.2295626,0.598599,0.01966,0.033296,True
TRIGGER,160-210,NEG,4.152,-0.0310873,0.598599,0.01966,0.033296,True
TRIGGER,160-210,NEG,4.396,0.1595966,0.598599,0.01966,0.033296,True
TRIGGER,160-210,NEG,4.64,0.3284257,0.598599,0.01966,0.033296,True
TRIGGER,160-210,NEG,4.884,0.4637893,0.598599,0.01966,0.033296,True
TRIGGER,160-210,NEG,5.128,0.5573151,0.598599,0.01966,0.033296,True
TRIGGER,160-210,NEG,5.372,0.6043497,0.598599,0.01966,0.033296,True
TRIGGER,160-210,NEG,5.616,0.6041107,0.598599,0.01966,0.033296,True
TRIGGER,160-210,NEG,5.86,0.5595167,0.598599,0.01966,0.033296,True
TRIGGER,160-210,NEG,6.104,0.4767268,0.598599,0.01966,0.033296,True
TRIGGER,160-210,NEG,6.348,0.3644464,0.598599,0.01966,0.033296,True
TRIGGER,160-210,NEG,6.592,0.2330698,0.598599,0.01966,0.033296,True
TRIGGER,160-210,NEG,6.836,0.0937424,0.598599,0.01966,0.033296,True
TRIGGER,160-210,NEG,7.08,-0.0425745,0.598599,0.01966,0.033296,True
TRIGGER,160-210,NEG,7.324,-0.1659596,0.598599,0.01966,0.033296,True
TRIGGER,160-210,NEG,7.568,-0.2682392,0.598599,0.01966,0.033296,True
TRIGGER,160-210,NEG,7.812,-0.343501,0.598599,0.01966,0.033296,True
TRIGGER,160-210,NEG,8.056,-0.3883825,0.598599,0.01966,0.033296,True
TRIGGER,160-210,NEG,8.3,-0.402127,0.598599,0.01966,0.033296,True
TRIGGER,160-210,NEG,8.544,-0.3864221,0.598599,0.01966,0.033296,True
TRIGGER,160-210,NEG,8.788,-0.3450493,0.598599,0.01966,0.033296,True
TRIGGER,160-210,NEG,9.032,-0.2833913,0.598599,0.01966,0.033296,True
TRIGGER,160-210,NEG,9.276,-0.207852,0.598599,0.01966,0.033296,True
TRIGGER,160-210,NEG,9.52,-0.1252441,0.598599,0.01966,0.033296,True
TRIGGER,160-210,NEG,9.764,-0.042204,0.598599,0.01966,0.033296,True
TRIGGER,160-210,NEG,10.008,0.0353218,0.598599,0.01966,0.033296,True
TRIGGER,20-210,POS,-50.0,-0.0587114,0.483922,2.75335,0.090759,False
TRIGGER,20-210,POS,-49.0,-0.0641762,0.483922,2.75335,0.090759,False
TRIGGER,20-210,POS,-48.0,-0.0689775,0.483922,2.75335,0.090759,False
TRIGGER,20-210,POS,-47.0,-0.072985,0.483922,2.75335,0.090759,False
TRIGGER,20-210,POS,-46.0,-0.0767808,0.483922,2.75335,0.090759,False
TRIGGER,20-210,POS,-45.0,-0.0787239,0.483922,2.75335,0.090759,False
TRIGGER,20-210,POS,-44.0,-0.0795192,0.483922,2.75335,0.090759,False
TRIGGER,20-210,POS,-43.0,-0.0789977,0.483922,2.75335,0.090759,False
TRIGGER,20-210,POS,-42.0,-0.0770373,0.483922,2.75335,0.090759,False
TRIGGER,20-210,POS,-41.0,-0.0736089,0.483922,2.75335,0.090759,False
TRIGGER,20-210,POS,-40.0,-0.0687409,0.483922,2.75335,0.090759,False
TRIGGER,20-210,POS,-39.0,-0.0623765,0.483922,2.75335,0.090759,False
TRIGGER,20-210,POS,-38.0,-0.0543483,0.483922,2.75335,0.090759,False
TRIGGER,20-210,POS,-37.0,-0.0445756,0.483922,2.75335,0.090759,False
TRIGGER,20-210,POS,-36.0,-0.0300931,0.483922,2.75335,0.090759,False
TRIGGER,20-210,POS,-35.0,-0.0168806,0.483922,2.75335,0.090759,False
TRIGGER,20-210,POS,-34.0,-0.0022856,0.483922,2.75335,0.090759,False
TRIGGER,20-210,POS,-33.0,0.0136558,0.483922,2.75335,0.090759,False
TRIGGER,20-210,POS,-32.0,0.0308486,0.483922,2.75335,0.090759,False
TRIGGER,20-210,POS,-31.0,0.0490925,0.483922,2.75335,0.090759,False
TRIGGER,20-210,POS,-30.0,0.0680707,0.483922,2.75335,0.090759,False
TRIGGER,20-210,POS,-29.0,0.0874655,0.483922,2.75335,0.090759,False
TRIGGER,20-210,POS,-28.0,0.1070483,0.483922,2.75335,0.090759,False
TRIGGER,20-210,POS,-27.0,0.1265695,0.483922,2.75335,0.090759,False
TRIGGER,20-210,POS,-26.0,0.1503292,0.483922,2.75335,0.090759,False
TRIGGER,20-210,POS,-25.0,0.1683323,0.483922,2.75335,0.090759,False
TRIGGER,20-210,POS,-24.0,0.1849596,0.483922,2.75335,0.090759,False
TRIGGER,20-210,POS,-23.0,0.1996946,0.483922,2.75335,0.090759,False
TRIGGER,20-210,POS,-22.0,0.2120888,0.483922,2.75335,0.090759,False
TRIGGER,20-210,POS,-21.0,0.2217939,0.483922,2.75335,0.090759,False
TRIGGER,20-210,POS,-20.0,0.2283914,0.483922,2.75335,0.090759,False
TRIGGER,20-210,POS,-19.0,0.2313097,0.483922,2.75335,0.090759,False
TRIGGER,20-210,POS,-18.0,0.2299143,0.483922,2.75335,0.090759,False
TRIGGER,20-210,POS,-17.0,0.2236432,0.483922,2.75335,0.090759,False
TRIGGER,20-210,POS,-16.0,0.2121475,0.483922,2.75335,0.090759,False
TRIGGER,20-210,POS,-15.0,0.1901043,0.483922,2.75335,0.090759,False
TRIGGER,20-210,POS,-14.0,0.1657416,0.483922,2.75335,0.090759,False
TRIGGER,20-210,POS,-13.0,0.1344916,0.483922,2.75335,0.090759,False
TRIGGER,20-210,POS,-12.0,0.0957521,0.483922,2.75335,0.090759,False
TRIGGER,20-210,POS,-11.0,0.0496822,0.483922,2.75335,0.090759,False
TRIGGER,20-210,POS,-10.0,-0.003095,0.483922,2.75335,0.090759,True
TRIGGER,20-210,POS,-9.0,-0.0627923,0.483922,2.75335,0.090759,True
TRIGGER,20-210,POS,-8.0,-0.1315245,0.483922,2.75335,0.090759,True
TRIGGER,20-210,POS,-7.0,-0.2115911,0.483922,2.75335,0.090759,True
TRIGGER,20-210,POS,-6.0,-0.3011563,0.483922,2.75335,0.090759,True
TRIGGER,20-210,POS,-5.0,-0.4167183,0.483922,2.75335,0.090759,True
TRIGGER,20-210,POS,-4.0,-0.511403,0.483922,2.75335,0.090759,True
TRIGGER,20-210,POS,-3.0,-0.6243321,0.483922,2.75335,0.090759,True
TRIGGER,20-210,POS,-2.0,-0.7702271,0.483922,2.75335,0.090759,True
TRIGGER,20-210,POS,-1.0,-0.922624,0.483922,2.75335,0.090759,True
TRIGGER,20-210,POS,0.0,-0.9958729,0.483922,2.75335,0.090759,True
TRIGGER,20-210,POS,1.0,-0.9206642,0.483922,2.75335,0.090759,True
TRIGGER,20-210,POS,2.0,-0.7681191,0.483922,2.75335,0.090759,True
TRIGGER,20-210,POS,3.0,-0.6225157,0.483922,2.75335,0.090759,True
TRIGGER,20-210,POS,4.0,-0.5090147,0.483922,2.75335,0.090759,True
TRIGGER,20-210,POS,5.0,-0.412904,0.483922,2.75335,0.090759,True
TRIGGER,20-210,POS,6.0,-0.2955586,0.483922,2.75335,0.090759,True
TRIGGER,20-210,POS,7.0,-0.2051015,0.483922,2.75335,0.090759,True
TRIGGER,20-210,POS,8.0,-0.1245144,0.483922,2.75335,0.090759,True
TRIGGER,20-210,POS,9.0,-0.0554337,0.483922,2.75335,0.090759,True
TRIGGER,20-210,POS,10.0,0.0045017,0.483922,2.75335,0.090759,True
TRIGGER,20-210,POS,11.0,0.0573719,0.483922,2.75335,0.090759,False
TRIGGER,20-210,POS,12.0,0.1033613,0.483922,2.75335,0.090759,False
TRIGGER,20-210,POS,13.0,0.1418729,0.483922,2.75335,0.090759,False
TRIGGER,20-210,POS,14.0,0.1727869,0.483922,2.75335,0.090759,False
TRIGGER,20-210,POS,15.0,0.1967077,0.483922,2.75335,0.090759,False
TRIGGER,20-210,POS,16.0,0.2180475,0.483922,2.75335,0.090759,False
TRIGGER,20-210,POS,17.0,0.2289142,0.483922,2.75335,0.090759,False
TRIGGER,20-210,POS,18.0,0.2345506,0.483922,2.75335,0.090759,False
TRIGGER,20-210,POS,19.0,0.235303,0.483922,2.75335,0.090759,False
TRIGGER,20-210,POS,20.0,0.2317072,0.483922,2.75335,0.090759,False
TRIGGER,20-210,POS,21.0,0.224401,0.483922,2.75335,0.090759,False
TRIGGER,20-210,POS,22.0,0.2139947,0.483922,2.75335,0.090759,False
TRIGGER,20-210,POS,23.0,0.2009423,0.483922,2.75335,0.090759,False
TRIGGER,20-210,POS,24.0,0.1855938,0.483922,2.75335,0.090759,False
TRIGGER,20-210,POS,25.0,0.1683809,0.483922,2.75335,0.090759,False
TRIGGER,20-210,POS,26.0,0.1498256,0.483922,2.75335,0.090759,False
TRIGGER,20-210,POS,27.0,0.1254543,0.483922,2.75335,0.090759,False
TRIGGER,20-210,POS,28.0,0.1055073,0.483922,2.75335,0.090759,False
TRIGGER,20-210,POS,29.0,0.0855515,0.483922,2.75335,0.090759,False
TRIGGER,20-210,POS,30.0,0.0658492,0.483922,2.75335,0.090759,False
TRIGGER,20-210,POS,31.0,0.0466272,0.483922,2.75335,0.090759,False
TRIGGER,20-210,POS,32.0,0.0281816,0.483922,2.75335,0.090759,False
TRIGGER,20-210,POS,33.0,0.0108263,0.483922,2.75335,0.090759,False
TRIGGER,20-210,POS,34.0,-0.0052197,0.483922,2.75335,0.090759,False
TRIGGER,20-210,POS,35.0,-0.0198523,0.483922,2.75335,0.090759,False
TRIGGER,20-210,POS,36.0,-0.0330378,0.483922,2.75335,0.090759,False
TRIGGER,20-210,POS,37.0,-0.0474303,0.483922,2.75335,0.090759,False
TRIGGER,20-210,POS,38.0,-0.0571318,0.483922,2.75335,0.090759,False
TRIGGER,20-210,POS,39.0,-0.0650743,0.483922,2.75335,0.090759,False
TRIGGER,20-210,POS,40.0,-0.0712742,0.483922,2.75335,0.090759,False
TRIGGER,20-210,POS,41.0,-0.0759011,0.483922,2.75335,0.090759,False
TRIGGER,20-210,POS,42.0,-0.0790939,0.483922,2.75335,0.090759,False
TRIGGER,20-210,POS,43.0,-0.080862,0.483922,2.75335,0.090759,False
TRIGGER,20-210,POS,44.0,-0.0811903,0.483922,2.75335,0.090759,False
TRIGGER,20-210,POS,45.0,-0.0801632,0.483922,2.75335,0.090759,False
TRIGGER,20-210,POS,46.0,-0.0779623,0.483922,2.75335,0.090759,False
TRIGGER,20-210,POS,47.0,-0.0738545,0.483922,2.75335,0.090759,False
TRIGGER,20-210,POS,48.0,-0.0696357,0.483922,2.75335,0.090759,False
TRIGGER,20-210,POS,49.0,-0.0646523,0.483922,2.75335,0.090759,False
TRIGGER,20-210,POS,50.0,-0.0589958,0.483922,2.75335,0.090759,False
TRIGGER,20-210,NEG,-10.0,0.003095,0.483922,0.09385,0.090759,True
TRIGGER,20-210,NEG,-9.756,0.0173212,0.483922,0.09385,0.090759,True
TRIGGER,20-210,NEG,-9.512,0.0319904,0.483922,0.09385,0.090759,True
TRIGGER,20-210,NEG,-9.268,0.0471341,0.483922,0.09385,0.090759,True
TRIGGER,20-210,NEG,-9.024,0.0627923,0.483922,0.09385,0.090759,True
TRIGGER,20-210,NEG,-8.78,0.0790118,0.483922,0.09385,0.090759,True
TRIGGER,20-210,NEG,-8.536,0.0958424,0.483922,0.09385,0.090759,True
TRIGGER,20-210,NEG,-8.292,0.1133326,0.483922,0.09385,0.090759,True
TRIGGER,20-210,NEG,-8.048,0.1315245,0.483922,0.09385,0.090759,True
TRIGGER,20-210,NEG,-7.804,0.1504472,0.483922,0.09385,0.090759,True
TRIGGER,20-210,NEG,-7.56,0.1701118,0.483922,0.09385,0.090759,True
TRIGGER,20-210,NEG,-7.316,0.190506,0.483922,0.09385,0.090759,True
TRIGGER,20-210,NEG,-7.072,0.2115911,0.483922,0.09385,0.090759,True
TRIGGER,20-210,NEG,-6.828,0.2333005,0.483922,0.09385,0.090759,True
TRIGGER,20-210,NEG,-6.584,0.2555419,0.483922,0.09385,0.090759,True
TRIGGER,20-210,NEG,-6.34,0.2782023,0.483922,0.09385,0.090759,True
TRIGGER,20-210,NEG,-6.096,0.3011563,0.483922,0.09385,0.090759,True
TRIGGER,20-210,NEG,-5.852,0.3242775,0.483922,0.09385,0.090759,True
TRIGGER,20-210,NEG,-5.608,0.3474536,0.483922,0.09385,0.090759,True
TRIGGER,20-210,NEG,-5.364,0.370601,0.483922,0.09385,0.090759,True
TRIGGER,20-210,NEG,-5.12,0.393682,0.483922,0.09385,0.090759,True
TRIGGER,20-210,NEG,-4.876,0.4167183,0.483922,0.09385,0.090759,True
TRIGGER,20-210,NEG,-4.632,0.4398027,0.483922,0.09385,0.090759,True
TRIGGER,20-210,NEG,-4.388,0.4631045,0.483922,0.09385,0.090759,True
TRIGGER,20-210,NEG,-4.144,0.4868681,0.483922,0.09385,0.090759,True
TRIGGER,20-210,NEG,-3.9,0.511403,0.483922,0.09385,0.090759,True
TRIGGER,20-210,NEG,-3.656,0.5370634,0.483922,0.09385,0.090759,True
TRIGGER,20-210,NEG,-3.412,0.5642193,0.483922,0.09385,0.090759,True
TRIGGER,20-210,NEG,-3.168,0.5932167,0.483922,0.09385,0.090759,True
TRIGGER,20-210,NEG,-2.924,0.6243321,0.483922,0.09385,0.090759,True
TRIGGER,20-210,NEG,-2.68,0.6577211,0.483922,0.09385,0.090759,True
TRIGGER,20-210,NEG,-2.436,0.6933671,0.483922,0.09385,0.090759,True
TRIGGER,20-210,NEG,-2.192,0.7310338,0.483922,0.09385,0.090759,True
TRIGGER,20-210,NEG,-1.948,0.7702271,0.483922,0.09385,0.090759,True
TRIGGER,20-210,NEG,-1.704,0.8101717,0.483922,0.09385,0.090759,True
TRIGGER,20-210,NEG,-1.46,0.849807,0.483922,0.09385,0.090759,True
TRIGGER,20-210,NEG,-1.216,0.887807,0.483922,0.09385,0.090759,True
TRIGGER,20-210,NEG,-0.972,0.922624,0.483922,0.09385,0.090759,True
TRIGGER,20-210,NEG,-0.728,0.9525596,0.483922,0.09385,0.090759,True
TRIGGER,20-210,NEG,-0.484,0.9758561,0.483922,0.09385,0.090759,True
TRIGGER,20-210,NEG,-0.24,0.9908066,0.483922,0.09385,0.090759,True
TRIGGER,20-210,NEG,0.004,0.9958729,0.483922,0.09385,0.090759,True
TRIGGER,20-210,NEG,0.248,0.9901237,0.483922,0.09385,0.090759,True
TRIGGER,20-210,NEG,0.492,0.9746157,0.483922,0.09385,0.090759,True
TRIGGER,20-210,NEG,0.736,0.9508938,0.483922,0.09385,0.090759,True
TRIGGER,20-210,NEG,0.98,0.9206642,0.483922,0.09385,0.090759,True
TRIGGER,20-210,NEG,1.224,0.8856756,0.483922,0.09385,0.090759,True
TRIGGER,20-210,NEG,1.468,0.8476097,0.483922,0.09385,0.090759,True
TRIGGER,20-210,NEG,1.712,0.8079912,0.483922,0.09385,0.090759,True
TRIGGER,20-210,NEG,1.956,0.7681191,0.483922,0.09385,0.090759,True
TRIGGER,20-210,NEG,2.2,0.7290251,0.483922,0.09385,0.090759,True
TRIGGER,20-210,NEG,2.444,0.6914561,0.483922,0.09385,0.090759,True
TRIGGER,20-210,NEG,2.688,0.6558811,0.483922,0.09385,0.090759,True
TRIGGER,20-210,NEG,2.932,0.6225157,0.483922,0.09385,0.090759,True
TRIGGER,20-210,NEG,3.176,0.591362,0.483922,0.09385,0.090759,True
TRIGGER,20-210,NEG,3.42,0.5622565,0.483922,0.09385,0.090759,True
TRIGGER,20-210,NEG,3.664,0.5349213,0.483922,0.09385,0.090759,True
TRIGGER,20-210,NEG,3.908,0.5090147,0.483922,0.09385,0.090759,True
TRIGGER,20-210,NEG,4.152,0.4841761,0.483922,0.09385,0.090759,True
TRIGGER,20-210,NEG,4.396,0.4600638,0.483922,0.09385,0.090759,True
TRIGGER,20-210,NEG,4.64,0.4363829,0.483922,0.09385,0.090759,True
TRIGGER,20-210,NEG,4.884,0.412904,0.483922,0.09385,0.090759,True
TRIGGER,20-210,NEG,5.128,0.389472,0.483922,0.09385,0.090759,True
TRIGGER,20-210,NEG,5.372,0.3660064,0.483922,0.09385,0.090759,True
TRIGGER,20-210,NEG,5.616,0.3424952,0.483922,0.09385,0.090759,True
TRIGGER,20-210,NEG,5.86,0.3189835,0.483922,0.09385,0.090759,True
TRIGGER,20-210,NEG,6.104,0.2955586,0.483922,0.09385,0.090759,True
TRIGGER,20-210,NEG,6.348,0.2723348,0.483922,0.09385,0.090759,True
TRIGGER,20-210,NEG,6.592,0.2494375,0.483922,0.09385,0.090759,True
TRIGGER,20-210,NEG,6.836,0.2269898,0.483922,0.09385,0.090759,True
TRIGGER,20-210,NEG,7.08,0.2051015,0.483922,0.09385,0.090759,True
TRIGGER,20-210,NEG,7.324,0.1838609,0.483922,0.09385,0.090759,True
TRIGGER,20-210,NEG,7.568,0.1633305,0.483922,0.09385,0.090759,True
TRIGGER,20-210,NEG,7.812,0.1435453,0.483922,0.09385,0.090759,True
TRIGGER,20-210,NEG,8.056,0.1245144,0.483922,0.09385,0.090759,True
TRIGGER,20-210,NEG,8.3,0.1062243,0.483922,0.09385,0.090759,True
TRIGGER,20-210,NEG,8.544,0.0886438,0.483922,0.09385,0.090759,True
TRIGGER,20-210,NEG,8.788,0.07173,0.483922,0.09385,0.090759,True
TRIGGER,20-210,NEG,9.032,0.0554337,0.483922,0.09385,0.090759,True
TRIGGER,20-210,NEG,9.276,0.0397051,0.483922,0.09385,0.090759,True
TRIGGER,20-210,NEG,9.52,0.0244978,0.483922,0.09385,0.090759,True
TRIGGER,20-210,NEG,9.764,0.0097724,0.483922,0.09385,0.090759,True
TRIGGER,20-210,NEG,10.008,-0.0045017,0.483922,0.09385,0.090759,True
OFF_m500,20-40,POS,-50.0,-0.1940081,0.999567,0.00359,0.020188,False
OFF_m500,20-40,POS,-49.0,-0.1992392,0.999567,0.00359,0.020188,False
OFF_m500,20-40,POS,-48.0,-0.200865,0.999567,0.00359,0.020188,False
OFF_m500,20-40,POS,-47.0,-0.1991154,0.999567,0.00359,0.020188,False
OFF_m500,20-40,POS,-46.0,-0.1926977,0.999567,0.00359,0.020188,False
OFF_m500,20-40,POS,-45.0,-0.1846896,0.999567,0.00359,0.020188,False
OFF_m500,20-40,POS,-44.0,-0.17463,0.999567,0.00359,0.020188,False
OFF_m500,20-40,POS,-43.0,-0.1629908,0.999567,0.00359,0.020188,False
OFF_m500,20-40,POS,-42.0,-0.150214,0.999567,0.00359,0.020188,False
OFF_m500,20-40,POS,-41.0,-0.1366779,0.999567,0.00359,0.020188,False
OFF_m500,20-40,POS,-40.0,-0.1226672,0.999567,0.00359,0.020188,False
OFF_m500,20-40,POS,-39.0,-0.1083486,0.999567,0.00359,0.020188,False
OFF_m500,20-40,POS,-38.0,-0.0937552,0.999567,0.00359,0.020188,False
OFF_m500,20-40,POS,-37.0,-0.0787797,0.999567,0.00359,0.020188,False
OFF_m500,20-40,POS,-36.0,-0.0591398,0.999567,0.00359,0.020188,False
OFF_m500,20-40,POS,-35.0,-0.0422318,0.999567,0.00359,0.020188,False
OFF_m500,20-40,POS,-34.0,-0.0237496,0.999567,0.00359,0.020188,False
OFF_m500,20-40,POS,-33.0,-0.0031695,0.999567,0.00359,0.020188,False
OFF_m500,20-40,POS,-32.0,0.020031,0.999567,0.00359,0.020188,False
OFF_m500,20-40,POS,-31.0,0.0463202,0.999567,0.00359,0.020188,False
OFF_m500,20-40,POS,-30.0,0.0760555,0.999567,0.00359,0.020188,False
OFF_m500,20-40,POS,-29.0,0.109427,0.999567,0.00359,0.020188,False
OFF_m500,20-40,POS,-28.0,0.1464054,0.999567,0.00359,0.020188,False
OFF_m500,20-40,POS,-27.0,0.1866974,0.999567,0.00359,0.020188,False
OFF_m500,20-40,POS,-26.0,0.2407923,0.999567,0.00359,0.020188,False
OFF_m500,20-40,POS,-25.0,0.2858978,0.999567,0.00359,0.020188,False
OFF_m500,20-40,POS,-24.0,0.3312392,0.999567,0.00359,0.020188,False
OFF_m500,20-40,POS,-23.0,0.3752195,0.999567,0.00359,0.020188,False
OFF_m500,20-40,POS,-22.0,0.4159896,0.999567,0.00359,0.020188,False
OFF_m500,20-40,POS,-21.0,0.4515099,0.999567,0.00359,0.020188,False
OFF_m500,20-40,POS,-20.0,0.4796299,0.999567,0.00359,0.020188,False
OFF_m500,20-40,POS,-19.0,0.4981831,0.999567,0.00359,0.020188,False
OFF_m500,20-40,POS,-18.0,0.5050936,0.999567,0.00359,0.020188,False
OFF_m500,20-40,POS,-17.0,0.4984902,0.999567,0.00359,0.020188,False
OFF_m500,20-40,POS,-16.0,0.4768211,0.999567,0.00359,0.020188,False
OFF_m500,20-40,POS,-15.0,0.4268902,0.999567,0.00359,0.020188,False
OFF_m500,20-40,POS,-14.0,0.3680424,0.999567,0.00359,0.020188,False
OFF_m500,20-40,POS,-13.0,0.2925541,0.999567,0.00359,0.020188,False
OFF_m500,20-40,POS,-12.0,0.2013037,0.999567,0.00359,0.020188,False
OFF_m500,20-40,POS,-11.0,0.0958853,0.999567,0.00359,0.020188,False
OFF_m500,20-40,POS,-10.0,-0.021395,0.999567,0.00359,0.020188,True
OFF_m500,20-40,POS,-9.0,-0.1475574,0.999567,0.00359,0.020188,True
OFF_m500,20-40,POS,-8.0,-0.2790202,0.999567,0.00359,0.020188,True
OFF_m500,20-40,POS,-7.0,-0.4117049,0.999567,0.00359,0.020188,True
OFF_m500,20-40,POS,-6.0,-0.5411713,0.999567,0.00359,0.020188,True
OFF_m500,20-40,POS,-5.0,-0.6914023,0.999567,0.00359,0.020188,True
OFF_m500,20-40,POS,-4.0,-0.7966415,0.999567,0.00359,0.020188,True
OFF_m500,20-40,POS,-3.0,-0.8837904,0.999567,0.00359,0.020188,True
OFF_m500,20-40,POS,-2.0,-0.9488422,0.999567,0.00359,0.020188,True
OFF_m500,20-40,POS,-1.0,-0.9883899,0.999567,0.00359,0.020188,True
OFF_m500,20-40,POS,0.0,-0.9997962,0.999567,0.00359,0.020188,True
OFF_m500,20-40,POS,1.0,-0.9817133,0.999567,0.00359,0.020188,True
OFF_m500,20-40,POS,2.0,-0.9360646,0.999567,0.00359,0.020188,True
OFF_m500,20-40,POS,3.0,-0.8656664,0.999567,0.00359,0.020188,True
OFF_m500,20-40,POS,4.0,-0.7740659,0.999567,0.00359,0.020188,True
OFF_m500,20-40,POS,5.0,-0.6653677,0.999567,0.00359,0.020188,True
OFF_m500,20-40,POS,6.0,-0.5122858,0.999567,0.00359,0.020188,True
OFF_m500,20-40,POS,7.0,-0.3817227,0.999567,0.00359,0.020188,True
OFF_m500,20-40,POS,8.0,-0.2489511,0.999567,0.00359,0.020188,True
OFF_m500,20-40,POS,9.0,-0.1183337,0.999567,0.00359,0.020188,True
OFF_m500,20-40,POS,10.0,0.0061589,0.999567,0.00359,0.020188,True
OFF_m500,20-40,POS,11.0,0.1210766,0.999567,0.00359,0.020188,False
OFF_m500,20-40,POS,12.0,0.2235872,0.999567,0.00359,0.020188,False
OFF_m500,20-40,POS,13.0,0.311541,0.999567,0.00359,0.020188,False
OFF_m500,20-40,POS,14.0,0.3835007,0.999567,0.00359,0.020188,False
OFF_m500,20-40,POS,15.0,0.4387392,0.999567,0.00359,0.020188,False
OFF_m500,20-40,POS,16.0,0.4842552,0.999567,0.00359,0.020188,False
OFF_m500,20-40,POS,17.0,0.5026149,0.999567,0.00359,0.020188,False
OFF_m500,20-40,POS,18.0,0.5062109,0.999567,0.00359,0.020188,False
OFF_m500,20-40,POS,19.0,0.4966657,0.999567,0.00359,0.020188,False
OFF_m500,20-40,POS,20.0,0.4758964,0.999567,0.00359,0.020188,False
OFF_m500,20-40,POS,21.0,0.4459999,0.999567,0.00359,0.020188,False
OFF_m500,20-40,POS,22.0,0.4091412,0.999567,0.00359,0.020188,False
OFF_m500,20-40,POS,23.0,0.3674489,0.999567,0.00359,0.020188,False
OFF_m500,20-40,POS,24.0,0.322924,0.999567,0.00359,0.020188,False
OFF_m500,20-40,POS,25.0,0.2773641,0.999567,0.00359,0.020188,False
OFF_m500,20-40,POS,26.0,0.2323061,0.999567,0.00359,0.020188,False
OFF_m500,20-40,POS,27.0,0.1785469,0.999567,0.00359,0.020188,False
OFF_m500,20-40,POS,28.0,0.1386667,0.999567,0.00359,0.020188,False
OFF_m500,20-40,POS,29.0,0.1021629,0.999567,0.00359,0.020188,False
OFF_m500,20-40,POS,30.0,0.0692772,0.999567,0.00359,0.020188,False
OFF_m500,20-40,POS,31.0,0.0399969,0.999567,0.00359,0.020188,False
OFF_m500,20-40,POS,32.0,0.0141012,0.999567,0.00359,0.020188,False
OFF_m500,20-40,POS,33.0,-0.0087858,0.999567,0.00359,0.020188,False
OFF_m500,20-40,POS,34.0,-0.0291391,0.999567,0.00359,0.020188,False
OFF_m500,20-40,POS,35.0,-0.0474773,0.999567,0.00359,0.020188,False
OFF_m500,20-40,POS,36.0,-0.0643101,0.999567,0.00359,0.020188,False
OFF_m500,20-40,POS,37.0,-0.0839195,0.999567,0.00359,0.020188,False
OFF_m500,20-40,POS,38.0,-0.0988882,0.999567,0.00359,0.020188,False
OFF_m500,20-40,POS,39.0,-0.1134578,0.999567,0.00359,0.020188,False
OFF_m500,20-40,POS,40.0,-0.1277055,0.999567,0.00359,0.020188,False
OFF_m500,20-40,POS,41.0,-0.1415708,0.999567,0.00359,0.020188,False
OFF_m500,20-40,POS,42.0,-0.1548635,0.999567,0.00359,0.020188,False
OFF_m500,20-40,POS,43.0,-0.1672818,0.999567,0.00359,0.020188,False
OFF_m500,20-40,POS,44.0,-0.1784375,0.999567,0.00359,0.020188,False
OFF_m500,20-40,POS,45.0,-0.1878865,0.999567,0.00359,0.020188,False
OFF_m500,20-40,POS,46.0,-0.1951628,0.999567,0.00359,0.020188,False
OFF_m500,20-40,POS,47.0,-0.2005166,0.999567,0.00359,0.020188,False
OFF_m500,20-40,POS,48.0,-0.2013218,0.999567,0.00359,0.020188,False
OFF_m500,20-40,POS,49.0,-0.1986979,0.999567,0.00359,0.020188,False
OFF_m500,20-40,POS,50.0,-0.1924467,0.999567,0.00359,0.020188,False
OFF_m500,20-40,NEG,-10.0,0.021395,0.999567,0.00359,0.020188,True
OFF_m500,20-40,NEG,-9.756,0.0522332,0.999567,0.00359,0.020188,True
OFF_m500,20-40,NEG,-9.512,0.0835767,0.999567,0.00359,0.020188,True
OFF_m500,20-40,NEG,-9.268,0.1153705,0.999567,0.00359,0.020188,True
OFF_m500,20-40,NEG,-9.024,0.1475574,0.999567,0.00359,0.020188,True
OFF_m500,20-40,NEG,-8.78,0.1800779,0.999567,0.00359,0.020188,True
OFF_m500,20-40,NEG,-8.536,0.2128709,0.999567,0.00359,0.020188,True
OFF_m500,20-40,NEG,-8.292,0.2458733,0.999567,0.00359,0.020188,True
OFF_m500,20-40,NEG,-8.048,0.2790202,0.999567,0.00359,0.020188,True
OFF_m500,20-40,NEG,-7.804,0.3122453,0.999567,0.00359,0.020188,True
OFF_m500,20-40,NEG,-7.56,0.3454806,0.999567,0.00359,0.020188,True
OFF_m500,20-40,NEG,-7.316,0.3786573,0.999567,0.00359,0.020188,True
OFF_m500,20-40,NEG,-7.072,0.4117049,0.999567,0.00359,0.020188,True
OFF_m500,20-40,NEG,-6.828,0.4445524,0.999567,0.00359,0.020188,True
OFF_m500,20-40,NEG,-6.584,0.4771278,0.999567,0.00359,0.020188,True
OFF_m500,20-40,NEG,-6.34,0.5093584,0.999567,0.00359,0.020188,True
OFF_m500,20-40,NEG,-6.096,0.5411713,0.999567,0.00359,0.020188,True
OFF_m500,20-40,NEG,-5.852,0.5724929,0.999567,0.00359,0.020188,True
OFF_m500,20-40,NEG,-5.608,0.6032501,0.999567,0.00359,0.020188,True
OFF_m500,20-40,NEG,-5.364,0.6333693,0.999567,0.00359,0.020188,True
OFF_m500,20-40,NEG,-5.12,0.6627775,0.999567,0.00359,0.020188,True
OFF_m500,20-40,NEG,-4.876,0.6914023,0.999567,0.00359,0.020188,True
OFF_m500,20-40,NEG,-4.632,0.7191716,0.999567,0.00359,0.020188,True
OFF_m500,20-40,NEG,-4.388,0.7460143,0.999567,0.00359,0.020188,True
OFF_m500,20-40,NEG,-4.144,0.7718606,0.999567,0.00359,0.020188,True
OFF_m500,20-40,NEG,-3.9,0.7966415,0.999567,0.00359,0.020188,True
OFF_m500,20-40,NEG,-3.656,0.8202897,0.999567,0.00359,0.020188,True
OFF_m500,20-40,NEG,-3.412,0.8427396,0.999567,0.00359,0.020188,True
OFF_m500,20-40,NEG,-3.168,0.8639271,0.999567,0.00359,0.020188,True
OFF_m500,20-40,NEG,-2.924,0.8837904,0.999567,0.00359,0.020188,True
OFF_m500,20-40,NEG,-2.68,0.9022697,0.999567,0.00359,0.020188,True
OFF_m500,20-40,NEG,-2.436,0.9193076,0.999567,0.00359,0.020188,True
OFF_m500,20-40,NEG,-2.192,0.9348491,0.999567,0.00359,0.020188,True
OFF_m500,20-40,NEG,-1.948,0.9488422,0.999567,0.00359,0.020188,True
OFF_m500,20-40,NEG,-1.704,0.9612376,0.999567,0.00359,0.020188,True
OFF_m500,20-40,NEG,-1.46,0.9719888,0.999567,0.00359,0.020188,True
OFF_m500,20-40,NEG,-1.216,0.9810529,0.999567,0.00359,0.020188,True
OFF_m500,20-40,NEG,-0.972,0.9883899,0.999567,0.00359,0.020188,True
OFF_m500,20-40,NEG,-0.728,0.9939637,0.999567,0.00359,0.020188,True
OFF_m500,20-40,NEG,-0.484,0.9977414,0.999567,0.00359,0.020188,True
OFF_m500,20-40,NEG,-0.24,0.9996939,0.999567,0.00359,0.020188,True
OFF_m500,20-40,NEG,0.004,0.9997962,0.999567,0.00359,0.020188,True
OFF_m500,20-40,NEG,0.248,0.9979819,0.999567,0.00359,0.020188,True
OFF_m500,20-40,NEG,0.492,0.9943437,0.999567,0.00359,0.020188,True
OFF_m500,20-40,NEG,0.736,0.9889101,0.999567,0.00359,0.020188,True
OFF_m500,20-40,NEG,0.98,0.9817133,0.999567,0.00359,0.020188,True
OFF_m500,20-40,NEG,1.224,0.9727894,0.999567,0.00359,0.020188,True
OFF_m500,20-40,NEG,1.468,0.9621777,0.999567,0.00359,0.020188,True
OFF_m500,20-40,NEG,1.712,0.9499208,0.999567,0.00359,0.020188,True
OFF_m500,20-40,NEG,1.956,0.9360646,0.999567,0.00359,0.020188,True
OFF_m500,20-40,NEG,2.2,0.920658,0.999567,0.00359,0.020188,True
OFF_m500,20-40,NEG,2.444,0.9037527,0.999567,0.00359,0.020188,True
OFF_m500,20-40,NEG,2.688,0.8854032,0.999567,0.00359,0.020188,True
OFF_m500,20-40,NEG,2.932,0.8656664,0.999567,0.00359,0.020188,True
OFF_m500,20-40,NEG,3.176,0.8446018,0.999567,0.00359,0.020188,True
OFF_m500,20-40,NEG,3.42,0.8222708,0.999567,0.00359,0.020188,True
OFF_m500,20-40,NEG,3.664,0.7987371,0.999567,0.00359,0.020188,True
OFF_m500,20-40,NEG,3.908,0.7740659,0.999567,0.00359,0.020188,True
OFF_m500,20-40,NEG,4.152,0.7483243,0.999567,0.00359,0.020188,True
OFF_m500,20-40,NEG,4.396,0.7215808,0.999567,0.00359,0.020188,True
OFF_m500,20-40,NEG,4.64,0.693905,0.999567,0.00359,0.020188,True
OFF_m500,20-40,NEG,4.884,0.6653677,0.999567,0.00359,0.020188,True
OFF_m500,20-40,NEG,5.128,0.6360405,0.999567,0.00359,0.020188,True
OFF_m500,20-40,NEG,5.372,0.6059958,0.999567,0.00359,0.020188,True
OFF_m500,20-40,NEG,5.616,0.5753063,0.999567,0.00359,0.020188,True
OFF_m500,20-40,NEG,5.86,0.5440453,0.999567,0.00359,0.020188,True
OFF_m500,20-40,NEG,6.104,0.5122858,0.999567,0.00359,0.020188,True
OFF_m500,20-40,NEG,6.348,0.4801012,0.999567,0.00359,0.020188,True
OFF_m500,20-40,NEG,6.592,0.4475642,0.999567,0.00359,0.020188,True
OFF_m500,20-40,NEG,6.836,0.4147474,0.999567,0.00359,0.020188,True
OFF_m500,20-40,NEG,7.08,0.3817227,0.999567,0.00359,0.020188,True
OFF_m500,20-40,NEG,7.324,0.348561,0.999567,0.00359,0.020188,True
OFF_m500,20-40,NEG,7.568,0.3153327,0.999567,0.00359,0.020188,True
OFF_m500,20-40,NEG,7.812,0.2821068,0.999567,0.00359,0.020188,True
OFF_m500,20-40,NEG,8.056,0.2489511,0.999567,0.00359,0.020188,True
OFF_m500,20-40,NEG,8.3,0.2159319,0.999567,0.00359,0.020188,True
OFF_m500,20-40,NEG,8.544,0.1831141,0.999567,0.00359,0.020188,True
OFF_m500,20-40,NEG,8.788,0.1505609,0.999567,0.00359,0.020188,True
OFF_m500,20-40,NEG,9.032,0.1183337,0.999567,0.00359,0.020188,True
OFF_m500,20-40,NEG,9.276,0.0864918,0.999567,0.00359,0.020188,True
OFF_m500,20-40,NEG,9.52,0.0550927,0.999567,0.00359,0.020188,True
OFF_m500,20-40,NEG,9.764,0.0241914,0.999567,0.00359,0.020188,True
OFF_m500,20-40,NEG,10.008,-0.0061589,0.999567,0.00359,0.020188,True
OFF_m500,40-80,POS,-50.0,-0.0689813,0.997841,0.00302,0.015759,False
OFF_m500,40-80,POS,-49.0,-0.0756766,0.997841,0.00302,0.015759,False
OFF_m500,40-80,POS,-48.0,-0.0781678,0.997841,0.00302,0.015759,False
OFF_m500,40-80,POS,-47.0,-0.0767231,0.997841,0.00302,0.015759,False
OFF_m500,40-80,POS,-46.0,-0.0700046,0.997841,0.00302,0.015759,False
OFF_m500,40-80,POS,-45.0,-0.0611345,0.997841,0.00302,0.015759,False
OFF_m500,40-80,POS,-44.0,-0.0493341,0.997841,0.00302,0.015759,False
OFF_m500,40-80,POS,-43.0,-0.0345329,0.997841,0.00302,0.015759,False
OFF_m500,40-80,POS,-42.0,-0.0165246,0.997841,0.00302,0.015759,False
OFF_m500,40-80,POS,-41.0,0.0048433,0.997841,0.00302,0.015759,False
OFF_m500,40-80,POS,-40.0,0.029413,0.997841,0.00302,0.015759,False
OFF_m500,40-80,POS,-39.0,0.056456,0.997841,0.00302,0.015759,False
OFF_m500,40-80,POS,-38.0,0.084484,0.997841,0.00302,0.015759,False
OFF_m500,40-80,POS,-37.0,0.1112018,0.997841,0.00302,0.015759,False
OFF_m500,40-80,POS,-36.0,0.1382142,0.997841,0.00302,0.015759,False
OFF_m500,40-80,POS,-35.0,0.1507333,0.997841,0.00302,0.015759,False
OFF_m500,40-80,POS,-34.0,0.1519491,0.997841,0.00302,0.015759,False
OFF_m500,40-80,POS,-33.0,0.139834,0.997841,0.00302,0.015759,False
OFF_m500,40-80,POS,-32.0,0.1138022,0.997841,0.00302,0.015759,False
OFF_m500,40-80,POS,-31.0,0.0750389,0.997841,0.00302,0.015759,False
OFF_m500,40-80,POS,-30.0,0.026539,0.997841,0.00302,0.015759,False
OFF_m500,40-80,POS,-29.0,-0.0271914,0.997841,0.00302,0.015759,False
OFF_m500,40-80,POS,-28.0,-0.0807471,0.997841,0.00302,0.015759,False
OFF_m500,40-80,POS,-27.0,-0.1286541,0.997841,0.00302,0.015759,False
OFF_m500,40-80,POS,-26.0,-0.1736481,0.997841,0.00302,0.015759,False
OFF_m500,40-80,POS,-25.0,-0.1942948,0.997841,0.00302,0.015759,False
OFF_m500,40-80,POS,-24.0,-0.2006193,0.997841,0.00302,0.015759,False
OFF_m500,40-80,POS,-23.0,-0.1941297,0.997841,0.00302,0.015759,False
OFF_m500,40-80,POS,-22.0,-0.1777892,0.997841,0.00302,0.015759,False
OFF_m500,40-80,POS,-21.0,-0.1551101,0.997841,0.00302,0.015759,False
OFF_m500,40-80,POS,-20.0,-0.1290931,0.997841,0.00302,0.015759,False
OFF_m500,40-80,POS,-19.0,-0.1012733,0.997841,0.00302,0.015759,False
OFF_m500,40-80,POS,-18.0,-0.0711454,0.997841,0.00302,0.015759,False
OFF_m500,40-80,POS,-17.0,-0.0361795,0.997841,0.00302,0.015759,False
OFF_m500,40-80,POS,-16.0,0.0074818,0.997841,0.00302,0.015759,False
OFF_m500,40-80,POS,-15.0,0.0800553,0.997841,0.00302,0.015759,False
OFF_m500,40-80,POS,-14.0,0.1547456,0.997841,0.00302,0.015759,False
OFF_m500,40-80,POS,-13.0,0.2421097,0.997841,0.00302,0.015759,False
OFF_m500,40-80,POS,-12.0,0.3351841,0.997841,0.00302,0.015759,False
OFF_m500,40-80,POS,-11.0,0.4221292,0.997841,0.00302,0.015759,False
OFF_m500,40-80,POS,-10.0,0.4873071,0.997841,0.00302,0.015759,True
OFF_m500,40-80,POS,-9.0,0.5135442,0.997841,0.00302,0.015759,True
OFF_m500,40-80,POS,-8.0,0.4853051,0.997841,0.00302,0.015759,True
OFF_m500,40-80,POS,-7.0,0.3922523,0.997841,0.00302,0.015759,True
OFF_m500,40-80,POS,-6.0,0.2324902,0.997841,0.00302,0.015759,True
OFF_m500,40-80,POS,-5.0,-0.0466398,0.997841,0.00302,0.015759,True
OFF_m500,40-80,POS,-4.0,-0.307706,0.997841,0.00302,0.015759,True
OFF_m500,40-80,POS,-3.0,-0.5689114,0.997841,0.00302,0.015759,True
OFF_m500,40-80,POS,-2.0,-0.7940096,0.997841,0.00302,0.015759,True
OFF_m500,40-80,POS,-1.0,-0.9473488,0.997841,0.00302,0.015759,True
OFF_m500,40-80,POS,0.0,-0.9998758,0.997841,0.00302,0.015759,True
OFF_m500,40-80,POS,1.0,-0.9385828,0.997841,0.00302,0.015759,True
OFF_m500,40-80,POS,2.0,-0.7783495,0.997841,0.00302,0.015759,True
OFF_m500,40-80,POS,3.0,-0.5486954,0.997841,0.00302,0.015759,True
OFF_m500,40-80,POS,4.0,-0.2853978,0.997841,0.00302,0.015759,True
OFF_m500,40-80,POS,5.0,-0.0245239,0.997841,0.00302,0.015759,True
OFF_m500,40-80,POS,6.0,0.2517915,0.997841,0.00302,0.015759,True
OFF_m500,40-80,POS,7.0,0.4079145,0.997841,0.00302,0.015759,True
OFF_m500,40-80,POS,8.0,0.4967183,0.997841,0.00302,0.015759,True
OFF_m500,40-80,POS,9.0,0.5206064,0.997841,0.00302,0.015759,True
OFF_m500,40-80,POS,10.0,0.4903059,0.997841,0.00302,0.015759,True
OFF_m500,40-80,POS,11.0,0.4216009,0.997841,0.00302,0.015759,False
OFF_m500,40-80,POS,12.0,0.3317808,0.997841,0.00302,0.015759,False
OFF_m500,40-80,POS,13.0,0.2364944,0.997841,0.00302,0.015759,False
OFF_m500,40-80,POS,14.0,0.1475267,0.997841,0.00302,0.015759,False
OFF_m500,40-80,POS,15.0,0.0717609,0.997841,0.00302,0.015759,False
OFF_m500,40-80,POS,16.0,-0.0015243,0.997841,0.00302,0.015759,False
OFF_m500,40-80,POS,17.0,-0.0453035,0.997841,0.00302,0.015759,False
OFF_m500,40-80,POS,18.0,-0.0800029,0.997841,0.00302,0.015759,False
OFF_m500,40-80,POS,19.0,-0.1094773,0.997841,0.00302,0.015759,False
OFF_m500,40-80,POS,20.0,-0.1362556,0.997841,0.00302,0.015759,False
OFF_m500,40-80,POS,21.0,-0.1608627,0.997841,0.00302,0.015759,False
OFF_m500,40-80,POS,22.0,-0.1818167,0.997841,0.00302,0.015759,False
OFF_m500,40-80,POS,23.0,-0.1962099,0.997841,0.00302,0.015759,False
OFF_m500,40-80,POS,24.0,-0.2006577,0.997841,0.00302,0.015759,False
OFF_m500,40-80,POS,25.0,-0.1923473,0.997841,0.00302,0.015759,False
OFF_m500,40-80,POS,26.0,-0.1699239,0.997841,0.00302,0.015759,False
OFF_m500,40-80,POS,27.0,-0.1232091,0.997841,0.00302,0.015759,False
OFF_m500,40-80,POS,28.0,-0.074443,0.997841,0.00302,0.015759,False
OFF_m500,40-80,POS,29.0,-0.0205378,0.997841,0.00302,0.015759,False
OFF_m500,40-80,POS,30.0,0.0330416,0.997841,0.00302,0.015759,False
OFF_m500,40-80,POS,31.0,0.0809457,0.997841,0.00302,0.015759,False
OFF_m500,40-80,POS,32.0,0.1187593,0.997841,0.00302,0.015759,False
OFF_m500,40-80,POS,33.0,0.1435991,0.997841,0.00302,0.015759,False
OFF_m500,40-80,POS,34.0,0.1543971,0.997841,0.00302,0.015759,False
OFF_m500,40-80,POS,35.0,0.1518478,0.997841,0.00302,0.015759,False
OFF_m500,40-80,POS,36.0,0.1380699,0.997841,0.00302,0.015759,False
OFF_m500,40-80,POS,37.0,0.1096901,0.997841,0.00302,0.015759,False
OFF_m500,40-80,POS,38.0,0.0820944,0.997841,0.00302,0.015759,False
OFF_m500,40-80,POS,39.0,0.0534027,0.997841,0.00302,0.015759,False
OFF_m500,40-80,POS,40.0,0.0259152,0.997841,0.00302,0.015759,False
OFF_m500,40-80,POS,41.0,0.001116,0.997841,0.00302,0.015759,False
OFF_m500,40-80,POS,42.0,-0.020276,0.997841,0.00302,0.015759,False
OFF_m500,40-80,POS,43.0,-0.038116,0.997841,0.00302,0.015759,False
OFF_m500,40-80,POS,44.0,-0.0525725,0.997841,0.00302,0.015759,False
OFF_m500,40-80,POS,45.0,-0.0638717,0.997841,0.00302,0.015759,False
OFF_m500,40-80,POS,46.0,-0.0721103,0.997841,0.00302,0.015759,False
OFF_m500,40-80,POS,47.0,-0.0779075,0.997841,0.00302,0.015759,False
OFF_m500,40-80,POS,48.0,-0.0785605,0.997841,0.00302,0.015759,False
OFF_m500,40-80,POS,49.0,-0.0752805,0.997841,0.00302,0.015759,False
OFF_m500,40-80,POS,50.0,-0.0678497,0.997841,0.00302,0.015759,False
OFF_m500,40-80,NEG,-10.0,-0.4873071,0.997841,0.00302,0.015759,True
OFF_m500,40-80,NEG,-9.756,-0.498179,0.997841,0.00302,0.015759,True
OFF_m500,40-80,NEG,-9.512,-0.506344,0.997841,0.00302,0.015759,True
OFF_m500,40-80,NEG,-9.268,-0.5115465,0.997841,0.00302,0.015759,True
OFF_m500,40-80,NEG,-9.024,-0.5135442,0.997841,0.00302,0.015759,True
OFF_m500,40-80,NEG,-8.78,-0.5121115,0.997841,0.00302,0.015759,True
OFF_m500,40-80,NEG,-8.536,-0.5070435,0.997841,0.00302,0.015759,True
OFF_m500,40-80,NEG,-8.292,-0.4981592,0.997841,0.00302,0.015759,True
OFF_m500,40-80,NEG,-8.048,-0.4853051,0.997841,0.00302,0.015759,True
OFF_m500,40-80,NEG,-7.804,-0.4683582,0.997841,0.00302,0.015759,True
OFF_m500,40-80,NEG,-7.56,-0.4472293,0.997841,0.00302,0.015759,True
OFF_m500,40-80,NEG,-7.316,-0.4218653,0.997841,0.00302,0.015759,True
OFF_m500,40-80,NEG,-7.072,-0.3922523,0.997841,0.00302,0.015759,True
OFF_m500,40-80,NEG,-6.828,-0.3584168,0.997841,0.00302,0.015759,True
OFF_m500,40-80,NEG,-6.584,-0.3204284,0.997841,0.00302,0.015759,True
OFF_m500,40-80,NEG,-6.34,-0.2784003,0.997841,0.00302,0.015759,True
OFF_m500,40-80,NEG,-6.096,-0.2324902,0.997841,0.00302,0.015759,True
OFF_m500,40-80,NEG,-5.852,-0.1829011,0.997841,0.00302,0.015759,True
OFF_m500,40-80,NEG,-5.608,-0.1298806,0.997841,0.00302,0.015759,True
OFF_m500,40-80,NEG,-5.364,-0.0737203,0.997841,0.00302,0.015759,True
OFF_m500,40-80,NEG,-5.12,-0.014755,0.997841,0.00302,0.015759,True
OFF_m500,40-80,NEG,-4.876,0.0466398,0.997841,0.00302,0.015759,True
OFF_m500,40-80,NEG,-4.632,0.1100496,0.997841,0.00302,0.015759,True
OFF_m500,40-80,NEG,-4.388,0.1750241,0.997841,0.00302,0.015759,True
OFF_m500,40-80,NEG,-4.144,0.2410801,0.997841,0.00302,0.015759,True
OFF_m500,40-80,NEG,-3.9,0.307706,0.997841,0.00302,0.015759,True
OFF_m500,40-80,NEG,-3.656,0.3743653,0.997841,0.00302,0.015759,True
OFF_m500,40-80,NEG,-3.412,0.4405016,0.997841,0.00302,0.015759,True
OFF_m500,40-80,NEG,-3.168,0.5055439,0.997841,0.00302,0.015759,True
OFF_m500,40-80,NEG,-2.924,0.5689114,0.997841,0.00302,0.015759,True
OFF_m500,40-80,NEG,-2.68,0.6300198,0.997841,0.00302,0.015759,True
OFF_m500,40-80,NEG,-2.436,0.6882863,0.997841,0.00302,0.015759,True
OFF_m500,40-80,NEG,-2.192,0.7431365,0.997841,0.00302,0.015759,True
OFF_m500,40-80,NEG,-1.948,0.7940096,0.997841,0.00302,0.015759,True
OFF_m500,40-80,NEG,-1.704,0.8403653,0.997841,0.00302,0.015759,True
OFF_m500,40-80,NEG,-1.46,0.8816891,0.997841,0.00302,0.015759,True
OFF_m500,40-80,NEG,-1.216,0.9174985,0.997841,0.00302,0.015759,True
OFF_m500,40-80,NEG,-0.972,0.9473488,0.997841,0.00302,0.015759,True
OFF_m500,40-80,NEG,-0.728,0.9708384,0.997841,0.00302,0.015759,True
OFF_m500,40-80,NEG,-0.484,0.9876137,0.997841,0.00302,0.015759,True
OFF_m500,40-80,NEG,-0.24,0.9973741,0.997841,0.00302,0.015759,True
OFF_m500,40-80,NEG,0.004,0.9998758,0.997841,0.00302,0.015759,True
OFF_m500,40-80,NEG,0.248,0.9950452,0.997841,0.00302,0.015759,True
OFF_m500,40-80,NEG,0.492,0.9830391,0.997841,0.00302,0.015759,True
OFF_m500,40-80,NEG,0.736,0.9641141,0.997841,0.00302,0.015759,True
OFF_m500,40-80,NEG,0.98,0.9385828,0.997841,0.00302,0.015759,True
OFF_m500,40-80,NEG,1.224,0.9068094,0.997841,0.00302,0.015759,True
OFF_m500,40-80,NEG,1.468,0.8692048,0.997841,0.00302,0.015759,True
OFF_m500,40-80,NEG,1.712,0.8262218,0.997841,0.00302,0.015759,True
OFF_m500,40-80,NEG,1.956,0.7783495,0.997841,0.00302,0.015759,True
OFF_m500,40-80,NEG,2.2,0.7261076,0.997841,0.00302,0.015759,True
OFF_m500,40-80,NEG,2.444,0.6700403,0.997841,0.00302,0.015759,True
OFF_m500,40-80,NEG,2.688,0.610711,0.997841,0.00302,0.015759,True
OFF_m500,40-80,NEG,2.932,0.5486954,0.997841,0.00302,0.015759,True
OFF_m500,40-80,NEG,3.176,0.4845761,0.997841,0.00302,0.015759,True
OFF_m500,40-80,NEG,3.42,0.4189363,0.997841,0.00302,0.015759,True
OFF_m500,40-80,NEG,3.664,0.3523543,0.997841,0.00302,0.015759,True
OFF_m500,40-80,NEG,3.908,0.2853978,0.997841,0.00302,0.015759,True
OFF_m500,40-80,NEG,4.152,0.2186186,0.997841,0.00302,0.015759,True
OFF_m500,40-80,NEG,4.396,0.1525477,0.997841,0.00302,0.015759,True
OFF_m500,40-80,NEG,4.64,0.0876908,0.997841,0.00302,0.015759,True
OFF_m500,40-80,NEG,4.884,0.0245239,0.997841,0.00302,0.015759,True
OFF_m500,40-80,NEG,5.128,-0.0365102,0.997841,0.00302,0.015759,True
OFF_m500,40-80,NEG,5.372,-0.095005,0.997841,0.00302,0.015759,True
OFF_m500,40-80,NEG,5.616,-0.1505935,0.997841,0.00302,0.015759,True
OFF_m500,40-80,NEG,5.86,-0.2029499,0.997841,0.00302,0.015759,True
OFF_m500,40-80,NEG,6.104,-0.2517915,0.997841,0.00302,0.015759,True
OFF_m500,40-80,NEG,6.348,-0.29688,0.997841,0.00302,0.015759,True
OFF_m500,40-80,NEG,6.592,-0.3380217,0.997841,0.00302,0.015759,True
OFF_m500,40-80,NEG,6.836,-0.3750679,0.997841,0.00302,0.015759,True
OFF_m500,40-80,NEG,7.08,-0.4079145,0.997841,0.00302,0.015759,True
OFF_m500,40-80,NEG,7.324,-0.436501,0.997841,0.00302,0.015759,True
OFF_m500,40-80,NEG,7.568,-0.4608092,0.997841,0.00302,0.015759,True
OFF_m500,40-80,NEG,7.812,-0.4808613,0.997841,0.00302,0.015759,True
OFF_m500,40-80,NEG,8.056,-0.4967183,0.997841,0.00302,0.015759,True
OFF_m500,40-80,NEG,8.3,-0.5084767,0.997841,0.00302,0.015759,True
OFF_m500,40-80,NEG,8.544,-0.5162664,0.997841,0.00302,0.015759,True
OFF_m500,40-80,NEG,8.788,-0.5202473,0.997841,0.00302,0.015759,True
OFF_m500,40-80,NEG,9.032,-0.5206064,0.997841,0.00302,0.015759,True
OFF_m500,40-80,NEG,9.276,-0.5175538,0.997841,0.00302,0.015759,True
OFF_m500,40-80,NEG,9.52,-0.5113197,0.997841,0.00302,0.015759,True
OFF_m500,40-80,NEG,9.764,-0.5021507,0.997841,0.00302,0.015759,True
OFF_m500,40-80,NEG,10.008,-0.4903059,0.997841,0.00302,0.015759,True
OFF_m500,80-120,POS,-50.0,-0.0430476,0.983917,0.00342,0.016732,False
OFF_m500,80-120,POS,-49.0,-0.0453291,0.983917,0.00342,0.016732,False
OFF_m500,80-120,POS,-48.0,-0.0371132,0.983917,0.00342,0.016732,False
OFF_m500,80-120,POS,-47.0,-0.0223901,0.983917,0.00342,0.016732,False
OFF_m500,80-120,POS,-46.0,-0.0014216,0.983917,0.00342,0.016732,False
OFF_m500,80-120,POS,-45.0,0.0141806,0.983917,0.00342,0.016732,False
OFF_m500,80-120,POS,-44.0,0.0280631,0.983917,0.00342,0.016732,False
OFF_m500,80-120,POS,-43.0,0.0402075,0.983917,0.00342,0.016732,False
OFF_m500,80-120,POS,-42.0,0.049217,0.983917,0.00342,0.016732,False
OFF_m500,80-120,POS,-41.0,0.0513838,0.983917,0.00342,0.016732,False
OFF_m500,80-120,POS,-40.0,0.041718,0.983917,0.00342,0.016732,False
OFF_m500,80-120,POS,-39.0,0.0168568,0.983917,0.00342,0.016732,False
OFF_m500,80-120,POS,-38.0,-0.0214915,0.983917,0.00342,0.016732,False
OFF_m500,80-120,POS,-37.0,-0.0646264,0.983917,0.00342,0.016732,False
OFF_m500,80-120,POS,-36.0,-0.103177,0.983917,0.00342,0.016732,False
OFF_m500,80-120,POS,-35.0,-0.1037915,0.983917,0.00342,0.016732,False
OFF_m500,80-120,POS,-34.0,-0.0694807,0.983917,0.00342,0.016732,False
OFF_m500,80-120,POS,-33.0,-0.0057936,0.983917,0.00342,0.016732,False
OFF_m500,80-120,POS,-32.0,0.0690545,0.983917,0.00342,0.016732,False
OFF_m500,80-120,POS,-31.0,0.1296569,0.983917,0.00342,0.016732,False
OFF_m500,80-120,POS,-30.0,0.1529218,0.983917,0.00342,0.016732,False
OFF_m500,80-120,POS,-29.0,0.1277634,0.983917,0.00342,0.016732,False
OFF_m500,80-120,POS,-28.0,0.0605566,0.983917,0.00342,0.016732,False
OFF_m500,80-120,POS,-27.0,-0.0265119,0.983917,0.00342,0.016732,False
OFF_m500,80-120,POS,-26.0,-0.1186124,0.983917,0.00342,0.016732,False
OFF_m500,80-120,POS,-25.0,-0.1504264,0.983917,0.00342,0.016732,False
OFF_m500,80-120,POS,-24.0,-0.1371187,0.983917,0.00342,0.016732,False
OFF_m500,80-120,POS,-23.0,-0.0894849,0.983917,0.00342,0.016732,False
OFF_m500,80-120,POS,-22.0,-0.0286744,0.983917,0.00342,0.016732,False
OFF_m500,80-120,POS,-21.0,0.02486,0.983917,0.00342,0.016732,False
OFF_m500,80-120,POS,-20.0,0.0609214,0.983917,0.00342,0.016732,False
OFF_m500,80-120,POS,-19.0,0.0824001,0.983917,0.00342,0.016732,False
OFF_m500,80-120,POS,-18.0,0.0996927,0.983917,0.00342,0.016732,False
OFF_m500,80-120,POS,-17.0,0.119846,0.983917,0.00342,0.016732,False
OFF_m500,80-120,POS,-16.0,0.1370871,0.983917,0.00342,0.016732,False
OFF_m500,80-120,POS,-15.0,0.1235114,0.983917,0.00342,0.016732,False
OFF_m500,80-120,POS,-14.0,0.0560294,0.983917,0.00342,0.016732,False
OFF_m500,80-120,POS,-13.0,-0.0694907,0.983917,0.00342,0.016732,False
OFF_m500,80-120,POS,-12.0,-0.2278741,0.983917,0.00342,0.016732,False
OFF_m500,80-120,POS,-11.0,-0.3627767,0.983917,0.00342,0.016732,False
OFF_m500,80-120,POS,-10.0,-0.4046205,0.983917,0.00342,0.016732,True
OFF_m500,80-120,POS,-9.0,-0.3018733,0.983917,0.00342,0.016732,True
OFF_m500,80-120,POS,-8.0,-0.0525627,0.983917,0.00342,0.016732,True
OFF_m500,80-120,POS,-7.0,0.2802534,0.983917,0.00342,0.016732,True
OFF_m500,80-120,POS,-6.0,0.5806668,0.983917,0.00342,0.016732,True
OFF_m500,80-120,POS,-5.0,0.7175986,0.983917,0.00342,0.016732,True
OFF_m500,80-120,POS,-4.0,0.5420059,0.983917,0.00342,0.016732,True
OFF_m500,80-120,POS,-3.0,0.1339067,0.983917,0.00342,0.016732,True
OFF_m500,80-120,POS,-2.0,-0.3818637,0.983917,0.00342,0.016732,True
OFF_m500,80-120,POS,-1.0,-0.8191308,0.983917,0.00342,0.016732,True
OFF_m500,80-120,POS,0.0,-0.99986,0.983917,0.00342,0.016732,True
OFF_m500,80-120,POS,1.0,-0.8346706,0.983917,0.00342,0.016732,True
OFF_m500,80-120,POS,2.0,-0.4052264,0.983917,0.00342,0.016732,True
OFF_m500,80-120,POS,3.0,0.1122509,0.983917,0.00342,0.016732,True
OFF_m500,80-120,POS,4.0,0.5294877,0.983917,0.00342,0.016732,True
OFF_m500,80-120,POS,5.0,0.7170124,0.983917,0.00342,0.016732,True
OFF_m500,80-120,POS,6.0,0.5915282,0.983917,0.00342,0.016732,True
OFF_m500,80-120,POS,7.0,0.2939694,0.983917,0.00342,0.016732,True
OFF_m500,80-120,POS,8.0,-0.0415893,0.983917,0.00342,0.016732,True
OFF_m500,80-120,POS,9.0,-0.2968681,0.983917,0.00342,0.016732,True
OFF_m500,80-120,POS,10.0,-0.4056582,0.983917,0.00342,0.016732,True
OFF_m500,80-120,POS,11.0,-0.367495,0.983917,0.00342,0.016732,False
OFF_m500,80-120,POS,12.0,-0.2330919,0.983917,0.00342,0.016732,False
OFF_m500,80-120,POS,13.0,-0.0728395,0.983917,0.00342,0.016732,False
OFF_m500,80-120,POS,14.0,0.055211,0.983917,0.00342,0.016732,False
OFF_m500,80-120,POS,15.0,0.1243004,0.983917,0.00342,0.016732,False
OFF_m500,80-120,POS,16.0,0.1376434,0.983917,0.00342,0.016732,False
OFF_m500,80-120,POS,17.0,0.1190363,0.983917,0.00342,0.016732,False
OFF_m500,80-120,POS,18.0,0.0976959,0.983917,0.00342,0.016732,False
OFF_m500,80-120,POS,19.0,0.0803719,0.983917,0.00342,0.016732,False
OFF_m500,80-120,POS,20.0,0.0602687,0.983917,0.00342,0.016732,False
OFF_m500,80-120,POS,21.0,0.0264048,0.983917,0.00342,0.016732,False
OFF_m500,80-120,POS,22.0,-0.0251922,0.983917,0.00342,0.016732,False
OFF_m500,80-120,POS,23.0,-0.0853288,0.983917,0.00342,0.016732,False
OFF_m500,80-120,POS,24.0,-0.1339669,0.983917,0.00342,0.016732,False
OFF_m500,80-120,POS,25.0,-0.149588,0.983917,0.00342,0.016732,False
OFF_m500,80-120,POS,26.0,-0.1204354,0.983917,0.00342,0.016732,False
OFF_m500,80-120,POS,27.0,-0.0305161,0.983917,0.00342,0.016732,False
OFF_m500,80-120,POS,28.0,0.0565167,0.983917,0.00342,0.016732,False
OFF_m500,80-120,POS,29.0,0.1251457,0.983917,0.00342,0.016732,False
OFF_m500,80-120,POS,30.0,0.1525019,0.983917,0.00342,0.016732,False
OFF_m500,80-120,POS,31.0,0.1312916,0.983917,0.00342,0.016732,False
OFF_m500,80-120,POS,32.0,0.0718564,0.983917,0.00342,0.016732,False
OFF_m500,80-120,POS,33.0,-0.0029964,0.983917,0.00342,0.016732,False
OFF_m500,80-120,POS,34.0,-0.0676353,0.983917,0.00342,0.016732,False
OFF_m500,80-120,POS,35.0,-0.1032887,0.983917,0.00342,0.016732,False
OFF_m500,80-120,POS,36.0,-0.1038131,0.983917,0.00342,0.016732,False
OFF_m500,80-120,POS,37.0,-0.0658651,0.983917,0.00342,0.016732,False
OFF_m500,80-120,POS,38.0,-0.0225602,0.983917,0.00342,0.016732,False
OFF_m500,80-120,POS,39.0,0.0162437,0.983917,0.00342,0.016732,False
OFF_m500,80-120,POS,40.0,0.0415131,0.983917,0.00342,0.016732,False
OFF_m500,80-120,POS,41.0,0.0513382,0.983917,0.00342,0.016732,False
OFF_m500,80-120,POS,42.0,0.0490902,0.983917,0.00342,0.016732,False
OFF_m500,80-120,POS,43.0,0.0399333,0.983917,0.00342,0.016732,False
OFF_m500,80-120,POS,44.0,0.027785,0.983917,0.00342,0.016732,False
OFF_m500,80-120,POS,45.0,0.0141523,0.983917,0.00342,0.016732,False
OFF_m500,80-120,POS,46.0,-0.0010054,0.983917,0.00342,0.016732,False
OFF_m500,80-120,POS,47.0,-0.0214535,0.983917,0.00342,0.016732,False
OFF_m500,80-120,POS,48.0,-0.0360637,0.983917,0.00342,0.016732,False
OFF_m500,80-120,POS,49.0,-0.0445597,0.983917,0.00342,0.016732,False
OFF_m500,80-120,POS,50.0,-0.0428805,0.983917,0.00342,0.016732,False
OFF_m500,80-120,NEG,-10.0,0.4046205,0.983917,0.00342,0.016732,True
OFF_m500,80-120,NEG,-9.756,0.3936142,0.983917,0.00342,0.016732,True
OFF_m500,80-120,NEG,-9.512,0.3729029,0.983917,0.00342,0.016732,True
OFF_m500,80-120,NEG,-9.268,0.3423011,0.983917,0.00342,0.016732,True
OFF_m500,80-120,NEG,-9.024,0.3018733,0.983917,0.00342,0.016732,True
OFF_m500,80-120,NEG,-8.78,0.2519488,0.983917,0.00342,0.016732,True
OFF_m500,80-120,NEG,-8.536,0.193129,0.983917,0.00342,0.016732,True
OFF_m500,80-120,NEG,-8.292,0.1262876,0.983917,0.00342,0.016732,True
OFF_m500,80-120,NEG,-8.048,0.0525627,0.983917,0.00342,0.016732,True
OFF_m500,80-120,NEG,-7.804,-0.0266585,0.983917,0.00342,0.016732,True
OFF_m500,80-120,NEG,-7.56,-0.1097644,0.983917,0.00342,0.016732,True
OFF_m500,80-120,NEG,-7.316,-0.1949495,0.983917,0.00342,0.016732,True
OFF_m500,80-120,NEG,-7.072,-0.2802534,0.983917,0.00342,0.016732,True
OFF_m500,80-120,NEG,-6.828,-0.3636051,0.983917,0.00342,0.016732,True
OFF_m500,80-120,NEG,-6.584,-0.442874,0.983917,0.00342,0.016732,True
OFF_m500,80-120,NEG,-6.34,-0.5159232,0.983917,0.00342,0.016732,True
OFF_m500,80-120,NEG,-6.096,-0.5806668,0.983917,0.00342,0.016732,True
OFF_m500,80-120,NEG,-5.852,-0.6351281,0.983917,0.00342,0.016732,True
OFF_m500,80-120,NEG,-5.608,-0.6774974,0.983917,0.00342,0.016732,True
OFF_m500,80-120,NEG,-5.364,-0.7061872,0.983917,0.00342,0.016732,True
OFF_m500,80-120,NEG,-5.12,-0.7198849,0.983917,0.00342,0.016732,True
OFF_m500,80-120,NEG,-4.876,-0.7175986,0.983917,0.00342,0.016732,True
OFF_m500,80-120,NEG,-4.632,-0.6986976,0.983917,0.00342,0.016732,True
OFF_m500,80-120,NEG,-4.388,-0.6629434,0.983917,0.00342,0.016732,True
OFF_m500,80-120,NEG,-4.144,-0.6105121,0.983917,0.00342,0.016732,True
OFF_m500,80-120,NEG,-3.9,-0.5420059,0.983917,0.00342,0.016732,True
OFF_m500,80-120,NEG,-3.656,-0.4584539,0.983917,0.00342,0.016732,True
OFF_m500,80-120,NEG,-3.412,-0.3613011,0.983917,0.00342,0.016732,True
OFF_m500,80-120,NEG,-3.168,-0.252386,0.983917,0.00342,0.016732,True
OFF_m500,80-120,NEG,-2.924,-0.1339067,0.983917,0.00342,0.016732,True
OFF_m500,80-120,NEG,-2.68,-0.0083765,0.983917,0.00342,0.016732,True
OFF_m500,80-120,NEG,-2.436,0.1214308,0.983917,0.00342,0.016732,True
OFF_m500,80-120,NEG,-2.192,0.2525436,0.983917,0.00342,0.016732,True
OFF_m500,80-120,NEG,-1.948,0.3818637,0.983917,0.00342,0.016732,True
OFF_m500,80-120,NEG,-1.704,0.5062412,0.983917,0.00342,0.016732,True
OFF_m500,80-120,NEG,-1.46,0.6225548,0.983917,0.00342,0.016732,True
OFF_m500,80-120,NEG,-1.216,0.7277922,0.983917,0.00342,0.016732,True
OFF_m500,80-120,NEG,-0.972,0.8191308,0.983917,0.00342,0.016732,True
OFF_m500,80-120,NEG,-0.728,0.894015,0.983917,0.00342,0.016732,True
OFF_m500,80-120,NEG,-0.484,0.9502287,0.983917,0.00342,0.016732,True
OFF_m500,80-120,NEG,-0.24,0.9859605,0.983917,0.00342,0.016732,True
OFF_m500,80-120,NEG,0.004,0.99986,0.983917,0.00342,0.016732,True
OFF_m500,80-120,NEG,0.248,0.9903188,0.983917,0.00342,0.016732,True
OFF_m500,80-120,NEG,0.492,0.9586912,0.983917,0.00342,0.016732,True
OFF_m500,80-120,NEG,0.736,0.9062324,0.983917,0.00342,0.016732,True
OFF_m500,80-120,NEG,0.98,0.8346706,0.983917,0.00342,0.016732,True
OFF_m500,80-120,NEG,1.224,0.7461531,0.983917,0.00342,0.016732,True
OFF_m500,80-120,NEG,1.468,0.6431818,0.983917,0.00342,0.016732,True
OFF_m500,80-120,NEG,1.712,0.5285423,0.983917,0.00342,0.016732,True
OFF_m500,80-120,NEG,1.956,0.4052264,0.983917,0.00342,0.016732,True
OFF_m500,80-120,NEG,2.2,0.2763522,0.983917,0.00342,0.016732,True
OFF_m500,80-120,NEG,2.444,0.1450822,0.983917,0.00342,0.016732,True
OFF_m500,80-120,NEG,2.688,0.0145432,0.983917,0.00342,0.016732,True
OFF_m500,80-120,NEG,2.932,-0.1122509,0.983917,0.00342,0.016732,True
OFF_m500,80-120,NEG,3.176,-0.2324715,0.983917,0.00342,0.016732,True
OFF_m500,80-120,NEG,3.42,-0.3435401,0.983917,0.00342,0.016732,True
OFF_m500,80-120,NEG,3.664,-0.4431848,0.983917,0.00342,0.016732,True
OFF_m500,80-120,NEG,3.908,-0.5294877,0.983917,0.00342,0.016732,True
OFF_m500,80-120,NEG,4.152,-0.6009209,0.983917,0.00342,0.016732,True
OFF_m500,80-120,NEG,4.396,-0.6563711,0.983917,0.00342,0.016732,True
OFF_m500,80-120,NEG,4.64,-0.6951534,0.983917,0.00342,0.016732,True
OFF_m500,80-120,NEG,4.884,-0.7170124,0.983917,0.00342,0.016732,True
OFF_m500,80-120,NEG,5.128,-0.7221128,0.983917,0.00342,0.016732,True
OFF_m500,80-120,NEG,5.372,-0.7110192,0.983917,0.00342,0.016732,True
OFF_m500,80-120,NEG,5.616,-0.684666,0.983917,0.00342,0.016732,True
OFF_m500,80-120,NEG,5.86,-0.6443186,0.983917,0.00342,0.016732,True
OFF_m500,80-120,NEG,6.104,-0.5915282,0.983917,0.00342,0.016732,True
OFF_m500,80-120,NEG,6.348,-0.52808,0.983917,0.00342,0.016732,True
OFF_m500,80-120,NEG,6.592,-0.4559376,0.983917,0.00342,0.016732,True
OFF_m500,80-120,NEG,6.836,-0.3771853,0.983917,0.00342,0.016732,True
OFF_m500,80-120,NEG,7.08,-0.2939694,0.983917,0.00342,0.016732,True
OFF_m500,80-120,NEG,7.324,-0.2084404,0.983917,0.00342,0.016732,True
OFF_m500,80-120,NEG,7.568,-0.1226978,0.983917,0.00342,0.016732,True
OFF_m500,80-120,NEG,7.812,-0.0387385,0.983917,0.00342,0.016732,True
OFF_m500,80-120,NEG,8.056,0.0415893,0.983917,0.00342,0.016732,True
OFF_m500,80-120,NEG,8.3,0.116626,0.983917,0.00342,0.016732,True
OFF_m500,80-120,NEG,8.544,0.1849341,0.983917,0.00342,0.016732,True
OFF_m500,80-120,NEG,8.788,0.2453233,0.983917,0.00342,0.016732,True
OFF_m500,80-120,NEG,9.032,0.2968681,0.983917,0.00342,0.016732,True
OFF_m500,80-120,NEG,9.276,0.3389169,0.983917,0.00342,0.016732,True
OFF_m500,80-120,NEG,9.52,0.3710936,0.983917,0.00342,0.016732,True
OFF_m500,80-120,NEG,9.764,0.3932912,0.983917,0.00342,0.016732,True
OFF_m500,80-120,NEG,10.008,0.4056582,0.983917,0.00342,0.016732,True
OFF_m500,120-160,POS,-50.0,-0.0395977,0.91746,2.23524,0.009912,False
OFF_m500,120-160,POS,-49.0,-0.0368922,0.91746,2.23524,0.009912,False
OFF_m500,120-160,POS,-48.0,-0.015832,0.91746,2.23524,0.009912,False
OFF_m500,120-160,POS,-47.0,0.0092232,0.91746,2.23524,0.009912,False
OFF_m500,120-160,POS,-46.0,0.0282873,0.91746,2.23524,0.009912,False
OFF_m500,120-160,POS,-45.0,0.0303835,0.91746,2.23524,0.009912,False
OFF_m500,120-160,POS,-44.0,0.0237364,0.91746,2.23524,0.009912,False
OFF_m500,120-160,POS,-43.0,0.0097666,0.91746,2.23524,0.009912,False
OFF_m500,120-160,POS,-42.0,-0.0119225,0.91746,2.23524,0.009912,False
OFF_m500,120-160,POS,-41.0,-0.0372962,0.91746,2.23524,0.009912,False
OFF_m500,120-160,POS,-40.0,-0.053054,0.91746,2.23524,0.009912,False
OFF_m500,120-160,POS,-39.0,-0.0420743,0.91746,2.23524,0.009912,False
OFF_m500,120-160,POS,-38.0,0.001365,0.91746,2.23524,0.009912,False
OFF_m500,120-160,POS,-37.0,0.0589696,0.91746,2.23524,0.009912,False
OFF_m500,120-160,POS,-36.0,0.0936401,0.91746,2.23524,0.009912,False
OFF_m500,120-160,POS,-35.0,0.056446,0.91746,2.23524,0.009912,False
OFF_m500,120-160,POS,-34.0,-0.028085,0.91746,2.23524,0.009912,False
OFF_m500,120-160,POS,-33.0,-0.1089781,0.91746,2.23524,0.009912,False
OFF_m500,120-160,POS,-32.0,-0.1278323,0.91746,2.23524,0.009912,False
OFF_m500,120-160,POS,-31.0,-0.0623231,0.91746,2.23524,0.009912,False
OFF_m500,120-160,POS,-30.0,0.0515707,0.91746,2.23524,0.009912,False
OFF_m500,120-160,POS,-29.0,0.1395767,0.91746,2.23524,0.009912,False
OFF_m500,120-160,POS,-28.0,0.1404719,0.91746,2.23524,0.009912,False
OFF_m500,120-160,POS,-27.0,0.0513332,0.91746,2.23524,0.009912,False
OFF_m500,120-160,POS,-26.0,-0.0941116,0.91746,2.23524,0.009912,False
OFF_m500,120-160,POS,-25.0,-0.1459813,0.91746,2.23524,0.009912,False
OFF_m500,120-160,POS,-24.0,-0.1077898,0.91746,2.23524,0.009912,False
OFF_m500,120-160,POS,-23.0,-0.0145021,0.91746,2.23524,0.009912,False
OFF_m500,120-160,POS,-22.0,0.0698413,0.91746,2.23524,0.009912,False
OFF_m500,120-160,POS,-21.0,0.1021726,0.91746,2.23524,0.009912,False
OFF_m500,120-160,POS,-20.0,0.0851461,0.91746,2.23524,0.009912,False
OFF_m500,120-160,POS,-19.0,0.048917,0.91746,2.23524,0.009912,False
OFF_m500,120-160,POS,-18.0,0.0129203,0.91746,2.23524,0.009912,False
OFF_m500,120-160,POS,-17.0,-0.0308527,0.91746,2.23524,0.009912,False
OFF_m500,120-160,POS,-16.0,-0.0942612,0.91746,2.23524,0.009912,False
OFF_m500,120-160,POS,-15.0,-0.1623252,0.91746,2.23524,0.009912,False
OFF_m500,120-160,POS,-14.0,-0.1312651,0.91746,2.23524,0.009912,False
OFF_m500,120-160,POS,-13.0,0.018058,0.91746,2.23524,0.009912,False
OFF_m500,120-160,POS,-12.0,0.228727,0.91746,2.23524,0.009912,False
OFF_m500,120-160,POS,-11.0,0.3541919,0.91746,2.23524,0.009912,False
OFF_m500,120-160,POS,-10.0,0.2549686,0.91746,2.23524,0.009912,True
OFF_m500,120-160,POS,-9.0,-0.0715863,0.91746,2.23524,0.009912,True
OFF_m500,120-160,POS,-8.0,-0.4397476,0.91746,2.23524,0.009912,True
OFF_m500,120-160,POS,-7.0,-0.5736853,0.91746,2.23524,0.009912,True
OFF_m500,120-160,POS,-6.0,-0.3110187,0.91746,2.23524,0.009912,True
OFF_m500,120-160,POS,-5.0,0.3793215,0.91746,2.23524,0.009912,True
OFF_m500,120-160,POS,-4.0,0.7737602,0.91746,2.23524,0.009912,True
OFF_m500,120-160,POS,-3.0,0.6682123,0.91746,2.23524,0.009912,True
OFF_m500,120-160,POS,-2.0,0.063182,0.91746,2.23524,0.009912,True
OFF_m500,120-160,POS,-1.0,-0.6651835,0.91746,2.23524,0.009912,True
OFF_m500,120-160,POS,0.0,-0.9999509,0.91746,2.23524,0.009912,True
OFF_m500,120-160,POS,1.0,-0.674113,0.91746,2.23524,0.009912,True
OFF_m500,120-160,POS,2.0,0.0512354,0.91746,2.23524,0.009912,True
OFF_m500,120-160,POS,3.0,0.6597493,0.91746,2.23524,0.009912,True
OFF_m500,120-160,POS,4.0,0.7725165,0.91746,2.23524,0.009912,True
OFF_m500,120-160,POS,5.0,0.3849474,0.91746,2.23524,0.009912,True
OFF_m500,120-160,POS,6.0,-0.3020232,0.91746,2.23524,0.009912,True
OFF_m500,120-160,POS,7.0,-0.5671337,0.91746,2.23524,0.009912,True
OFF_m500,120-160,POS,8.0,-0.4385784,0.91746,2.23524,0.009912,True
OFF_m500,120-160,POS,9.0,-0.0759393,0.91746,2.23524,0.009912,True
OFF_m500,120-160,POS,10.0,0.2476129,0.91746,2.23524,0.009912,True
OFF_m500,120-160,POS,11.0,0.3476937,0.91746,2.23524,0.009912,False
OFF_m500,120-160,POS,12.0,0.2263596,0.91746,2.23524,0.009912,False
OFF_m500,120-160,POS,13.0,0.0208596,0.91746,2.23524,0.009912,False
OFF_m500,120-160,POS,14.0,-0.1250055,0.91746,2.23524,0.009912,False
OFF_m500,120-160,POS,15.0,-0.156112,0.91746,2.23524,0.009912,False
OFF_m500,120-160,POS,16.0,-0.0926,0.91746,2.23524,0.009912,False
OFF_m500,120-160,POS,17.0,-0.0338192,0.91746,2.23524,0.009912,False
OFF_m500,120-160,POS,18.0,0.0072573,0.91746,2.23524,0.009912,False
OFF_m500,120-160,POS,19.0,0.04385,0.91746,2.23524,0.009912,False
OFF_m500,120-160,POS,20.0,0.0833793,0.91746,2.23524,0.009912,False
OFF_m500,120-160,POS,21.0,0.1043495,0.91746,2.23524,0.009912,False
OFF_m500,120-160,POS,22.0,0.0743826,0.91746,2.23524,0.009912,False
OFF_m500,120-160,POS,23.0,-0.0102812,0.91746,2.23524,0.009912,False
OFF_m500,120-160,POS,24.0,-0.1060745,0.91746,2.23524,0.009912,False
OFF_m500,120-160,POS,25.0,-0.1473459,0.91746,2.23524,0.009912,False
OFF_m500,120-160,POS,26.0,-0.09745,0.91746,2.23524,0.009912,False
OFF_m500,120-160,POS,27.0,0.0482603,0.91746,2.23524,0.009912,False
OFF_m500,120-160,POS,28.0,0.1393154,0.91746,2.23524,0.009912,False
OFF_m500,120-160,POS,29.0,0.1406413,0.91746,2.23524,0.009912,False
OFF_m500,120-160,POS,30.0,0.054059,0.91746,2.23524,0.009912,False
OFF_m500,120-160,POS,31.0,-0.0597635,0.91746,2.23524,0.009912,False
OFF_m500,120-160,POS,32.0,-0.1264167,0.91746,2.23524,0.009912,False
OFF_m500,120-160,POS,33.0,-0.1092628,0.91746,2.23524,0.009912,False
OFF_m500,120-160,POS,34.0,-0.0297909,0.91746,2.23524,0.009912,False
OFF_m500,120-160,POS,35.0,0.0542415,0.91746,2.23524,0.009912,False
OFF_m500,120-160,POS,36.0,0.0920431,0.91746,2.23524,0.009912,False
OFF_m500,120-160,POS,37.0,0.0591167,0.91746,2.23524,0.009912,False
OFF_m500,120-160,POS,38.0,0.0028121,0.91746,2.23524,0.009912,False
OFF_m500,120-160,POS,39.0,-0.0401369,0.91746,2.23524,0.009912,False
OFF_m500,120-160,POS,40.0,-0.0516567,0.91746,2.23524,0.009912,False
OFF_m500,120-160,POS,41.0,-0.0371345,0.91746,2.23524,0.009912,False
OFF_m500,120-160,POS,42.0,-0.012997,0.91746,2.23524,0.009912,False
OFF_m500,120-160,POS,43.0,0.008112,0.91746,2.23524,0.009912,False
OFF_m500,120-160,POS,44.0,0.0224139,0.91746,2.23524,0.009912,False
OFF_m500,120-160,POS,45.0,0.0300481,0.91746,2.23524,0.009912,False
OFF_m500,120-160,POS,46.0,0.0290132,0.91746,2.23524,0.009912,False
OFF_m500,120-160,POS,47.0,0.0105641,0.91746,2.23524,0.009912,False
OFF_m500,120-160,POS,48.0,-0.0147952,0.91746,2.23524,0.009912,False
OFF_m500,120-160,POS,49.0,-0.0366341,0.91746,2.23524,0.009912,False
OFF_m500,120-160,POS,50.0,-0.04016,0.91746,2.23524,0.009912,False
OFF_m500,120-160,NEG,-10.0,-0.2549686,0.91746,0.00421,0.009912,True
OFF_m500,120-160,NEG,-9.756,-0.1904101,0.91746,0.00421,0.009912,True
OFF_m500,120-160,NEG,-9.512,-0.1125307,0.91746,0.00421,0.009912,True
OFF_m500,120-160,NEG,-9.268,-0.0240511,0.91746,0.00421,0.009912,True
OFF_m500,120-160,NEG,-9.024,0.0715863,0.91746,0.00421,0.009912,True
OFF_m500,120-160,NEG,-8.78,0.1703442,0.91746,0.00421,0.009912,True
OFF_m500,120-160,NEG,-8.536,0.2677562,0.91746,0.00421,0.009912,True
OFF_m500,120-160,NEG,-8.292,0.3591253,0.91746,0.00421,0.009912,True
OFF_m500,120-160,NEG,-8.048,0.4397476,0.91746,0.00421,0.009912,True
OFF_m500,120-160,NEG,-7.804,0.5051493,0.91746,0.00421,0.009912,True
OFF_m500,120-160,NEG,-7.56,0.5513262,0.91746,0.00421,0.009912,True
OFF_m500,120-160,NEG,-7.316,0.5749722,0.91746,0.00421,0.009912,True
OFF_m500,120-160,NEG,-7.072,0.5736853,0.91746,0.00421,0.009912,True
OFF_m500,120-160,NEG,-6.828,0.5461382,0.91746,0.00421,0.009912,True
OFF_m500,120-160,NEG,-6.584,0.4922034,0.91746,0.00421,0.009912,True
OFF_m500,120-160,NEG,-6.34,0.4130232,0.91746,0.00421,0.009912,True
OFF_m500,120-160,NEG,-6.096,0.3110187,0.91746,0.00421,0.009912,True
OFF_m500,120-160,NEG,-5.852,0.1898353,0.91746,0.00421,0.009912,True
OFF_m500,120-160,NEG,-5.608,0.0542223,0.91746,0.00421,0.009912,True
OFF_m500,120-160,NEG,-5.364,-0.0901484,0.91746,0.00421,0.009912,True
OFF_m500,120-160,NEG,-5.12,-0.2369177,0.91746,0.00421,0.009912,True
OFF_m500,120-160,NEG,-4.876,-0.3793215,0.91746,0.00421,0.009912,True
OFF_m500,120-160,NEG,-4.632,-0.5105039,0.91746,0.00421,0.009912,True
OFF_m500,120-160,NEG,-4.388,-0.6238496,0.91746,0.00421,0.009912,True
OFF_m500,120-160,NEG,-4.144,-0.7133176,0.91746,0.00421,0.009912,True
OFF_m500,120-160,NEG,-3.9,-0.7737602,0.91746,0.00421,0.009912,True
OFF_m500,120-160,NEG,-3.656,-0.8012098,0.91746,0.00421,0.009912,True
OFF_m500,120-160,NEG,-3.412,-0.7931183,0.91746,0.00421,0.009912,True
OFF_m500,120-160,NEG,-3.168,-0.7485351,0.91746,0.00421,0.009912,True
OFF_m500,120-160,NEG,-2.924,-0.6682123,0.91746,0.00421,0.009912,True
OFF_m500,120-160,NEG,-2.68,-0.5546293,0.91746,0.00421,0.009912,True
OFF_m500,120-160,NEG,-2.436,-0.4119332,0.91746,0.00421,0.009912,True
OFF_m500,120-160,NEG,-2.192,-0.2457942,0.91746,0.00421,0.009912,True
OFF_m500,120-160,NEG,-1.948,-0.063182,0.91746,0.00421,0.009912,True
OFF_m500,120-160,NEG,-1.704,0.1279301,0.91746,0.00421,0.009912,True
OFF_m500,120-160,NEG,-1.46,0.3189186,0.91746,0.00421,0.009912,True
OFF_m500,120-160,NEG,-1.216,0.5009064,0.91746,0.00421,0.009912,True
OFF_m500,120-160,NEG,-0.972,0.6651835,0.91746,0.00421,0.009912,True
OFF_m500,120-160,NEG,-0.728,0.8036315,0.91746,0.00421,0.009912,True
OFF_m500,120-160,NEG,-0.484,0.9091304,0.91746,0.00421,0.009912,True
OFF_m500,120-160,NEG,-0.24,0.9759278,0.91746,0.00421,0.009912,True
OFF_m500,120-160,NEG,0.004,0.9999509,0.91746,0.00421,0.009912,True
OFF_m500,120-160,NEG,0.248,0.9785288,0.91746,0.00421,0.009912,True
OFF_m500,120-160,NEG,0.492,0.9141373,0.91746,0.00421,0.009912,True
OFF_m500,120-160,NEG,0.736,0.8107698,0.91746,0.00421,0.009912,True
OFF_m500,120-160,NEG,0.98,0.674113,0.91746,0.00421,0.009912,True
OFF_m500,120-160,NEG,1.224,0.5112372,0.91746,0.00421,0.009912,True
OFF_m500,120-160,NEG,1.468,0.3302275,0.91746,0.00421,0.009912,True
OFF_m500,120-160,NEG,1.712,0.1397776,0.91746,0.00421,0.009912,True
OFF_m500,120-160,NEG,1.956,-0.0512354,0.91746,0.00421,0.009912,True
OFF_m500,120-160,NEG,2.2,-0.2341723,0.91746,0.00421,0.009912,True
OFF_m500,120-160,NEG,2.444,-0.4010297,0.91746,0.00421,0.009912,True
OFF_m500,120-160,NEG,2.688,-0.5447962,0.91746,0.00421,0.009912,True
OFF_m500,120-160,NEG,2.932,-0.6597493,0.91746,0.00421,0.009912,True
OFF_m500,120-160,NEG,3.176,-0.7416821,0.91746,0.00421,0.009912,True
OFF_m500,120-160,NEG,3.42,-0.7880504,0.91746,0.00421,0.009912,True
OFF_m500,120-160,NEG,3.664,-0.7980343,0.91746,0.00421,0.009912,True
OFF_m500,120-160,NEG,3.908,-0.7725165,0.91746,0.00421,0.009912,True
OFF_m500,120-160,NEG,4.152,-0.7139789,0.91746,0.00421,0.009912,True
OFF_m500,120-160,NEG,4.396,-0.6263272,0.91746,0.00421,0.009912,True
OFF_m500,120-160,NEG,4.64,-0.5146528,0.91746,0.00421,0.009912,True
OFF_m500,120-160,NEG,4.884,-0.3849474,0.91746,0.00421,0.009912,True
OFF_m500,120-160,NEG,5.128,-0.2437855,0.91746,0.00421,0.009912,True
OFF_m500,120-160,NEG,5.372,-0.0979911,0.91746,0.00421,0.009912,True
OFF_m500,120-160,NEG,5.616,0.0456933,0.91746,0.00421,0.009912,True
OFF_m500,120-160,NEG,5.86,0.1809213,0.91746,0.00421,0.009912,True
OFF_m500,120-160,NEG,6.104,0.3020232,0.91746,0.00421,0.009912,True
OFF_m500,120-160,NEG,6.348,0.4042428,0.91746,0.00421,0.009912,True
OFF_m500,120-160,NEG,6.592,0.4839191,0.91746,0.00421,0.009912,True
OFF_m500,120-160,NEG,6.836,0.5386071,0.91746,0.00421,0.009912,True
OFF_m500,120-160,NEG,7.08,0.5671337,0.91746,0.00421,0.009912,True
OFF_m500,120-160,NEG,7.324,0.5695897,0.91746,0.00421,0.009912,True
OFF_m500,120-160,NEG,7.568,0.5472609,0.91746,0.00421,0.009912,True
OFF_m500,120-160,NEG,7.812,0.5025041,0.91746,0.00421,0.009912,True
OFF_m500,120-160,NEG,8.056,0.4385784,0.91746,0.00421,0.009912,True
OFF_m500,120-160,NEG,8.3,0.35944,0.91746,0.00421,0.009912,True
OFF_m500,120-160,NEG,8.544,0.2695157,0.91746,0.00421,0.009912,True
OFF_m500,120-160,NEG,8.788,0.1734638,0.91746,0.00421,0.009912,True
OFF_m500,120-160,NEG,9.032,0.0759393,0.91746,0.00421,0.009912,True
OFF_m500,120-160,NEG,9.276,-0.0186289,0.91746,0.00421,0.009912,True
OFF_m500,120-160,NEG,9.52,-0.1062357,0.91746,0.00421,0.009912,True
OFF_m500,120-160,NEG,9.764,-0.1834645,0.91746,0.00421,0.009912,True
OFF_m500,120-160,NEG,10.008,-0.2476129,0.91746,0.00421,0.009912,True
OFF_m500,160-210,POS,-50.0,-0.0176075,0.720164,0.62184,0.021023,False
OFF_m500,160-210,POS,-49.0,-0.0355005,0.720164,0.62184,0.021023,False
OFF_m500,160-210,POS,-48.0,-0.0181005,0.720164,0.62184,0.021023,False
OFF_m500,160-210,POS,-47.0,0.0219149,0.720164,0.62184,0.021023,False
OFF_m500,160-210,POS,-46.0,0.0420491,0.720164,0.62184,0.021023,False
OFF_m500,160-210,POS,-45.0,0.009518,0.720164,0.62184,0.021023,False
OFF_m500,160-210,POS,-44.0,-0.0350594,0.720164,0.62184,0.021023,False
OFF_m500,160-210,POS,-43.0,-0.0447802,0.720164,0.62184,0.021023,False
OFF_m500,160-210,POS,-42.0,-0.0094315,0.720164,0.62184,0.021023,False
OFF_m500,160-210,POS,-41.0,0.0336699,0.720164,0.62184,0.021023,False
OFF_m500,160-210,POS,-40.0,0.042055,0.720164,0.62184,0.021023,False
OFF_m500,160-210,POS,-39.0,0.012378,0.720164,0.62184,0.021023,False
OFF_m500,160-210,POS,-38.0,-0.0231832,0.720164,0.62184,0.021023,False
OFF_m500,160-210,POS,-37.0,-0.0358557,0.720164,0.62184,0.021023,False
OFF_m500,160-210,POS,-36.0,-0.0174251,0.720164,0.62184,0.021023,False
OFF_m500,160-210,POS,-35.0,0.0101455,0.720164,0.62184,0.021023,False
OFF_m500,160-210,POS,-34.0,0.0366724,0.720164,0.62184,0.021023,False
OFF_m500,160-210,POS,-33.0,0.0439587,0.720164,0.62184,0.021023,False
OFF_m500,160-210,POS,-32.0,0.0119838,0.720164,0.62184,0.021023,False
OFF_m500,160-210,POS,-31.0,-0.0481357,0.720164,0.62184,0.021023,False
OFF_m500,160-210,POS,-30.0,-0.0793487,0.720164,0.62184,0.021023,False
OFF_m500,160-210,POS,-29.0,-0.0300863,0.720164,0.62184,0.021023,False
OFF_m500,160-210,POS,-28.0,0.0699559,0.720164,0.62184,0.021023,False
OFF_m500,160-210,POS,-27.0,0.115382,0.720164,0.62184,0.021023,False
OFF_m500,160-210,POS,-26.0,0.0042387,0.720164,0.62184,0.021023,False
OFF_m500,160-210,POS,-25.0,-0.120746,0.720164,0.62184,0.021023,False
OFF_m500,160-210,POS,-24.0,-0.1267456,0.720164,0.62184,0.021023,False
OFF_m500,160-210,POS,-23.0,0.004805,0.720164,0.62184,0.021023,False
OFF_m500,160-210,POS,-22.0,0.1365885,0.720164,0.62184,0.021023,False
OFF_m500,160-210,POS,-21.0,0.1275537,0.720164,0.62184,0.021023,False
OFF_m500,160-210,POS,-20.0,-0.0073289,0.720164,0.62184,0.021023,False
OFF_m500,160-210,POS,-19.0,-0.1229846,0.720164,0.62184,0.021023,False
OFF_m500,160-210,POS,-18.0,-0.1149585,0.720164,0.62184,0.021023,False
OFF_m500,160-210,POS,-17.0,-0.0176355,0.720164,0.62184,0.021023,False
OFF_m500,160-210,POS,-16.0,0.0717377,0.720164,0.62184,0.021023,False
OFF_m500,160-210,POS,-15.0,0.108141,0.720164,0.62184,0.021023,False
OFF_m500,160-210,POS,-14.0,0.0782096,0.720164,0.62184,0.021023,False
OFF_m500,160-210,POS,-13.0,-0.0217874,0.720164,0.62184,0.021023,False
OFF_m500,160-210,POS,-12.0,-0.1679048,0.720164,0.62184,0.021023,False
OFF_m500,160-210,POS,-11.0,-0.2176713,0.720164,0.62184,0.021023,False
OFF_m500,160-210,POS,-10.0,-0.027892,0.720164,0.62184,0.021023,True
OFF_m500,160-210,POS,-9.0,0.2959611,0.720164,0.62184,0.021023,True
OFF_m500,160-210,POS,-8.0,0.3889926,0.720164,0.62184,0.021023,True
OFF_m500,160-210,POS,-7.0,0.0251806,0.720164,0.62184,0.021023,True
OFF_m500,160-210,POS,-6.0,-0.4938768,0.720164,0.62184,0.021023,True
OFF_m500,160-210,POS,-5.0,-0.449606,0.720164,0.62184,0.021023,True
OFF_m500,160-210,POS,-4.0,0.2590098,0.720164,0.62184,0.021023,True
OFF_m500,160-210,POS,-3.0,0.8060236,0.720164,0.62184,0.021023,True
OFF_m500,160-210,POS,-2.0,0.480128,0.720164,0.62184,0.021023,True
OFF_m500,160-210,POS,-1.0,-0.4761314,0.720164,0.62184,0.021023,True
OFF_m500,160-210,POS,0.0,-0.999779,0.720164,0.62184,0.021023,True
OFF_m500,160-210,POS,1.0,-0.4496569,0.720164,0.62184,0.021023,True
OFF_m500,160-210,POS,2.0,0.5001627,0.720164,0.62184,0.021023,True
OFF_m500,160-210,POS,3.0,0.7991988,0.720164,0.62184,0.021023,True
OFF_m500,160-210,POS,4.0,0.2379237,0.720164,0.62184,0.021023,True
OFF_m500,160-210,POS,5.0,-0.4594198,0.720164,0.62184,0.021023,True
OFF_m500,160-210,POS,6.0,-0.4818093,0.720164,0.62184,0.021023,True
OFF_m500,160-210,POS,7.0,0.0367519,0.720164,0.62184,0.021023,True
OFF_m500,160-210,POS,8.0,0.3880098,0.720164,0.62184,0.021023,True
OFF_m500,160-210,POS,9.0,0.2876223,0.720164,0.62184,0.021023,True
OFF_m500,160-210,POS,10.0,-0.0319088,0.720164,0.62184,0.021023,True
OFF_m500,160-210,POS,11.0,-0.2146148,0.720164,0.62184,0.021023,False
OFF_m500,160-210,POS,12.0,-0.1644565,0.720164,0.62184,0.021023,False
OFF_m500,160-210,POS,13.0,-0.0227881,0.720164,0.62184,0.021023,False
OFF_m500,160-210,POS,14.0,0.0757355,0.720164,0.62184,0.021023,False
OFF_m500,160-210,POS,15.0,0.1090196,0.720164,0.62184,0.021023,False
OFF_m500,160-210,POS,16.0,0.0748549,0.720164,0.62184,0.021023,False
OFF_m500,160-210,POS,17.0,-0.018173,0.720164,0.62184,0.021023,False
OFF_m500,160-210,POS,18.0,-0.1191513,0.720164,0.62184,0.021023,False
OFF_m500,160-210,POS,19.0,-0.1256348,0.720164,0.62184,0.021023,False
OFF_m500,160-210,POS,20.0,-0.0049085,0.720164,0.62184,0.021023,False
OFF_m500,160-210,POS,21.0,0.1323038,0.720164,0.62184,0.021023,False
OFF_m500,160-210,POS,22.0,0.1381434,0.720164,0.62184,0.021023,False
OFF_m500,160-210,POS,23.0,0.0015655,0.720164,0.62184,0.021023,False
OFF_m500,160-210,POS,24.0,-0.130903,0.720164,0.62184,0.021023,False
OFF_m500,160-210,POS,25.0,-0.1213587,0.720164,0.62184,0.021023,False
OFF_m500,160-210,POS,26.0,0.0073113,0.720164,0.62184,0.021023,False
OFF_m500,160-210,POS,27.0,0.1179313,0.720164,0.62184,0.021023,False
OFF_m500,160-210,POS,28.0,0.0693437,0.720164,0.62184,0.021023,False
OFF_m500,160-210,POS,29.0,-0.0326073,0.720164,0.62184,0.021023,False
OFF_m500,160-210,POS,30.0,-0.0811317,0.720164,0.62184,0.021023,False
OFF_m500,160-210,POS,31.0,-0.0479158,0.720164,0.62184,0.021023,False
OFF_m500,160-210,POS,32.0,0.0135048,0.720164,0.62184,0.021023,False
OFF_m500,160-210,POS,33.0,0.045386,0.720164,0.62184,0.021023,False
OFF_m500,160-210,POS,34.0,0.0370904,0.720164,0.62184,0.021023,False
OFF_m500,160-210,POS,35.0,0.0093804,0.720164,0.62184,0.021023,False
OFF_m500,160-210,POS,36.0,-0.0188729,0.720164,0.62184,0.021023,False
OFF_m500,160-210,POS,37.0,-0.0366235,0.720164,0.62184,0.021023,False
OFF_m500,160-210,POS,38.0,-0.0223945,0.720164,0.62184,0.021023,False
OFF_m500,160-210,POS,39.0,0.0142348,0.720164,0.62184,0.021023,False
OFF_m500,160-210,POS,40.0,0.0432009,0.720164,0.62184,0.021023,False
OFF_m500,160-210,POS,41.0,0.0327373,0.720164,0.62184,0.021023,False
OFF_m500,160-210,POS,42.0,-0.0116775,0.720164,0.62184,0.021023,False
OFF_m500,160-210,POS,43.0,-0.0459389,0.720164,0.62184,0.021023,False
OFF_m500,160-210,POS,44.0,-0.0337046,0.720164,0.62184,0.021023,False
OFF_m500,160-210,POS,45.0,0.0120024,0.720164,0.62184,0.021023,False
OFF_m500,160-210,POS,46.0,0.0428288,0.720164,0.62184,0.021023,False
OFF_m500,160-210,POS,47.0,0.0195612,0.720164,0.62184,0.021023,False
OFF_m500,160-210,POS,48.0,-0.020157,0.720164,0.62184,0.021023,False
OFF_m500,160-210,POS,49.0,-0.0347761,0.720164,0.62184,0.021023,False
OFF_m500,160-210,POS,50.0,-0.0149064,0.720164,0.62184,0.021023,False
OFF_m500,160-210,NEG,-10.0,0.027892,0.720164,0.00886,0.021023,True
OFF_m500,160-210,NEG,-9.756,-0.0521655,0.720164,0.00886,0.021023,True
OFF_m500,160-210,NEG,-9.512,-0.1370626,0.720164,0.00886,0.021023,True
OFF_m500,160-210,NEG,-9.268,-0.2206008,0.720164,0.00886,0.021023,True
OFF_m500,160-210,NEG,-9.024,-0.2959611,0.720164,0.00886,0.021023,True
OFF_m500,160-210,NEG,-8.78,-0.3562401,0.720164,0.00886,0.021023,True
OFF_m500,160-210,NEG,-8.536,-0.3950524,0.720164,0.00886,0.021023,True
OFF_m500,160-210,NEG,-8.292,-0.4071487,0.720164,0.00886,0.021023,True
OFF_m500,160-210,NEG,-8.048,-0.3889926,0.720164,0.00886,0.021023,True
OFF_m500,160-210,NEG,-7.804,-0.3392376,0.720164,0.00886,0.021023,True
OFF_m500,160-210,NEG,-7.56,-0.2590521,0.720164,0.00886,0.021023,True
OFF_m500,160-210,NEG,-7.316,-0.1522471,0.720164,0.00886,0.021023,True
OFF_m500,160-210,NEG,-7.072,-0.0251806,0.720164,0.00886,0.021023,True
OFF_m500,160-210,NEG,-6.828,0.1135731,0.720164,0.00886,0.021023,True
OFF_m500,160-210,NEG,-6.584,0.2537774,0.720164,0.00886,0.021023,True
OFF_m500,160-210,NEG,-6.34,0.3842766,0.720164,0.00886,0.021023,True
OFF_m500,160-210,NEG,-6.096,0.4938768,0.720164,0.00886,0.021023,True
OFF_m500,160-210,NEG,-5.852,0.5722955,0.720164,0.00886,0.021023,True
OFF_m500,160-210,NEG,-5.608,0.6110997,0.720164,0.00886,0.021023,True
OFF_m500,160-210,NEG,-5.364,0.6045472,0.720164,0.00886,0.021023,True
OFF_m500,160-210,NEG,-5.12,0.5502526,0.720164,0.00886,0.021023,True
OFF_m500,160-210,NEG,-4.876,0.449606,0.720164,0.00886,0.021023,True
OFF_m500,160-210,NEG,-4.632,0.3078922,0.720164,0.00886,0.021023,True
OFF_m500,160-210,NEG,-4.388,0.1340834,0.720164,0.00886,0.021023,True
OFF_m500,160-210,NEG,-4.144,-0.0596967,0.720164,0.00886,0.021023,True
OFF_m500,160-210,NEG,-3.9,-0.2590098,0.720164,0.00886,0.021023,True
OFF_m500,160-210,NEG,-3.656,-0.448182,0.720164,0.00886,0.021023,True
OFF_m500,160-210,NEG,-3.412,-0.6115473,0.720164,0.00886,0.021023,True
OFF_m500,160-210,NEG,-3.168,-0.7347538,0.720164,0.00886,0.021023,True
OFF_m500,160-210,NEG,-2.924,-0.8060236,0.720164,0.00886,0.021023,True
OFF_m500,160-210,NEG,-2.68,-0.8172562,0.720164,0.00886,0.021023,True
OFF_m500,160-210,NEG,-2.436,-0.7648713,0.720164,0.00886,0.021023,True
OFF_m500,160-210,NEG,-2.192,-0.6503092,0.720164,0.00886,0.021023,True
OFF_m500,160-210,NEG,-1.948,-0.480128,0.720164,0.00886,0.021023,True
OFF_m500,160-210,NEG,-1.704,-0.2656757,0.720164,0.00886,0.021023,True
OFF_m500,160-210,NEG,-1.46,-0.0223447,0.720164,0.00886,0.021023,True
OFF_m500,160-210,NEG,-1.216,0.2315419,0.720164,0.00886,0.021023,True
OFF_m500,160-210,NEG,-0.972,0.4761314,0.720164,0.00886,0.021023,True
OFF_m500,160-210,NEG,-0.728,0.6916222,0.720164,0.00886,0.021023,True
OFF_m500,160-210,NEG,-0.484,0.8598954,0.720164,0.00886,0.021023,True
OFF_m500,160-210,NEG,-0.24,0.9660601,0.720164,0.00886,0.021023,True
OFF_m500,160-210,NEG,0.004,0.999779,0.720164,0.00886,0.021023,True
OFF_m500,160-210,NEG,0.248,0.9573358,0.720164,0.00886,0.021023,True
OFF_m500,160-210,NEG,0.492,0.8434855,0.720164,0.00886,0.021023,True
OFF_m500,160-210,NEG,0.736,0.6691521,0.720164,0.00886,0.021023,True
OFF_m500,160-210,NEG,0.98,0.4496569,0.720164,0.00886,0.021023,True
OFF_m500,160-210,NEG,1.224,0.2033619,0.720164,0.00886,0.021023,True
OFF_m500,160-210,NEG,1.468,-0.0498886,0.720164,0.00886,0.021023,True
OFF_m500,160-210,NEG,1.712,-0.2903951,0.720164,0.00886,0.021023,True
OFF_m500,160-210,NEG,1.956,-0.5001627,0.720164,0.00886,0.021023,True
OFF_m500,160-210,NEG,2.2,-0.6642676,0.720164,0.00886,0.021023,True
OFF_m500,160-210,NEG,2.444,-0.7719252,0.720164,0.00886,0.021023,True
OFF_m500,160-210,NEG,2.688,-0.8171835,0.720164,0.00886,0.021023,True
OFF_m500,160-210,NEG,2.932,-0.7991988,0.720164,0.00886,0.021023,True
OFF_m500,160-210,NEG,3.176,-0.7220873,0.720164,0.00886,0.021023,True
OFF_m500,160-210,NEG,3.42,-0.5943831,0.720164,0.00886,0.021023,True
OFF_m500,160-210,NEG,3.664,-0.4281627,0.720164,0.00886,0.021023,True
OFF_m500,160-210,NEG,3.908,-0.2379237,0.720164,0.00886,0.021023,True
OFF_m500,160-210,NEG,4.152,-0.0393196,0.720164,0.00886,0.021023,True
OFF_m500,160-210,NEG,4.396,0.1521373,0.720164,0.00886,0.021023,True
OFF_m500,160-210,NEG,4.64,0.3222968,0.720164,0.00886,0.021023,True
OFF_m500,160-210,NEG,4.884,0.4594198,0.720164,0.00886,0.021023,True
OFF_m500,160-210,NEG,5.128,0.5549753,0.720164,0.00886,0.021023,True
OFF_m500,160-210,NEG,5.372,0.6041361,0.720164,0.00886,0.021023,True
OFF_m500,160-210,NEG,5.616,0.6059454,0.720164,0.00886,0.021023,True
OFF_m500,160-210,NEG,5.86,0.5631613,0.720164,0.00886,0.021023,True
OFF_m500,160-210,NEG,6.104,0.4818093,0.720164,0.00886,0.021023,True
OFF_m500,160-210,NEG,6.348,0.3704974,0.720164,0.00886,0.021023,True
OFF_m500,160-210,NEG,6.592,0.2395656,0.720164,0.00886,0.021023,True
OFF_m500,160-210,NEG,6.836,0.1001506,0.720164,0.00886,0.021023,True
OFF_m500,160-210,NEG,7.08,-0.0367519,0.720164,0.00886,0.021023,True
OFF_m500,160-210,NEG,7.324,-0.1611465,0.720164,0.00886,0.021023,True
OFF_m500,160-210,NEG,7.568,-0.2647556,0.720164,0.00886,0.021023,True
OFF_m500,160-210,NEG,7.812,-0.341542,0.720164,0.00886,0.021023,True
OFF_m500,160-210,NEG,8.056,-0.3880098,0.720164,0.00886,0.021023,True
OFF_m500,160-210,NEG,8.3,-0.4032717,0.720164,0.00886,0.021023,True
OFF_m500,160-210,NEG,8.544,-0.3888982,0.720164,0.00886,0.021023,True
OFF_m500,160-210,NEG,8.788,-0.3485759,0.720164,0.00886,0.021023,True
OFF_m500,160-210,NEG,9.032,-0.2876223,0.720164,0.00886,0.021023,True
OFF_m500,160-210,NEG,9.276,-0.2124081,0.720164,0.00886,0.021023,True
OFF_m500,160-210,NEG,9.52,-0.1297468,0.720164,0.00886,0.021023,True
OFF_m500,160-210,NEG,9.764,-0.0463063,0.720164,0.00886,0.021023,True
OFF_m500,160-210,NEG,10.008,0.0319088,0.720164,0.00886,0.021023,True
OFF_m500,20-210,POS,-50.0,-0.0603068,0.592909,0.00581,0.009485,False
OFF_m500,20-210,POS,-49.0,-0.0656312,0.592909,0.00581,0.009485,False
OFF_m500,20-210,POS,-48.0,-0.0702382,0.592909,0.00581,0.009485,False
OFF_m500,20-210,POS,-47.0,-0.0740308,0.592909,0.00581,0.009485,False
OFF_m500,20-210,POS,-46.0,-0.0775518,0.592909,0.00581,0.009485,False
OFF_m500,20-210,POS,-45.0,-0.0792482,0.592909,0.00581,0.009485,False
OFF_m500,20-210,POS,-44.0,-0.0797453,0.592909,0.00581,0.009485,False
OFF_m500,20-210,POS,-43.0,-0.0788736,0.592909,0.00581,0.009485,False
OFF_m500,20-210,POS,-42.0,-0.0765451,0.592909,0.00581,0.009485,False
OFF_m500,20-210,POS,-41.0,-0.0727627,0.592909,0.00581,0.009485,False
OFF_m500,20-210,POS,-40.0,-0.0675397,0.592909,0.00581,0.009485,False
OFF_m500,20-210,POS,-39.0,-0.0607815,0.592909,0.00581,0.009485,False
OFF_m500,20-210,POS,-38.0,-0.0523252,0.592909,0.00581,0.009485,False
OFF_m500,20-210,POS,-37.0,-0.0421352,0.592909,0.00581,0.009485,False
OFF_m500,20-210,POS,-36.0,-0.0271796,0.592909,0.00581,0.009485,False
OFF_m500,20-210,POS,-35.0,-0.0136133,0.592909,0.00581,0.009485,False
OFF_m500,20-210,POS,-34.0,0.0013225,0.592909,0.00581,0.009485,False
OFF_m500,20-210,POS,-33.0,0.0175847,0.592909,0.00581,0.009485,False
OFF_m500,20-210,POS,-32.0,0.0350619,0.592909,0.00581,0.009485,False
OFF_m500,20-210,POS,-31.0,0.0535327,0.592909,0.00581,0.009485,False
OFF_m500,20-210,POS,-30.0,0.0726702,0.592909,0.00581,0.009485,False
OFF_m500,20-210,POS,-29.0,0.0921596,0.592909,0.00581,0.009485,False
OFF_m500,20-210,POS,-28.0,0.1117698,0.592909,0.00581,0.009485,False
OFF_m500,20-210,POS,-27.0,0.1312399,0.592909,0.00581,0.009485,False
OFF_m500,20-210,POS,-26.0,0.1548156,0.592909,0.00581,0.009485,False
OFF_m500,20-210,POS,-25.0,0.1725719,0.592909,0.00581,0.009485,False
OFF_m500,20-210,POS,-24.0,0.1888561,0.592909,0.00581,0.009485,False
OFF_m500,20-210,POS,-23.0,0.2031529,0.592909,0.00581,0.009485,False
OFF_m500,20-210,POS,-22.0,0.2150229,0.592909,0.00581,0.009485,False
OFF_m500,20-210,POS,-21.0,0.2241169,0.592909,0.00581,0.009485,False
OFF_m500,20-210,POS,-20.0,0.2300022,0.592909,0.00581,0.009485,False
OFF_m500,20-210,POS,-19.0,0.2321018,0.592909,0.00581,0.009485,False
OFF_m500,20-210,POS,-18.0,0.2298008,0.592909,0.00581,0.009485,False
OFF_m500,20-210,POS,-17.0,0.2225693,0.592909,0.00581,0.009485,False
OFF_m500,20-210,POS,-16.0,0.2100744,0.592909,0.00581,0.009485,False
OFF_m500,20-210,POS,-15.0,0.1867163,0.592909,0.00581,0.009485,False
OFF_m500,20-210,POS,-14.0,0.1612491,0.592909,0.00581,0.009485,False
OFF_m500,20-210,POS,-13.0,0.1288863,0.592909,0.00581,0.009485,False
OFF_m500,20-210,POS,-12.0,0.0890695,0.592909,0.00581,0.009485,False
OFF_m500,20-210,POS,-11.0,0.0419684,0.592909,0.00581,0.009485,False
OFF_m500,20-210,POS,-10.0,-0.0118019,0.592909,0.00581,0.009485,True
OFF_m500,20-210,POS,-9.0,-0.0724197,0.592909,0.00581,0.009485,True
OFF_m500,20-210,POS,-8.0,-0.1419015,0.592909,0.00581,0.009485,True
OFF_m500,20-210,POS,-7.0,-0.2224629,0.592909,0.00581,0.009485,True
OFF_m500,20-210,POS,-6.0,-0.3123279,0.592909,0.00581,0.009485,True
OFF_m500,20-210,POS,-5.0,-0.4282346,0.592909,0.00581,0.009485,True
OFF_m500,20-210,POS,-4.0,-0.5230117,0.592909,0.00581,0.009485,True
OFF_m500,20-210,POS,-3.0,-0.6351556,0.592909,0.00581,0.009485,True
OFF_m500,20-210,POS,-2.0,-0.7788525,0.592909,0.00581,0.009485,True
OFF_m500,20-210,POS,-1.0,-0.9283405,0.592909,0.00581,0.009485,True
OFF_m500,20-210,POS,0.0,-0.999955,0.592909,0.00581,0.009485,True
OFF_m500,20-210,POS,1.0,-0.9255185,0.592909,0.00581,0.009485,True
OFF_m500,20-210,POS,2.0,-0.7746462,0.592909,0.00581,0.009485,True
OFF_m500,20-210,POS,3.0,-0.6303359,0.592909,0.00581,0.009485,True
OFF_m500,20-210,POS,4.0,-0.5176866,0.592909,0.00581,0.009485,True
OFF_m500,20-210,POS,5.0,-0.4223239,0.592909,0.00581,0.009485,True
OFF_m500,20-210,POS,6.0,-0.3057897,0.592909,0.00581,0.009485,True
OFF_m500,20-210,POS,7.0,-0.2156488,0.592909,0.00581,0.009485,True
OFF_m500,20-210,POS,8.0,-0.1349966,0.592909,0.00581,0.009485,True
OFF_m500,20-210,POS,9.0,-0.0655523,0.592909,0.00581,0.009485,True
OFF_m500,20-210,POS,10.0,-0.0050686,0.592909,0.00581,0.009485,True
OFF_m500,20-210,POS,11.0,0.0484797,0.592909,0.00581,0.009485,False
OFF_m500,20-210,POS,12.0,0.095275,0.592909,0.00581,0.009485,False
OFF_m500,20-210,POS,13.0,0.1347129,0.592909,0.00581,0.009485,False
OFF_m500,20-210,POS,14.0,0.1666404,0.592909,0.00581,0.009485,False
OFF_m500,20-210,POS,15.0,0.1916256,0.592909,0.00581,0.009485,False
OFF_m500,20-210,POS,16.0,0.2143209,0.592909,0.00581,0.009485,False
OFF_m500,20-210,POS,17.0,0.2262542,0.592909,0.00581,0.009485,False
OFF_m500,20-210,POS,18.0,0.2329188,0.592909,0.00581,0.009485,False
OFF_m500,20-210,POS,19.0,0.2346601,0.592909,0.00581,0.009485,False
OFF_m500,20-210,POS,20.0,0.2320118,0.592909,0.00581,0.009485,False
OFF_m500,20-210,POS,21.0,0.2255897,0.592909,0.00581,0.009485,False
OFF_m500,20-210,POS,22.0,0.2159747,0.592909,0.00581,0.009485,False
OFF_m500,20-210,POS,23.0,0.2036113,0.592909,0.00581,0.009485,False
OFF_m500,20-210,POS,24.0,0.1888614,0.592909,0.00581,0.009485,False
OFF_m500,20-210,POS,25.0,0.1721662,0.592909,0.00581,0.009485,False
OFF_m500,20-210,POS,26.0,0.1540359,0.592909,0.00581,0.009485,False
OFF_m500,20-210,POS,27.0,0.1300437,0.592909,0.00581,0.009485,False
OFF_m500,20-210,POS,28.0,0.1102878,0.592909,0.00581,0.009485,False
OFF_m500,20-210,POS,29.0,0.0904424,0.592909,0.00581,0.009485,False
OFF_m500,20-210,POS,30.0,0.0707721,0.592909,0.00581,0.009485,False
OFF_m500,20-210,POS,31.0,0.0514992,0.592909,0.00581,0.009485,False
OFF_m500,20-210,POS,32.0,0.0329282,0.592909,0.00581,0.009485,False
OFF_m500,20-210,POS,33.0,0.0153873,0.592909,0.00581,0.009485,False
OFF_m500,20-210,POS,34.0,-0.0008972,0.592909,0.00581,0.009485,False
OFF_m500,20-210,POS,35.0,-0.0158163,0.592909,0.00581,0.009485,False
OFF_m500,20-210,POS,36.0,-0.0293313,0.592909,0.00581,0.009485,False
OFF_m500,20-210,POS,37.0,-0.0441816,0.592909,0.00581,0.009485,False
OFF_m500,20-210,POS,38.0,-0.0542638,0.592909,0.00581,0.009485,False
OFF_m500,20-210,POS,39.0,-0.0625924,0.592909,0.00581,0.009485,False
OFF_m500,20-210,POS,40.0,-0.0692004,0.592909,0.00581,0.009485,False
OFF_m500,20-210,POS,41.0,-0.0742581,0.592909,0.00581,0.009485,False
OFF_m500,20-210,POS,42.0,-0.07787,0.592909,0.00581,0.009485,False
OFF_m500,20-210,POS,43.0,-0.0800209,0.592909,0.00581,0.009485,False
OFF_m500,20-210,POS,44.0,-0.0807071,0.592909,0.00581,0.009485,False
OFF_m500,20-210,POS,45.0,-0.0800254,0.592909,0.00581,0.009485,False
OFF_m500,20-210,POS,46.0,-0.0781512,0.592909,0.00581,0.009485,False
OFF_m500,20-210,POS,47.0,-0.0744148,0.592909,0.00581,0.009485,False
OFF_m500,20-210,POS,48.0,-0.0704577,0.592909,0.00581,0.009485,False
OFF_m500,20-210,POS,49.0,-0.0656962,0.592909,0.00581,0.009485,False
OFF_m500,20-210,POS,50.0,-0.0602257,0.592909,0.00581,0.009485,False
OFF_m500,20-210,NEG,-10.0,0.0118019,0.592909,0.00581,0.009485,True
OFF_m500,20-210,NEG,-9.756,0.0262679,0.592909,0.00581,0.009485,True
OFF_m500,20-210,NEG,-9.512,0.0411716,0.592909,0.00581,0.009485,True
OFF_m500,20-210,NEG,-9.268,0.0565428,0.592909,0.00581,0.009485,True
OFF_m500,20-210,NEG,-9.024,0.0724197,0.592909,0.00581,0.009485,True
OFF_m500,20-210,NEG,-8.78,0.0888472,0.592909,0.00581,0.009485,True
OFF_m500,20-210,NEG,-8.536,0.1058731,0.592909,0.00581,0.009485,True
OFF_m500,20-210,NEG,-8.292,0.1235445,0.592909,0.00581,0.009485,True
OFF_m500,20-210,NEG,-8.048,0.1419015,0.592909,0.00581,0.009485,True
OFF_m500,20-210,NEG,-7.804,0.1609728,0.592909,0.00581,0.009485,True
OFF_m500,20-210,NEG,-7.56,0.1807688,0.592909,0.00581,0.009485,True
OFF_m500,20-210,NEG,-7.316,0.201278,0.592909,0.00581,0.009485,True
OFF_m500,20-210,NEG,-7.072,0.2224629,0.592909,0.00581,0.009485,True
OFF_m500,20-210,NEG,-6.828,0.2442591,0.592909,0.00581,0.009485,True
OFF_m500,20-210,NEG,-6.584,0.2665772,0.592909,0.00581,0.009485,True
OFF_m500,20-210,NEG,-6.34,0.2893075,0.592909,0.00581,0.009485,True
OFF_m500,20-210,NEG,-6.096,0.3123279,0.592909,0.00581,0.009485,True
OFF_m500,20-210,NEG,-5.852,0.3355152,0.592909,0.00581,0.009485,True
OFF_m500,20-210,NEG,-5.608,0.358759,0.592909,0.00581,0.009485,True
OFF_m500,20-210,NEG,-5.364,0.3819767,0.592909,0.00581,0.009485,True
OFF_m500,20-210,NEG,-5.12,0.4051292,0.592909,0.00581,0.009485,True
OFF_m500,20-210,NEG,-4.876,0.4282346,0.592909,0.00581,0.009485,True
OFF_m500,20-210,NEG,-4.632,0.4513797,0.592909,0.00581,0.009485,True
OFF_m500,20-210,NEG,-4.388,0.4747248,0.592909,0.00581,0.009485,True
OFF_m500,20-210,NEG,-4.144,0.4985033,0.592909,0.00581,0.009485,True
OFF_m500,20-210,NEG,-3.9,0.5230117,0.592909,0.00581,0.009485,True
OFF_m500,20-210,NEG,-3.656,0.5485905,0.592909,0.00581,0.009485,True
OFF_m500,20-210,NEG,-3.412,0.5755959,0.592909,0.00581,0.009485,True
OFF_m500,20-210,NEG,-3.168,0.6043619,0.592909,0.00581,0.009485,True
OFF_m500,20-210,NEG,-2.924,0.6351556,0.592909,0.00581,0.009485,True
OFF_m500,20-210,NEG,-2.68,0.6681279,0.592909,0.00581,0.009485,True
OFF_m500,20-210,NEG,-2.436,0.7032627,0.592909,0.00581,0.009485,True
OFF_m500,20-210,NEG,-2.192,0.7403309,0.592909,0.00581,0.009485,True
OFF_m500,20-210,NEG,-1.948,0.7788525,0.592909,0.00581,0.009485,True
OFF_m500,20-210,NEG,-1.704,0.8180732,0.592909,0.00581,0.009485,True
OFF_m500,20-210,NEG,-1.46,0.8569602,0.592909,0.00581,0.009485,True
OFF_m500,20-210,NEG,-1.216,0.8942197,0.592909,0.00581,0.009485,True
OFF_m500,20-210,NEG,-0.972,0.9283405,0.592909,0.00581,0.009485,True
OFF_m500,20-210,NEG,-0.728,0.9576612,0.592909,0.00581,0.009485,True
OFF_m500,20-210,NEG,-0.484,0.9804602,0.592909,0.00581,0.009485,True
OFF_m500,20-210,NEG,-0.24,0.9950624,0.592909,0.00581,0.009485,True
OFF_m500,20-210,NEG,0.004,0.999955,0.592909,0.00581,0.009485,True
OFF_m500,20-210,NEG,0.248,0.9942093,0.592909,0.00581,0.009485,True
OFF_m500,20-210,NEG,0.492,0.9788509,0.592909,0.00581,0.009485,True
OFF_m500,20-210,NEG,0.736,0.955396,0.592909,0.00581,0.009485,True
OFF_m500,20-210,NEG,0.98,0.9255185,0.592909,0.00581,0.009485,True
OFF_m500,20-210,NEG,1.224,0.8909351,0.592909,0.00581,0.009485,True
OFF_m500,20-210,NEG,1.468,0.8532984,0.592909,0.00581,0.009485,True
OFF_m500,20-210,NEG,1.712,0.8141085,0.592909,0.00581,0.009485,True
OFF_m500,20-210,NEG,1.956,0.7746462,0.592909,0.00581,0.009485,True
OFF_m500,20-210,NEG,2.2,0.7359309,0.592909,0.00581,0.009485,True
OFF_m500,20-210,NEG,2.444,0.6987037,0.592909,0.00581,0.009485,True
OFF_m500,20-210,NEG,2.688,0.6634324,0.592909,0.00581,0.009485,True
OFF_m500,20-210,NEG,2.932,0.6303359,0.592909,0.00581,0.009485,True
OFF_m500,20-210,NEG,3.176,0.5994218,0.592909,0.00581,0.009485,True
OFF_m500,20-210,NEG,3.42,0.5705335,0.592909,0.00581,0.009485,True
OFF_m500,20-210,NEG,3.664,0.5434003,0.592909,0.00581,0.009485,True
OFF_m500,20-210,NEG,3.908,0.5176866,0.592909,0.00581,0.009485,True
OFF_m500,20-210,NEG,4.152,0.4930365,0.592909,0.00581,0.009485,True
OFF_m500,20-210,NEG,4.396,0.4691114,0.592909,0.00581,0.009485,True
OFF_m500,20-210,NEG,4.64,0.4456172,0.592909,0.00581,0.009485,True
OFF_m500,20-210,NEG,4.884,0.4223239,0.592909,0.00581,0.009485,True
OFF_m500,20-210,NEG,5.128,0.3990743,0.592909,0.00581,0.009485,True
OFF_m500,20-210,NEG,5.372,0.3757847,0.592909,0.00581,0.009485,True
OFF_m500,20-210,NEG,5.616,0.3524395,0.592909,0.00581,0.009485,True
OFF_m500,20-210,NEG,5.86,0.3290799,0.592909,0.00581,0.009485,True
OFF_m500,20-210,NEG,6.104,0.3057897,0.592909,0.00581,0.009485,True
OFF_m500,20-210,NEG,6.348,0.2826803,0.592909,0.00581,0.009485,True
OFF_m500,20-210,NEG,6.592,0.2598746,0.592909,0.00581,0.009485,True
OFF_m500,20-210,NEG,6.836,0.2374944,0.592909,0.00581,0.009485,True
OFF_m500,20-210,NEG,7.08,0.2156488,0.592909,0.00581,0.009485,True
OFF_m500,20-210,NEG,7.324,0.1944263,0.592909,0.00581,0.009485,True
OFF_m500,20-210,NEG,7.568,0.1738901,0.592909,0.00581,0.009485,True
OFF_m500,20-210,NEG,7.812,0.1540766,0.592909,0.00581,0.009485,True
OFF_m500,20-210,NEG,8.056,0.1349966,0.592909,0.00581,0.009485,True
OFF_m500,20-210,NEG,8.3,0.1166387,0.592909,0.00581,0.009485,True
OFF_m500,20-210,NEG,8.544,0.0989736,0.592909,0.00581,0.009485,True
OFF_m500,20-210,NEG,8.788,0.0819606,0.592909,0.00581,0.009485,True
OFF_m500,20-210,NEG,9.032,0.0655523,0.592909,0.00581,0.009485,True
OFF_m500,20-210,NEG,9.276,0.0497004,0.592909,0.00581,0.009485,True
OFF_m500,20-210,NEG,9.52,0.03436,0.592909,0.00581,0.009485,True
OFF_m500,20-210,NEG,9.764,0.0194927,0.592909,0.00581,0.009485,True
OFF_m500,20-210,NEG,10.008,0.0050686,0.592909,0.00581,0.009485,True
